id,warehouse_id,location_id,product_main_code,product_id/id,product_min_qty,product_uom,product_max_qty
count_feb2016_mhc1_1,สำเร็จรูป มหาชัย,FG มหาชัย,291187,product_291187,50000,เล่ม,0
count_feb2016_mhc1_2,สำเร็จรูป มหาชัย,FG มหาชัย,N-TS-NO4NL,product_N-TS-NO4NL,20000,เล่ม,0
count_feb2016_mhc1_3,สำเร็จรูป มหาชัย,FG มหาชัย,1184980,product_1184980,40000,เล่ม,0
count_feb2016_mhc1_4,สำเร็จรูป มหาชัย,FG มหาชัย,2012644,product_2012644,1500,เล่ม,0
count_feb2016_mhc1_5,สำเร็จรูป มหาชัย,FG มหาชัย,2012645,product_2012645,5000,เล่ม,0
count_feb2016_mhc1_6,สำเร็จรูป มหาชัย,FG มหาชัย,N-TS-A70NL,product_N-TS-A70NL,1000,เล่ม,0
count_feb2016_mhc1_7,สำเร็จรูป มหาชัย,FG มหาชัย,268309,product_268309,12000,เล่ม,0
count_feb2016_mhc1_8,สำเร็จรูป มหาชัย,FG มหาชัย,N-TS-A90L,product_N-TS-A90L,4500,เล่ม,0
count_feb2016_mhc1_9,สำเร็จรูป มหาชัย,FG มหาชัย,N-TS-AA100NL,product_N-TS-AA100NL,4500,เล่ม,0
count_feb2016_mhc1_10,สำเร็จรูป มหาชัย,FG มหาชัย,103105,product_103105,150000,เล่ม,0
count_feb2016_mhc1_11,สำเร็จรูป มหาชัย,FG มหาชัย,2800542,product_2800542,100,เล่ม,0
count_feb2016_mhc1_12,สำเร็จรูป มหาชัย,FG มหาชัย,2249452,product_2249452,300,เล่ม,0
count_feb2016_mhc1_13,สำเร็จรูป มหาชัย,FG มหาชัย,2525970,product_2525970,2000,เล่ม,0
count_feb2016_mhc1_14,สำเร็จรูป มหาชัย,FG มหาชัย,1244402,product_1244402,400,เล่ม,0
count_feb2016_mhc1_15,สำเร็จรูป มหาชัย,FG มหาชัย,2525972,product_2525972,0,เล่ม,0
count_feb2016_mhc1_16,สำเร็จรูป มหาชัย,FG มหาชัย,2525974,product_2525974,0,เล่ม,0
count_feb2016_mhc1_17,สำเร็จรูป มหาชัย,FG มหาชัย,2800529,product_2800529,1500,เล่ม,0
count_feb2016_mhc1_18,สำเร็จรูป มหาชัย,FG มหาชัย,268335,product_268335,2000,เล่ม,0
count_feb2016_mhc1_19,สำเร็จรูป มหาชัย,FG มหาชัย,1802343,product_1802343,1200,เล่ม,0
count_feb2016_mhc1_20,สำเร็จรูป มหาชัย,FG มหาชัย,2800546,product_2800546,1200,เล่ม,0
count_feb2016_mhc1_21,สำเร็จรูป มหาชัย,FG มหาชัย,N-MIS-VE924,product_N-MIS-VE924,7000,เล่ม,0
count_feb2016_mhc1_22,สำเร็จรูป มหาชัย,FG มหาชัย,N-MIS-DW930,product_N-MIS-DW930,5000,เล่ม,0
count_feb2016_mhc1_23,สำเร็จรูป มหาชัย,FG มหาชัย,1184979,product_1184979,3000,เล่ม,0
count_feb2016_mhc1_24,สำเร็จรูป มหาชัย,FG มหาชัย,N-HVT-70G5100A,product_N-HVT-70G5100A,3500,เล่ม,0
count_feb2016_mhc1_25,สำเร็จรูป มหาชัย,FG มหาชัย,2800544,product_2800544,2000,เล่ม,0
count_feb2016_mhc1_26,สำเร็จรูป มหาชัย,FG มหาชัย,N-HVB-51007,product_N-HVB-51007,12000,เล่ม,0
count_feb2016_mhc1_27,สำเร็จรูป มหาชัย,FG มหาชัย,1802555,product_1802555,2772,เล่ม,0
count_feb2016_mhc1_28,สำเร็จรูป มหาชัย,FG มหาชัย,1534566,product_1534566,4000,เล่ม,0
count_feb2016_mhc1_29,สำเร็จรูป มหาชัย,FG มหาชัย,2800543,product_2800543,0,เล่ม,0
count_feb2016_mhc1_30,สำเร็จรูป มหาชัย,FG มหาชัย,2011923,product_2011923,1200,เล่ม,0
count_feb2016_mhc1_31,สำเร็จรูป มหาชัย,FG มหาชัย,2241339,product_2241339,800,เล่ม,0
count_feb2016_mhc1_32,สำเร็จรูป มหาชัย,FG มหาชัย,2800539,product_2800539,1500,เล่ม,0
count_feb2016_mhc1_33,สำเร็จรูป มหาชัย,FG มหาชัย,2800538,product_2800538,600,เล่ม,0
count_feb2016_mhc1_34,สำเร็จรูป มหาชัย,FG มหาชัย,2800545,product_2800545,300,เล่ม,0
count_feb2016_mhc1_35,สำเร็จรูป มหาชัย,FG มหาชัย,1207523,product_1207523,8000,เล่ม,0
count_feb2016_mhc1_36,สำเร็จรูป มหาชัย,FG มหาชัย,56875,product_56875,5000,เล่ม,0
count_feb2016_mhc1_37,สำเร็จรูป มหาชัย,FG มหาชัย,N-BL-260,product_N-BL-260,2000,เล่ม,0
count_feb2016_mhc1_38,สำเร็จรูป มหาชัย,FG มหาชัย,N-BL-270,product_N-BL-270,4000,เล่ม,0
count_feb2016_mhc1_39,สำเร็จรูป มหาชัย,FG มหาชัย,106700,product_106700,18000,เล่ม,0
count_feb2016_mhc1_40,สำเร็จรูป มหาชัย,FG มหาชัย,N-BL-280,product_N-BL-280,1500,เล่ม,0
count_feb2016_mhc1_41,สำเร็จรูป มหาชัย,FG มหาชัย,4196508,__export__.product_product_7681,2500,เล่ม,0
count_feb2016_mhc1_42,สำเร็จรูป มหาชัย,FG มหาชัย,2321224,product_2321224,700,เล่ม,0
count_feb2016_mhc1_43,สำเร็จรูป มหาชัย,FG มหาชัย,2800541,product_2800541,600,เล่ม,0
count_feb2016_mhc1_44,สำเร็จรูป มหาชัย,FG มหาชัย,2249447,product_2249447,800,เล่ม,0
count_feb2016_mhc1_45,สำเร็จรูป มหาชัย,FG มหาชัย,1908008,product_1908008,1000,เล่ม,0
count_feb2016_mhc1_46,สำเร็จรูป มหาชัย,FG มหาชัย,1726869,product_1726869,400,เล่ม,0
count_feb2016_mhc1_47,สำเร็จรูป มหาชัย,FG มหาชัย,2800540,product_2800540,200,เล่ม,0
count_feb2016_mhc1_48,สำเร็จรูป มหาชัย,FG มหาชัย,1908007,product_1908007,1000,เล่ม,0
count_feb2016_mhc1_49,สำเร็จรูป มหาชัย,FG มหาชัย,159000,product_159000,20000,เล่ม,0
count_feb2016_mhc1_50,สำเร็จรูป มหาชัย,FG มหาชัย,N-EF5,product_N-EF5,30000,เล่ม,0
count_feb2016_mhc1_51,สำเร็จรูป มหาชัย,FG มหาชัย,N-EF10,product_N-EF10,75933,เล่ม,0
count_feb2016_mhc1_52,สำเร็จรูป มหาชัย,FG มหาชัย,159001,product_159001,10000,เล่ม,0
count_feb2016_mhc1_53,สำเร็จรูป มหาชัย,FG มหาชัย,159004,product_159004,10000,เล่ม,0
count_feb2016_mhc1_54,สำเร็จรูป มหาชัย,FG มหาชัย,N-EF20,product_N-EF20,10000,เล่ม,0
count_feb2016_mhc1_55,สำเร็จรูป มหาชัย,FG มหาชัย,N-F8306,product_N-F8306,1500,เล่ม,0
count_feb2016_mhc1_56,สำเร็จรูป มหาชัย,FG มหาชัย,N-F9100,product_N-F9100,3500,เล่ม,0
count_feb2016_mhc1_57,สำเร็จรูป มหาชัย,FG มหาชัย,N-F920,product_N-F920,50000,เล่ม,0
count_feb2016_mhc1_58,สำเร็จรูป มหาชัย,FG มหาชัย,159002,product_159002,8000,เล่ม,0
count_feb2016_mhc1_59,สำเร็จรูป มหาชัย,FG มหาชัย,N-F940,product_N-F940,40000,เล่ม,0
count_feb2016_mhc1_60,สำเร็จรูป มหาชัย,FG มหาชัย,209768,product_209768,12000,เล่ม,0
count_feb2016_mhc1_61,สำเร็จรูป มหาชัย,FG มหาชัย,268691,product_268691,10000,เล่ม,0
count_feb2016_mhc1_62,สำเร็จรูป มหาชัย,FG มหาชัย,N-F950,product_N-F950,35000,เล่ม,0
count_feb2016_mhc1_63,สำเร็จรูป มหาชัย,FG มหาชัย,949949,product_949949,10000,เล่ม,0
count_feb2016_mhc1_64,สำเร็จรูป มหาชัย,FG มหาชัย,1643087,product_1643087,5000,เล่ม,0
count_feb2016_mhc1_65,สำเร็จรูป มหาชัย,FG มหาชัย,N-F960,product_N-F960,13000,เล่ม,0
count_feb2016_mhc1_66,สำเร็จรูป มหาชัย,FG มหาชัย,268693,product_268693,10000,เล่ม,0
count_feb2016_mhc1_67,สำเร็จรูป มหาชัย,FG มหาชัย,1300369,product_1300369,2000,เล่ม,0
count_feb2016_mhc1_68,สำเร็จรูป มหาชัย,FG มหาชัย,1451547,product_1451547,720,เล่ม,0
count_feb2016_mhc1_69,สำเร็จรูป มหาชัย,FG มหาชัย,N-F980,product_N-F980,22000,เล่ม,0
count_feb2016_mhc1_70,สำเร็จรูป มหาชัย,FG มหาชัย,159003,product_159003,5000,เล่ม,0
count_feb2016_mhc1_71,สำเร็จรูป มหาชัย,FG มหาชัย,N-F8307,product_N-F8307,1200,เล่ม,0
count_feb2016_mhc1_72,สำเร็จรูป มหาชัย,FG มหาชัย,143722,product_143722,3000,เล่ม,0
count_feb2016_mhc1_73,สำเร็จรูป มหาชัย,FG มหาชัย,1451543,product_1451543,3000,เล่ม,0
count_feb2016_mhc1_74,สำเร็จรูป มหาชัย,FG มหาชัย,708067,product_708067,2000,เล่ม,0
count_feb2016_mhc1_75,สำเร็จรูป มหาชัย,FG มหาชัย,846309,product_846309,15000,เล่ม,0
count_feb2016_mhc1_76,สำเร็จรูป มหาชัย,FG มหาชัย,N-NV-M-A5407,product_N-NV-M-A5407,3000,เล่ม,0
count_feb2016_mhc1_77,สำเร็จรูป มหาชัย,FG มหาชัย,2800535,product_2800535,1500,เล่ม,0
count_feb2016_mhc1_78,สำเร็จรูป มหาชัย,FG มหาชัย,N-NV-M-8607,product_N-NV-M-8607,1000,เล่ม,0
count_feb2016_mhc1_79,สำเร็จรูป มหาชัย,FG มหาชัย,2800537,product_2800537,1500,เล่ม,0
count_feb2016_mhc1_80,สำเร็จรูป มหาชัย,FG มหาชัย,1451548,product_1451548,600,เล่ม,0
count_feb2016_mhc1_81,สำเร็จรูป มหาชัย,FG มหาชัย,2800534,product_2800534,500,เล่ม,0
count_feb2016_mhc1_82,สำเร็จรูป มหาชัย,FG มหาชัย,N-DWF8407,product_N-DWF8407,1500,เล่ม,0
count_feb2016_mhc1_83,สำเร็จรูป มหาชัย,FG มหาชัย,N-TD-9100,product_N-TD-9100,4500,เล่ม,0
count_feb2016_mhc1_84,สำเร็จรูป มหาชัย,FG มหาชัย,N-TD-930,product_N-TD-930,15000,เล่ม,0
count_feb2016_mhc1_85,สำเร็จรูป มหาชัย,FG มหาชัย,1184977,product_1184977,50000,เล่ม,0
count_feb2016_mhc1_86,สำเร็จรูป มหาชัย,FG มหาชัย,N-TD-936,product_N-TD-936,1500,เล่ม,0
count_feb2016_mhc1_87,สำเร็จรูป มหาชัย,FG มหาชัย,N-TD-940,product_N-TD-940,4500,เล่ม,0
count_feb2016_mhc1_88,สำเร็จรูป มหาชัย,FG มหาชัย,958958,product_958958,20000,เล่ม,0
count_feb2016_mhc1_89,สำเร็จรูป มหาชัย,FG มหาชัย,N-TD-970,product_N-TD-970,4000,เล่ม,0
count_feb2016_mhc1_90,สำเร็จรูป มหาชัย,FG มหาชัย,103106,product_103106,15000,เล่ม,0
count_feb2016_mhc1_91,สำเร็จรูป มหาชัย,FG มหาชัย,1184820,product_1184820,5000,เล่ม,0
count_feb2016_mhc1_92,สำเร็จรูป มหาชัย,FG มหาชัย,N-D-810VE,product_N-D-810VE,2500,เล่ม,0
count_feb2016_mhc1_93,สำเร็จรูป มหาชัย,FG มหาชัย,769769,product_769769,10000,เล่ม,0
count_feb2016_mhc1_94,สำเร็จรูป มหาชัย,FG มหาชัย,N-D-410VE,product_N-D-410VE,1000,เล่ม,0
count_feb2016_mhc1_95,สำเร็จรูป มหาชัย,FG มหาชัย,768768,product_768768,10000,เล่ม,0
count_feb2016_mhc1_96,สำเร็จรูป มหาชัย,FG มหาชัย,1911581,product_1911581,12000,เล่ม,0
count_feb2016_mhc1_97,สำเร็จรูป มหาชัย,FG มหาชัย,1911582,product_1911582,3500,เล่ม,0
count_feb2016_mhc1_98,สำเร็จรูป มหาชัย,FG มหาชัย,103098,product_103098,100000,เล่ม,0
count_feb2016_mhc1_99,สำเร็จรูป มหาชัย,FG มหาชัย,137677,product_137677,3000,เล่ม,0
count_feb2016_mhc1_100,สำเร็จรูป มหาชัย,FG มหาชัย,103104,product_103104,6000,เล่ม,0
count_feb2016_mhc1_101,สำเร็จรูป มหาชัย,FG มหาชัย,124006,product_124006,15000,เล่ม,0
count_feb2016_mhc1_102,สำเร็จรูป มหาชัย,FG มหาชัย,192476,product_192476,12000,เล่ม,0
count_feb2016_mhc1_103,สำเร็จรูป มหาชัย,FG มหาชัย,114236,product_114236,2500,เล่ม,0
count_feb2016_mhc1_104,สำเร็จรูป มหาชัย,FG มหาชัย,114253,product_114253,30,เล่ม,0
count_feb2016_mhc1_105,สำเร็จรูป มหาชัย,FG มหาชัย,312649,product_176509,7000,เล่ม,0
count_feb2016_mhc1_106,สำเร็จรูป มหาชัย,FG มหาชัย,312650,product_176510,2000,เล่ม,0
count_feb2016_mhc1_107,สำเร็จรูป มหาชัย,FG มหาชัย,2800087,product_2800087,0,เล่ม,0
count_feb2016_mhc1_108,สำเร็จรูป มหาชัย,FG มหาชัย,1127131,product_1127131,6000,เล่ม,0
count_feb2016_mhc1_109,สำเร็จรูป มหาชัย,FG มหาชัย,1127176,product_1127176,6000,เล่ม,0
count_feb2016_mhc1_110,สำเร็จรูป มหาชัย,FG มหาชัย,708067,product_708067,2000,เล่ม,0
count_feb2016_mhc1_111,สำเร็จรูป มหาชัย,FG มหาชัย,1164684,product_1164684,1080,เล่ม,0
count_feb2016_mhc1_112,สำเร็จรูป มหาชัย,FG มหาชัย,1812974,product_1812974,3000,เล่ม,0
count_feb2016_mhc1_113,สำเร็จรูป มหาชัย,FG มหาชัย,1451544,product_1451544,2500,เล่ม,0
count_feb2016_mhc1_114,สำเร็จรูป มหาชัย,FG มหาชัย,1184978,product_1184978,40000,เล่ม,0
count_feb2016_mhc1_115,สำเร็จรูป มหาชัย,FG มหาชัย,1918591,product_1918591,6000,เล่ม,0
count_feb2016_mhc1_116,สำเร็จรูป มหาชัย,FG มหาชัย,1802561,product_1802561,1200,เล่ม,0
count_feb2016_mhc1_117,สำเร็จรูป มหาชัย,FG มหาชัย,2800530,product_2800530,7000,เล่ม,0
count_feb2016_mhc1_118,สำเร็จรูป มหาชัย,FG มหาชัย,2800531,product_2800531,3000,เล่ม,0
count_feb2016_mhc1_119,สำเร็จรูป มหาชัย,FG มหาชัย,2800532,product_2800532,1500,เล่ม,0
count_feb2016_mhc1_120,สำเร็จรูป มหาชัย,FG มหาชัย,2800533,product_2800533,1200,เล่ม,0
count_feb2016_mhc1_121,สำเร็จรูป มหาชัย,FG มหาชัย,2800547,product_2800547,600,เล่ม,0
count_feb2016_mhc1_122,สำเร็จรูป มหาชัย,FG มหาชัย,2800548,product_2800548,600,เล่ม,0
count_feb2016_mhc1_123,สำเร็จรูป มหาชัย,FG มหาชัย,2800710,product_2800710,0,เล่ม,0
count_feb2016_mhc1_124,สำเร็จรูป มหาชัย,FG มหาชัย,2800549,product_2800549,2500,เล่ม,0
count_feb2016_mhc1_125,สำเร็จรูป มหาชัย,FG มหาชัย,1993315,product_1993315,50000,เล่ม,0
count_feb2016_mhc1_126,สำเร็จรูป มหาชัย,FG มหาชัย,2800551,product_2800551,2500,เล่ม,0
count_feb2016_mhc1_127,สำเร็จรูป มหาชัย,FG มหาชัย,2800552,product_2800552,3000,เล่ม,0
count_feb2016_mhc1_128,สำเร็จรูป มหาชัย,FG มหาชัย,2526054,product_2526054,0,เล่ม,0
count_feb2016_mhc1_129,สำเร็จรูป มหาชัย,FG มหาชัย,2767605,product_2767605,25000,เล่ม,0
count_feb2016_mhc1_130,สำเร็จรูป มหาชัย,FG มหาชัย,1245065,product_1245065,1500,เล่ม,0
count_feb2016_mhc1_131,สำเร็จรูป มหาชัย,FG มหาชัย,2188812,product_2188812,0,เล่ม,0
count_feb2016_mhc1_132,สำเร็จรูป มหาชัย,FG มหาชัย,1868860,product_1868860,12,เล่ม,0
count_feb2016_mhc1_133,สำเร็จรูป มหาชัย,FG มหาชัย,1534821,product_1534821,400,เล่ม,0
count_feb2016_mhc1_134,สำเร็จรูป มหาชัย,FG มหาชัย,2186434,product_2186434,1500,เล่ม,0
count_feb2016_mhc1_135,สำเร็จรูป มหาชัย,FG มหาชัย,2800528,product_2800528,3000,เล่ม,0
count_feb2016_mhc1_136,สำเร็จรูป มหาชัย,FG มหาชัย,1802560,product_1802560,2500,เล่ม,0
count_feb2016_mhc1_137,สำเร็จรูป มหาชัย,FG มหาชัย,261442,product_261442,6000,เล่ม,0
count_feb2016_mhc1_138,สำเร็จรูป มหาชัย,FG มหาชัย,1908011,product_1908011,0,เล่ม,0
count_feb2016_mhc1_139,สำเร็จรูป มหาชัย,FG มหาชัย,1127130,product_1127130,4000,เล่ม,0
count_feb2016_mhc1_140,สำเร็จรูป มหาชัย,FG มหาชัย,1127175,product_1127175,2000,เล่ม,0
count_feb2016_mhc1_141,สำเร็จรูป มหาชัย,FG มหาชัย,3168615,product_3168615,0,เล่ม,0
count_feb2016_mhc1_142,สำเร็จรูป มหาชัย,FG มหาชัย,3168609,product_3168609,1500,เล่ม,0
count_feb2016_mhc1_143,สำเร็จรูป มหาชัย,FG มหาชัย,1534561,product_1534561,3500,เล่ม,0
count_feb2016_mhc1_144,สำเร็จรูป มหาชัย,FG มหาชัย,1534565,product_1534565,1000,เล่ม,0
count_feb2016_mhc1_145,สำเร็จรูป มหาชัย,FG มหาชัย,2186436,product_2186436,1000,เล่ม,0
count_feb2016_mhc1_146,สำเร็จรูป มหาชัย,FG มหาชัย,N-SPT-G940,product_N-SPT-G940,20000,เล่ม,0
count_feb2016_mhc1_147,สำเร็จรูป มหาชัย,FG มหาชัย,N-SPT-G980,product_N-SPT-G980,15000,เล่ม,0
count_feb2016_mhc1_148,สำเร็จรูป มหาชัย,FG มหาชัย,N-SPT-5L940,product_N-SPT-5L940,50000,เล่ม,0
count_feb2016_mhc1_149,สำเร็จรูป มหาชัย,FG มหาชัย,N-SPT-5L980,product_N-SPT-5L980,25000,เล่ม,0
count_feb2016_mhc1_150,สำเร็จรูป มหาชัย,FG มหาชัย,N-SPT-S940,product_N-SPT-S940,400000,เล่ม,0
count_feb2016_mhc1_151,สำเร็จรูป มหาชัย,FG มหาชัย,N-SPT-H940,product_N-SPT-H940,60000,เล่ม,0
count_feb2016_mhc1_152,สำเร็จรูป มหาชัย,FG มหาชัย,N-SPT-S980,product_N-SPT-S980,200000,เล่ม,0
count_feb2016_mhc1_153,สำเร็จรูป มหาชัย,FG มหาชัย,N-SPT-H980,product_N-SPT-H980,25000,เล่ม,0
count_feb2016_mhc1_154,สำเร็จรูป มหาชัย,FG มหาชัย,192476,product_192476,12000,เล่ม,0
count_feb2016_mhc1_155,สำเร็จรูป มหาชัย,FG มหาชัย,192412,product_192412,11016,เล่ม,0
count_feb2016_mhc1_156,สำเร็จรูป มหาชัย,FG มหาชัย,N-SPT-G60G940,product_N-SPT-G60G940,2500,เล่ม,0
count_feb2016_mhc1_157,สำเร็จรูป มหาชัย,FG มหาชัย,N-SPT-G60G980,product_N-SPT-G60G980,1500,เล่ม,0
count_feb2016_mhc1_158,สำเร็จรูป มหาชัย,FG มหาชัย,N-SPT-5L60G940,product_N-SPT-5L60G940,4000,เล่ม,0
count_feb2016_mhc1_159,สำเร็จรูป มหาชัย,FG มหาชัย,N-SPT-5L60G980,product_N-SPT-5L60G980,2000,เล่ม,0
count_feb2016_mhc1_160,สำเร็จรูป มหาชัย,FG มหาชัย,N-SPT-S60G940,product_N-SPT-S60G940,25000,เล่ม,0
count_feb2016_mhc1_161,สำเร็จรูป มหาชัย,FG มหาชัย,N-SPT-H60G940,product_N-SPT-H60G940,5000,เล่ม,0
count_feb2016_mhc1_162,สำเร็จรูป มหาชัย,FG มหาชัย,N-SPT-S60G980,product_N-SPT-S60G980,6000,เล่ม,0
count_feb2016_mhc1_163,สำเร็จรูป มหาชัย,FG มหาชัย,N-SPT-H60G980,product_N-SPT-H60G980,1500,เล่ม,0
count_feb2016_mhc1_164,สำเร็จรูป มหาชัย,FG มหาชัย,N-GNB-B5406,product_N-GNB-B5406,60,เล่ม,0
count_feb2016_mhc1_165,สำเร็จรูป มหาชัย,FG มหาชัย,N-GNB-B5307,product_N-GNB-B5307,400,เล่ม,0
count_feb2016_mhc1_166,สำเร็จรูป มหาชัย,FG มหาชัย,N-GNB-B5407,product_N-GNB-B5407,600,เล่ม,0
count_feb2016_mhc1_167,สำเร็จรูป มหาชัย,FG มหาชัย,3906590,__export__.product_product_7601,1000,เล่ม,0
count_feb2016_mhc1_168,สำเร็จรูป มหาชัย,FG มหาชัย,3906601,__export__.product_product_7602,500,เล่ม,0
count_feb2016_mhc1_169,สำเร็จรูป มหาชัย,FG มหาชัย,4401995,__export__.product_product_7745,500,เล่ม,0
count_feb2016_mhc1_170,สำเร็จรูป มหาชัย,FG มหาชัย,4401972,__export__.product_product_7743,1000,เล่ม,0
count_feb2016_mhc1_171,สำเร็จรูป มหาชัย,FG มหาชัย,4402032,__export__.product_product_7767,1000,เล่ม,0
count_feb2016_mhc1_172,สำเร็จรูป มหาชัย,FG มหาชัย,4402003,__export__.product_product_7746,400,เล่ม,0
count_feb2016_mhc1_173,สำเร็จรูป มหาชัย,FG มหาชัย,8851419008819,__export__.product_product_7961,50,เล่ม,0
count_feb2016_mhc1_174,สำเร็จรูป มหาชัย,FG มหาชัย,4395782,__export__.product_product_7742,5000,เล่ม,0
count_feb2016_mhc1_175,สำเร็จรูป มหาชัย,FG มหาชัย,4402026,__export__.product_product_7757,500,เล่ม,0
count_feb2016_mhc1_176,สำเร็จรูป มหาชัย,FG มหาชัย,4020875,__export__.product_product_7624,8000,เล่ม,0
count_feb2016_mhc1_177,สำเร็จรูป มหาชัย,FG มหาชัย,8857121670313,product_N-DW-P-810,2000,เล่ม,0
count_feb2016_mhc1_178,สำเร็จรูป มหาชัย,FG มหาชัย,8859070300082,product_N-DWF-B430120,200,เล่ม,0
count_feb2016_mhc1_179,สำเร็จรูป มหาชัย,FG มหาชัย,4889013,product_4889013,200,เล่ม,0
count_feb2016_mhc1_180,สำเร็จรูป มหาชัย,FG มหาชัย,4889015,product_4889015,120,เล่ม,0
count_feb2016_mhc1_181,สำเร็จรูป มหาชัย,FG มหาชัย,4401989,__export__.product_product_7744,1000,เล่ม,0
count_feb2016_mhc1_182,สำเร็จรูป มหาชัย,FG มหาชัย,2800639,product_2800639,33,เล่ม,0
count_feb2016_mhc1_183,สำเร็จรูป มหาชัย,FG มหาชัย,2800464,product_2800464,0,เล่ม,0
count_feb2016_mhc1_184,สำเร็จรูป มหาชัย,FG มหาชัย,3437977,product_3437977,12,เล่ม,0
count_feb2016_mhc1_185,สำเร็จรูป มหาชัย,FG มหาชัย,3438164,product_3438164,50,เล่ม,0
count_feb2016_mhc1_186,สำเร็จรูป มหาชัย,FG มหาชัย,2800720,product_2800720,0,เล่ม,0
count_feb2016_mhc1_187,สำเร็จรูป มหาชัย,FG มหาชัย,3443353,product_3443353,200,เล่ม,0
count_feb2016_mhc1_188,สำเร็จรูป มหาชัย,FG มหาชัย,3454449,product_3454449,100,เล่ม,0
count_feb2016_mhc1_189,สำเร็จรูป มหาชัย,FG มหาชัย,3454196,product_3454196,300,เล่ม,0
count_feb2016_mhc1_190,สำเร็จรูป มหาชัย,FG มหาชัย,2800632,product_2800632,0,เล่ม,0
count_feb2016_mhc1_191,สำเร็จรูป มหาชัย,FG มหาชัย,319834,__export__.product_product_8008,3000,เล่ม,0
count_feb2016_mhc1_192,สำเร็จรูป มหาชัย,FG มหาชัย,319835,__export__.product_product_8009,2000,เล่ม,0
count_feb2016_mhc1_193,สำเร็จรูป มหาชัย,FG มหาชัย,5200611,__export__.product_product_7656,10000,เล่ม,0
count_feb2016_mhc1_194,สำเร็จรูป มหาชัย,FG มหาชัย,8851419000288,__export__.product_product_7821,1000,เล่ม,0
count_feb2016_mhc1_195,สำเร็จรูป มหาชัย,FG มหาชัย,4528753,__export__.product_product_7811,0,เล่ม,0
count_feb2016_mhc1_196,สำเร็จรูป มหาชัย,FG มหาชัย,4402084,__export__.product_product_7762,2000,เล่ม,0
count_feb2016_mhc1_197,สำเร็จรูป มหาชัย,FG มหาชัย,4402090,__export__.product_product_7763,500,เล่ม,0
count_feb2016_mhc1_198,สำเร็จรูป มหาชัย,FG มหาชัย,4402101,__export__.product_product_7764,1500,เล่ม,0
count_feb2016_mhc1_199,สำเร็จรูป มหาชัย,FG มหาชัย,4402118,__export__.product_product_7765,1000,เล่ม,0
count_feb2016_mhc1_200,สำเร็จรูป มหาชัย,FG มหาชัย,4402124,__export__.product_product_7766,500,เล่ม,0
count_feb2016_mhc1_201,สำเร็จรูป มหาชัย,FG มหาชัย,4289303,__export__.product_product_7716,600,เล่ม,0
count_feb2016_mhc1_202,สำเร็จรูป มหาชัย,FG มหาชัย,4289318,__export__.product_product_7717,200,เล่ม,0
count_feb2016_mhc1_203,สำเร็จรูป มหาชัย,FG มหาชัย,4289326,__export__.product_product_7718,300,เล่ม,0
count_feb2016_mhc1_204,สำเร็จรูป มหาชัย,FG มหาชัย,4289332,__export__.product_product_7720,500,เล่ม,0
count_feb2016_mhc1_205,สำเร็จรูป มหาชัย,FG มหาชัย,4289349,__export__.product_product_7719,800,เล่ม,0
count_feb2016_mhc1_206,สำเร็จรูป มหาชัย,FG มหาชัย,3454173,product_3454173,3000,เล่ม,0
count_feb2016_mhc1_207,สำเร็จรูป มหาชัย,FG มหาชัย,3454357,product_3454357,3000,เล่ม,0
count_feb2016_mhc1_208,สำเร็จรูป มหาชัย,FG มหาชัย,4402049,__export__.product_product_7758,2000,เล่ม,0
count_feb2016_mhc1_209,สำเร็จรูป มหาชัย,FG มหาชัย,3454188,product_3454188,1500,เล่ม,0
count_feb2016_mhc1_210,สำเร็จรูป มหาชัย,FG มหาชัย,3454196,product_3454196,400,เล่ม,0
count_feb2016_mhc1_211,สำเร็จรูป มหาชัย,FG มหาชัย,3454207,product_3454207,1000,เล่ม,0
count_feb2016_mhc1_212,สำเร็จรูป มหาชัย,FG มหาชัย,3454426,product_3454426,500,เล่ม,0
count_feb2016_mhc1_213,สำเร็จรูป มหาชัย,FG มหาชัย,3454403,product_3454403,500,เล่ม,0
count_feb2016_mhc1_214,สำเร็จรูป มหาชัย,FG มหาชัย,3454213,product_3454213,500,เล่ม,0
count_feb2016_mhc1_215,สำเร็จรูป มหาชัย,FG มหาชัย,3454228,product_3454228,700,เล่ม,0
count_feb2016_mhc1_216,สำเร็จรูป มหาชัย,FG มหาชัย,3454236,product_3454236,3500,เล่ม,0
count_feb2016_mhc1_217,สำเร็จรูป มหาชัย,FG มหาชัย,4402055,__export__.product_product_7768,2000,เล่ม,0
count_feb2016_mhc1_218,สำเร็จรูป มหาชัย,FG มหาชัย,3454242,product_3454242,700,เล่ม,0
count_feb2016_mhc1_219,สำเร็จรูป มหาชัย,FG มหาชัย,3454363,product_3454363,500,เล่ม,0
count_feb2016_mhc1_220,สำเร็จรูป มหาชัย,FG มหาชัย,3454259,product_3454259,700,เล่ม,0
count_feb2016_mhc1_221,สำเร็จรูป มหาชัย,FG มหาชัย,3454378,product_3454378,600,เล่ม,0
count_feb2016_mhc1_222,สำเร็จรูป มหาชัย,FG มหาชัย,3454311,product_3454311,1000,เล่ม,0
count_feb2016_mhc1_223,สำเร็จรูป มหาชัย,FG มหาชัย,3454265,product_3454265,250,เล่ม,0
count_feb2016_mhc1_224,สำเร็จรูป มหาชัย,FG มหาชัย,3454271,product_3454271,500,เล่ม,0
count_feb2016_mhc1_225,สำเร็จรูป มหาชัย,FG มหาชัย,3454418,product_3454418,300,เล่ม,0
count_feb2016_mhc1_226,สำเร็จรูป มหาชัย,FG มหาชัย,3454288,product_3454288,1000,เล่ม,0
count_feb2016_mhc1_227,สำเร็จรูป มหาชัย,FG มหาชัย,3454392,product_3454392,1500,เล่ม,0
count_feb2016_mhc1_228,สำเร็จรูป มหาชัย,FG มหาชัย,4402078,__export__.product_product_7760,1200,เล่ม,0
count_feb2016_mhc1_229,สำเร็จรูป มหาชัย,FG มหาชัย,3454305,product_3454305,2000,เล่ม,0
count_feb2016_mhc1_230,สำเร็จรูป มหาชัย,FG มหาชัย,3454386,product_3454386,700,เล่ม,0
count_feb2016_mhc1_231,สำเร็จรูป มหาชัย,FG มหาชัย,3454328,product_3454328,300,เล่ม,0
count_feb2016_mhc1_232,สำเร็จรูป มหาชัย,FG มหาชัย,3454334,product_3454334,500,เล่ม,0
count_feb2016_mhc1_233,สำเร็จรูป มหาชัย,FG มหาชัย,3454340,product_3454340,400,เล่ม,0
count_feb2016_mhc1_234,สำเร็จรูป มหาชัย,FG มหาชัย,3454432,product_3454432,1500,เล่ม,0
count_feb2016_mhc1_235,สำเร็จรูป มหาชัย,FG มหาชัย,3454449,product_3454449,100,เล่ม,0
count_feb2016_mhc1_236,สำเร็จรูป มหาชัย,FG มหาชัย,4402061,__export__.product_product_7759,1500,เล่ม,0
count_feb2016_mhc1_237,สำเร็จรูป มหาชัย,FG มหาชัย,4020875,__export__.product_product_7624,8000,เล่ม,0
count_feb2016_mhc1_238,สำเร็จรูป มหาชัย,FG มหาชัย,95056,product_95056,1000,ห่อ,0
count_feb2016_mhc1_239,สำเร็จรูป มหาชัย,FG มหาชัย,94809,product_94809,1000,ห่อ,0
count_feb2016_mhc1_240,สำเร็จรูป มหาชัย,FG มหาชัย,157360,product_157360,1000,ห่อ,0
count_feb2016_mhc1_241,สำเร็จรูป มหาชัย,FG มหาชัย,112477,product_112477,1500,ห่อ,0
count_feb2016_mhc1_242,สำเร็จรูป มหาชัย,FG มหาชัย,235301,product_235301,800,ห่อ,0
count_feb2016_mhc1_243,สำเร็จรูป มหาชัย,FG มหาชัย,112488,product_112488,1000,ห่อ,0
count_feb2016_mhc1_244,สำเร็จรูป มหาชัย,FG มหาชัย,112493,product_112493,1000,ห่อ,0
count_feb2016_mhc1_245,สำเร็จรูป มหาชัย,FG มหาชัย,112507,product_112507,1000,ห่อ,0
count_feb2016_mhc1_246,สำเร็จรูป มหาชัย,FG มหาชัย,112480,product_112480,500,ห่อ,0
count_feb2016_mhc1_247,สำเร็จรูป มหาชัย,FG มหาชัย,235302,product_235302,500,ห่อ,0
count_feb2016_mhc1_248,สำเร็จรูป มหาชัย,FG มหาชัย,235308,product_235308,400,ห่อ,0
count_feb2016_mhc1_249,สำเร็จรูป มหาชัย,FG มหาชัย,147372,product_147372,10,ห่อ,0
count_feb2016_mhc1_250,สำเร็จรูป มหาชัย,FG มหาชัย,235307,product_235307,0,ห่อ,0
count_feb2016_mhc1_251,สำเร็จรูป มหาชัย,FG มหาชัย,132067,product_132067,1000,ห่อ,0
count_feb2016_mhc1_252,สำเร็จรูป มหาชัย,FG มหาชัย,94692,product_94692,0,ห่อ,0
count_feb2016_mhc1_253,สำเร็จรูป มหาชัย,FG มหาชัย,94679,product_94679,0,ห่อ,0
count_feb2016_mhc1_254,สำเร็จรูป มหาชัย,FG มหาชัย,1185085,product_1185085,120000,แผ่น,0
count_feb2016_mhc1_255,สำเร็จรูป มหาชัย,FG มหาชัย,1185096,product_1185096,150000,แผ่น,0
count_feb2016_mhc1_256,สำเร็จรูป มหาชัย,FG มหาชัย,P-CWF-008,product_P-CWF-008,2500,ห่อ,0
count_feb2016_mhc1_257,สำเร็จรูป มหาชัย,FG มหาชัย,P-CWF-013,product_P-CWF-013,500,ห่อ,0
count_feb2016_mhc1_258,สำเร็จรูป มหาชัย,FG มหาชัย,P-CWF-014,product_P-CWF-014,300,ห่อ,0
count_feb2016_mhc1_259,สำเร็จรูป มหาชัย,FG มหาชัย,P-CWF-009,product_P-CWF-009,2500,ห่อ,0
count_feb2016_mhc1_260,สำเร็จรูป มหาชัย,FG มหาชัย,P-CWF-012,product_P-CWF-012,250,ห่อ,0
count_feb2016_mhc1_261,สำเร็จรูป มหาชัย,FG มหาชัย,P-CWF-010,product_P-CWF-010,2000,ห่อ,0
count_feb2016_mhc1_262,สำเร็จรูป มหาชัย,FG มหาชัย,P-CWF-011,product_P-CWF-011,2500,ห่อ,0
count_feb2016_mhc1_263,สำเร็จรูป มหาชัย,FG มหาชัย,P-CWF-015,product_P-CWF-015,200,ห่อ,0
count_feb2016_mhc1_264,สำเร็จรูป มหาชัย,FG มหาชัย,P-CWF-020,product_P-CWF-020,75,ห่อ,0
count_feb2016_mhc1_265,สำเร็จรูป มหาชัย,FG มหาชัย,P-CWF-021,product_P-CWF-021,10,ห่อ,0
count_feb2016_mhc1_266,สำเร็จรูป มหาชัย,FG มหาชัย,P-CWF-016,product_P-CWF-016,170,ห่อ,0
count_feb2016_mhc1_267,สำเร็จรูป มหาชัย,FG มหาชัย,P-CWF-019,product_P-CWF-019,40,ห่อ,0
count_feb2016_mhc1_268,สำเร็จรูป มหาชัย,FG มหาชัย,P-CWF-017,product_P-CWF-017,200,ห่อ,0
count_feb2016_mhc1_269,สำเร็จรูป มหาชัย,FG มหาชัย,P-CWF-018,product_P-CWF-018,200,ห่อ,0
count_feb2016_mhc1_270,สำเร็จรูป มหาชัย,FG มหาชัย,P-CWF-001,product_P-CWF-001,0,ห่อ,0
count_feb2016_mhc1_271,สำเร็จรูป มหาชัย,FG มหาชัย,P-CWF-022,product_P-CWF-022,300,ห่อ,0
count_feb2016_mhc1_272,สำเร็จรูป มหาชัย,FG มหาชัย,P-CWF-023,product_P-CWF-023,400,ห่อ,0
count_feb2016_mhc1_273,สำเร็จรูป มหาชัย,FG มหาชัย,P-CWF-024,product_P-CWF-024,350,ห่อ,0
count_feb2016_mhc1_274,สำเร็จรูป มหาชัย,FG มหาชัย,P-CWF-025,product_P-CWF-025,250,ห่อ,0
count_feb2016_mhc1_275,สำเร็จรูป มหาชัย,FG มหาชัย,P-CWF-026,product_P-CWF-026,120,ห่อ,0
count_feb2016_mhc1_276,สำเร็จรูป มหาชัย,FG มหาชัย,P-CWF-027,product_P-CWF-027,120,ห่อ,0
count_feb2016_mhc1_277,สำเร็จรูป มหาชัย,FG มหาชัย,P-CWF-028,product_P-CWF-028,100,ห่อ,0
count_feb2016_mhc1_278,สำเร็จรูป มหาชัย,FG มหาชัย,P-CWF-029,product_P-CWF-029,150,ห่อ,0
count_feb2016_mhc1_279,สำเร็จรูป มหาชัย,FG มหาชัย,P-CWF-006,product_P-CWF-006,0,ห่อ,0
count_feb2016_mhc1_280,สำเร็จรูป มหาชัย,FG มหาชัย,P-CWF-007,product_P-CWF-007,0,ห่อ,0
count_feb2016_mhc1_281,สำเร็จรูป มหาชัย,FG มหาชัย,P-CWF-002,product_P-CWF-002,0,ห่อ,0
count_feb2016_mhc1_282,สำเร็จรูป มหาชัย,FG มหาชัย,P-CWF-005,product_P-CWF-005,0,ห่อ,0
count_feb2016_mhc1_283,สำเร็จรูป มหาชัย,FG มหาชัย,P-CWF-003,product_P-CWF-003,0,ห่อ,0
count_feb2016_mhc1_284,สำเร็จรูป มหาชัย,FG มหาชัย,P-CWF-004,product_P-CWF-004,0,ห่อ,0
count_feb2016_mhc1_285,สำเร็จรูป มหาชัย,FG มหาชัย,P-DP-B-002,product_P-DP-B-002,300,ห่อ,0
count_feb2016_mhc1_286,สำเร็จรูป มหาชัย,FG มหาชัย,P-PC-A4-70G-300S,product_P-PC-A4-70G-300S,10,ห่อ,0
count_feb2016_mhc1_287,สำเร็จรูป มหาชัย,FG มหาชัย,P-DP-A-002,product_P-DP-A-002,600,ห่อ,0
count_feb2016_mhc1_288,สำเร็จรูป มหาชัย,FG มหาชัย,P-PC-A4-70G-500S-CLP,product_P-PC-A4-70G-500S-CLP,700,ห่อ,0
count_feb2016_mhc1_289,สำเร็จรูป มหาชัย,FG มหาชัย,P-PC-A4-70G-500S-IDE,product_P-PC-A4-70G-500S-IDEAMAX,400,ห่อ,0
count_feb2016_mhc1_290,สำเร็จรูป มหาชัย,FG มหาชัย,P-PC-A4-70G-500S-PPC,product_P-PC-A4-70G-500S-PPC,500,ห่อ,0
count_feb2016_mhc1_291,สำเร็จรูป มหาชัย,FG มหาชัย,P-DP-B-005,product_P-DP-B-005,1000,ห่อ,0
count_feb2016_mhc1_292,สำเร็จรูป มหาชัย,FG มหาชัย,P-PC-A4-70G-500S,product_P-PC-A4-70G-500S,1500,ห่อ,0
count_feb2016_mhc1_293,สำเร็จรูป มหาชัย,FG มหาชัย,P-DP-A-005,product_P-DP-A-005,450,ห่อ,0
count_feb2016_mhc1_294,สำเร็จรูป มหาชัย,FG มหาชัย,P-PCWF-033,product_P-PCWF-033,0,ห่อ,0
count_feb2016_mhc1_295,สำเร็จรูป มหาชัย,FG มหาชัย,P-PCWF-034,product_P-PCWF-034,30,ห่อ,0
count_feb2016_mhc1_296,สำเร็จรูป มหาชัย,FG มหาชัย,P-PCWF-035,product_P-PCWF-035,100,ห่อ,0
count_feb2016_mhc1_297,สำเร็จรูป มหาชัย,FG มหาชัย,P-PCWF-048,__export__.product_product_6976,0,ห่อ,0
count_feb2016_mhc1_298,สำเร็จรูป มหาชัย,FG มหาชัย,P-PCWF-036,product_P-PCWF-036,100,ห่อ,0
count_feb2016_mhc1_299,สำเร็จรูป มหาชัย,FG มหาชัย,P-PCWF-037,product_P-PCWF-037,100,ห่อ,0
count_feb2016_mhc1_300,สำเร็จรูป มหาชัย,FG มหาชัย,P-PCWF-049,__export__.product_product_6977,0,ห่อ,0
count_feb2016_mhc1_301,สำเร็จรูป มหาชัย,FG มหาชัย,P-PCWF-050,__export__.product_product_6978,0,ห่อ,0
count_feb2016_mhc1_302,สำเร็จรูป มหาชัย,FG มหาชัย,P-PCWF-055,__export__.product_product_6983,0,ห่อ,0
count_feb2016_mhc1_303,สำเร็จรูป มหาชัย,FG มหาชัย,P-PCWF-044,__export__.product_product_6918,0,ห่อ,0
count_feb2016_mhc1_304,สำเร็จรูป มหาชัย,FG มหาชัย,P-PCWF-043,__export__.product_product_6917,0,ห่อ,0
count_feb2016_mhc1_305,สำเร็จรูป มหาชัย,FG มหาชัย,P-PCWF-042,product_P-PCWF-042,100,ห่อ,0
count_feb2016_mhc1_306,สำเร็จรูป มหาชัย,FG มหาชัย,P-DP-B-003,product_P-DP-B-003,110,ห่อ,0
count_feb2016_mhc1_307,สำเร็จรูป มหาชัย,FG มหาชัย,P-PCWF-017,product_P-PCWF-017,1200,ห่อ,0
count_feb2016_mhc1_308,สำเร็จรูป มหาชัย,FG มหาชัย,P-PCWF-026,product_P-PCWF-026,350,ห่อ,0
count_feb2016_mhc1_309,สำเร็จรูป มหาชัย,FG มหาชัย,P-PCWF-027,product_P-PCWF-027,200,ห่อ,0
count_feb2016_mhc1_310,สำเร็จรูป มหาชัย,FG มหาชัย,P-PCWF-028,product_P-PCWF-028,300,ห่อ,0
count_feb2016_mhc1_311,สำเร็จรูป มหาชัย,FG มหาชัย,P-PCWF-029,product_P-PCWF-029,250,ห่อ,0
count_feb2016_mhc1_312,สำเร็จรูป มหาชัย,FG มหาชัย,P-PCWF-030,product_P-PCWF-030,300,ห่อ,0
count_feb2016_mhc1_313,สำเร็จรูป มหาชัย,FG มหาชัย,P-PCWF-031,product_P-PCWF-031,400,ห่อ,0
count_feb2016_mhc1_314,สำเร็จรูป มหาชัย,FG มหาชัย,P-PCWF-032,product_P-PCWF-032,300,ห่อ,0
count_feb2016_mhc1_315,สำเร็จรูป มหาชัย,FG มหาชัย,P-PCWF-038,product_P-PCWF-038,150,ห่อ,0
count_feb2016_mhc1_316,สำเร็จรูป มหาชัย,FG มหาชัย,P-PCWF-039,product_P-PCWF-039,60,ห่อ,0
count_feb2016_mhc1_317,สำเร็จรูป มหาชัย,FG มหาชัย,P-PCWF-040,product_P-PCWF-040,100,ห่อ,0
count_feb2016_mhc1_318,สำเร็จรูป มหาชัย,FG มหาชัย,P-PCWF-018,product_P-PCWF-018,1500,ห่อ,0
count_feb2016_mhc1_319,สำเร็จรูป มหาชัย,FG มหาชัย,P-PCWF-041,product_P-PCWF-041,100,ห่อ,0
count_feb2016_mhc1_320,สำเร็จรูป มหาชัย,FG มหาชัย,P-PCWF-002,product_P-PCWF-002,12.5,ห่อ,0
count_feb2016_mhc1_321,สำเร็จรูป มหาชัย,FG มหาชัย,P-PCWF-019,product_P-PCWF-019,1500,ห่อ,0
count_feb2016_mhc1_322,สำเร็จรูป มหาชัย,FG มหาชัย,P-PCWF-020,product_P-PCWF-020,1500,ห่อ,0
count_feb2016_mhc1_323,สำเร็จรูป มหาชัย,FG มหาชัย,P-PCWF-021,product_P-PCWF-021,600,ห่อ,0
count_feb2016_mhc1_324,สำเร็จรูป มหาชัย,FG มหาชัย,P-PCWF-022,product_P-PCWF-022,600,ห่อ,0
count_feb2016_mhc1_325,สำเร็จรูป มหาชัย,FG มหาชัย,P-PCWF-023,product_P-PCWF-023,250,ห่อ,0
count_feb2016_mhc1_326,สำเร็จรูป มหาชัย,FG มหาชัย,P-PCWF-024,product_P-PCWF-024,400,ห่อ,0
count_feb2016_mhc1_327,สำเร็จรูป มหาชัย,FG มหาชัย,P-PCWF-025,product_P-PCWF-025,700,ห่อ,0
count_feb2016_mhc1_328,สำเร็จรูป มหาชัย,FG มหาชัย,P-PCWF-012,product_P-PCWF-012,0,ห่อ,0
count_feb2016_mhc1_329,สำเร็จรูป มหาชัย,FG มหาชัย,P-PCWF-013,product_P-PCWF-013,5,ห่อ,0
count_feb2016_mhc1_330,สำเร็จรูป มหาชัย,FG มหาชัย,P-PCWF-014,product_P-PCWF-014,0,ห่อ,0
count_feb2016_mhc1_331,สำเร็จรูป มหาชัย,FG มหาชัย,P-PCWF-015,product_P-PCWF-015,5,ห่อ,0
count_feb2016_mhc1_332,สำเร็จรูป มหาชัย,FG มหาชัย,P-PCWF-016,product_P-PCWF-016,5,ห่อ,0
count_feb2016_mhc1_333,สำเร็จรูป มหาชัย,FG มหาชัย,P-PCWF-003,product_P-PCWF-003,13,ห่อ,0
count_feb2016_mhc1_334,สำเร็จรูป มหาชัย,FG มหาชัย,P-PCWF-004,product_P-PCWF-004,5,ห่อ,0
count_feb2016_mhc1_335,สำเร็จรูป มหาชัย,FG มหาชัย,P-PCWF-005,product_P-PCWF-005,13,ห่อ,0
count_feb2016_mhc1_336,สำเร็จรูป มหาชัย,FG มหาชัย,P-PCWF-006,product_P-PCWF-006,0,ห่อ,0
count_feb2016_mhc1_337,สำเร็จรูป มหาชัย,FG มหาชัย,P-PCWF-007,product_P-PCWF-007,5,ห่อ,0
count_feb2016_mhc1_338,สำเร็จรูป มหาชัย,FG มหาชัย,P-PCWF-008,product_P-PCWF-008,10,ห่อ,0
count_feb2016_mhc1_339,สำเร็จรูป มหาชัย,FG มหาชัย,P-PC-A4-80G-500S-IDE,product_P-PC-A4-80G-500S-IDEAWORK,200,ห่อ,0
count_feb2016_mhc1_340,สำเร็จรูป มหาชัย,FG มหาชัย,P-PC-A4-80G-500S-PPC,product_P-PC-A4-80G-500S-PPC,10,ห่อ,0
count_feb2016_mhc1_341,สำเร็จรูป มหาชัย,FG มหาชัย,P-DP-B-006,product_P-DP-B-006,20,ห่อ,0
count_feb2016_mhc1_342,สำเร็จรูป มหาชัย,FG มหาชัย,P-PC-A4-80G-500S,product_P-PC-A4-80G-500S,600,ห่อ,0
count_feb2016_mhc1_343,สำเร็จรูป มหาชัย,FG มหาชัย,P-DP-A-006,product_P-DP-A-006,200,ห่อ,0
count_feb2016_mhc1_344,สำเร็จรูป มหาชัย,FG มหาชัย,P-DP-A-003,product_P-DP-A-003,250,ห่อ,0
count_feb2016_mhc1_345,สำเร็จรูป มหาชัย,FG มหาชัย,P-PCWF-001,product_P-PCWF-001,20,ห่อ,0
count_feb2016_mhc1_346,สำเร็จรูป มหาชัย,FG มหาชัย,P-PCWF-010,product_P-PCWF-010,0,ห่อ,0
count_feb2016_mhc1_347,สำเร็จรูป มหาชัย,FG มหาชัย,P-PCWF-011,product_P-PCWF-011,0,ห่อ,0
count_feb2016_mhc1_348,สำเร็จรูป มหาชัย,FG มหาชัย,P-PT-HM,product_P-PT-HM,400,แผ่น,0
count_feb2016_mhc1_349,สำเร็จรูป มหาชัย,FG มหาชัย,P-PT-041,product_P-PT-041,400,แผ่น,0
count_feb2016_mhc1_350,สำเร็จรูป มหาชัย,FG มหาชัย,P-PT-050,product_P-PT-050,200,แผ่น,0
count_feb2016_mhc1_351,สำเร็จรูป มหาชัย,FG มหาชัย,P-PT-051,product_P-PT-051,599,แผ่น,0
count_feb2016_mhc1_352,สำเร็จรูป มหาชัย,FG มหาชัย,P-PT-001,product_P-PT-001,500,แผ่น,0
count_feb2016_mhc1_353,สำเร็จรูป มหาชัย,FG มหาชัย,P-PT-010,product_P-PT-010,100,แผ่น,0
count_feb2016_mhc1_354,สำเร็จรูป มหาชัย,FG มหาชัย,P-PT-011,product_P-PT-011,400,แผ่น,0
count_feb2016_mhc1_355,สำเร็จรูป มหาชัย,FG มหาชัย,P-PT-012,product_P-PT-012,400,แผ่น,0
count_feb2016_mhc1_356,สำเร็จรูป มหาชัย,FG มหาชัย,P-PT-013,product_P-PT-013,300,แผ่น,0
count_feb2016_mhc1_357,สำเร็จรูป มหาชัย,FG มหาชัย,P-PT-004,product_P-PT-004,225,แผ่น,0
count_feb2016_mhc1_358,สำเร็จรูป มหาชัย,FG มหาชัย,P-PT-014,product_P-PT-014,450,แผ่น,0
count_feb2016_mhc1_359,สำเร็จรูป มหาชัย,FG มหาชัย,P-PT-015,product_P-PT-015,300,แผ่น,0
count_feb2016_mhc1_360,สำเร็จรูป มหาชัย,FG มหาชัย,P-PT-016,product_P-PT-016,250,แผ่น,0
count_feb2016_mhc1_361,สำเร็จรูป มหาชัย,FG มหาชัย,P-PT-017,product_P-PT-017,200,แผ่น,0
count_feb2016_mhc1_362,สำเร็จรูป มหาชัย,FG มหาชัย,P-PT-018,product_P-PT-018,625,แผ่น,0
count_feb2016_mhc1_363,สำเร็จรูป มหาชัย,FG มหาชัย,P-PT-019,product_P-PT-019,650,แผ่น,0
count_feb2016_mhc1_364,สำเร็จรูป มหาชัย,FG มหาชัย,P-PT-052,product_P-PT-052,413,แผ่น,0
count_feb2016_mhc1_365,สำเร็จรูป มหาชัย,FG มหาชัย,P-PT-020,product_P-PT-020,175,แผ่น,0
count_feb2016_mhc1_366,สำเร็จรูป มหาชัย,FG มหาชัย,P-PT-053,product_P-PT-053,450,แผ่น,0
count_feb2016_mhc1_367,สำเร็จรูป มหาชัย,FG มหาชัย,P-PT-003,product_P-PT-003,675,แผ่น,0
count_feb2016_mhc1_368,สำเร็จรูป มหาชัย,FG มหาชัย,P-PT-054,product_P-PT-054,300,แผ่น,0
count_feb2016_mhc1_369,สำเร็จรูป มหาชัย,FG มหาชัย,P-PT-055,product_P-PT-055,75,แผ่น,0
count_feb2016_mhc1_370,สำเร็จรูป มหาชัย,FG มหาชัย,P-PT-005,product_P-PT-005,500,แผ่น,0
count_feb2016_mhc1_371,สำเร็จรูป มหาชัย,FG มหาชัย,P-PT-056,product_P-PT-056,375,แผ่น,0
count_feb2016_mhc1_372,สำเร็จรูป มหาชัย,FG มหาชัย,P-PT-006,product_P-PT-006,75,แผ่น,0
count_feb2016_mhc1_373,สำเร็จรูป มหาชัย,FG มหาชัย,P-PT-057,product_P-PT-057,200,แผ่น,0
count_feb2016_mhc1_374,สำเร็จรูป มหาชัย,FG มหาชัย,P-PT-007,product_P-PT-007,800,แผ่น,0
count_feb2016_mhc1_375,สำเร็จรูป มหาชัย,FG มหาชัย,P-PT-058,product_P-PT-058,325,แผ่น,0
count_feb2016_mhc1_376,สำเร็จรูป มหาชัย,FG มหาชัย,P-PT-008,product_P-PT-008,125,แผ่น,0
count_feb2016_mhc1_377,สำเร็จรูป มหาชัย,FG มหาชัย,P-PT-059,product_P-PT-059,800,แผ่น,0
count_feb2016_mhc1_378,สำเร็จรูป มหาชัย,FG มหาชัย,P-PT-009,product_P-PT-009,1000,แผ่น,0
count_feb2016_mhc1_379,สำเร็จรูป มหาชัย,FG มหาชัย,P-PT-2SM,product_P-PT-2SM,1100,แผ่น,0
count_feb2016_mhc1_380,สำเร็จรูป มหาชัย,FG มหาชัย,P-PT-060,product_P-PT-060,150,แผ่น,0
count_feb2016_mhc1_381,สำเร็จรูป มหาชัย,FG มหาชัย,P-PT-021,product_P-PT-021,1725,แผ่น,0
count_feb2016_mhc1_382,สำเร็จรูป มหาชัย,FG มหาชัย,P-PT-030,product_P-PT-030,800,แผ่น,0
count_feb2016_mhc1_383,สำเร็จรูป มหาชัย,FG มหาชัย,P-PT-031,product_P-PT-031,1175,แผ่น,0
count_feb2016_mhc1_384,สำเร็จรูป มหาชัย,FG มหาชัย,P-PT-032,product_P-PT-032,1500,แผ่น,0
count_feb2016_mhc1_385,สำเร็จรูป มหาชัย,FG มหาชัย,P-PT-033,product_P-PT-033,1425,แผ่น,0
count_feb2016_mhc1_386,สำเร็จรูป มหาชัย,FG มหาชัย,P-PT-034,product_P-PT-034,1200,แผ่น,0
count_feb2016_mhc1_387,สำเร็จรูป มหาชัย,FG มหาชัย,P-PT-035,product_P-PT-035,800,แผ่น,0
count_feb2016_mhc1_388,สำเร็จรูป มหาชัย,FG มหาชัย,P-PT-036,product_P-PT-036,1175,แผ่น,0
count_feb2016_mhc1_389,สำเร็จรูป มหาชัย,FG มหาชัย,P-PT-037,product_P-PT-037,1100,แผ่น,0
count_feb2016_mhc1_390,สำเร็จรูป มหาชัย,FG มหาชัย,P-PT-038,product_P-PT-038,1275,แผ่น,0
count_feb2016_mhc1_391,สำเร็จรูป มหาชัย,FG มหาชัย,P-PT-039,product_P-PT-039,1475,แผ่น,0
count_feb2016_mhc1_392,สำเร็จรูป มหาชัย,FG มหาชัย,P-PT-022,product_P-PT-022,425,แผ่น,0
count_feb2016_mhc1_393,สำเร็จรูป มหาชัย,FG มหาชัย,P-PT-040,product_P-PT-040,375,แผ่น,0
count_feb2016_mhc1_394,สำเร็จรูป มหาชัย,FG มหาชัย,P-PT-023,product_P-PT-023,1800,แผ่น,0
count_feb2016_mhc1_395,สำเร็จรูป มหาชัย,FG มหาชัย,P-PT-024,product_P-PT-024,550,แผ่น,0
count_feb2016_mhc1_396,สำเร็จรูป มหาชัย,FG มหาชัย,P-PT-025,product_P-PT-025,1875,แผ่น,0
count_feb2016_mhc1_397,สำเร็จรูป มหาชัย,FG มหาชัย,P-PT-026,product_P-PT-026,525,แผ่น,0
count_feb2016_mhc1_398,สำเร็จรูป มหาชัย,FG มหาชัย,P-PT-027,product_P-PT-027,1775,แผ่น,0
count_feb2016_mhc1_399,สำเร็จรูป มหาชัย,FG มหาชัย,P-PT-028,product_P-PT-028,700,แผ่น,0
count_feb2016_mhc1_400,สำเร็จรูป มหาชัย,FG มหาชัย,P-PT-029,product_P-PT-029,2100,แผ่น,0
count_feb2016_mhc1_401,สำเร็จรูป มหาชัย,FG มหาชัย,P-PT-043,product_P-PT-043,400,แผ่น,0
count_feb2016_mhc1_402,สำเร็จรูป มหาชัย,FG มหาชัย,P-PT-044,product_P-PT-044,275,แผ่น,0
count_feb2016_mhc1_403,สำเร็จรูป มหาชัย,FG มหาชัย,P-PT-045,product_P-PT-045,187.5,แผ่น,0
count_feb2016_mhc1_404,สำเร็จรูป มหาชัย,FG มหาชัย,P-PT-046,product_P-PT-046,100,แผ่น,0
count_feb2016_mhc1_405,สำเร็จรูป มหาชัย,FG มหาชัย,P-PT-047,product_P-PT-047,450,แผ่น,0
count_feb2016_mhc1_406,สำเร็จรูป มหาชัย,FG มหาชัย,P-PT-048,product_P-PT-048,200,แผ่น,0
count_feb2016_mhc1_407,สำเร็จรูป มหาชัย,FG มหาชัย,P-PT-049,product_P-PT-049,500,แผ่น,0
count_feb2016_mhc1_408,สำเร็จรูป มหาชัย,FG มหาชัย,P-PT-042,product_P-PT-042,200,แผ่น,0
count_feb2016_mhc1_409,สำเร็จรูป มหาชัย,FG มหาชัย,P-FC-001,product_P-FC-001,3000,ห่อ,0
count_feb2016_mhc1_410,สำเร็จรูป มหาชัย,FG มหาชัย,225891,__export__.product_product_7738,500,ห่อ,0
count_feb2016_mhc1_411,สำเร็จรูป มหาชัย,FG มหาชัย,P-PCWF-HP-001,__export__.product_product_7705,50,ห่อ,0
count_feb2016_mhc1_412,สำเร็จรูป มหาชัย,FG มหาชัย,P-PCWF-HP-002,__export__.product_product_7706,20,ห่อ,0
count_feb2016_mhc1_413,สำเร็จรูป มหาชัย,FG มหาชัย,P-PCWF-HP-003,__export__.product_product_7707,40,ห่อ,0
count_feb2016_mhc1_414,สำเร็จรูป มหาชัย,FG มหาชัย,P-PCWF-HP-004,__export__.product_product_7708,20,ห่อ,0
count_feb2016_mhc1_415,สำเร็จรูป มหาชัย,FG มหาชัย,P-PCWF-HP-005,__export__.product_product_7709,20,ห่อ,0
count_feb2016_mhc1_416,สำเร็จรูป มหาชัย,FG มหาชัย,P-PCWF-HP-006,__export__.product_product_7710,60,ห่อ,0
count_feb2016_mhc1_417,สำเร็จรูป มหาชัย,FG มหาชัย,P-PCWF-HP-007,__export__.product_product_7711,20,ห่อ,0
count_feb2016_mhc1_418,สำเร็จรูป มหาชัย,FG มหาชัย,P-PCWF-HP-008,__export__.product_product_7712,20,ห่อ,0
count_feb2016_mhc1_419,สำเร็จรูป มหาชัย,FG มหาชัย,P-TC-SAIKO,product_P-TC-SAIKO,70,ห่อ,0
count_feb2016_mhc1_420,สำเร็จรูป มหาชัย,FG มหาชัย,P-TC-AMANO,product_P-TC-AMANO,500,ห่อ,0
count_feb2016_mhc1_421,สำเร็จรูป มหาชัย,FG มหาชัย,MSK-007,product_MSK-007,10,ห่อ,0
count_feb2016_mhc1_422,สำเร็จรูป มหาชัย,FG มหาชัย,P-FC-002,product_P-FC-002,10,ห่อ,0
count_feb2016_mhc1_423,สำเร็จรูป มหาชัย,FG มหาชัย,P-FC-003,product_P-FC-003,100,ห่อ,0
count_feb2016_mhc1_424,สำเร็จรูป มหาชัย,FG มหาชัย,P-FC-A4-2T,product_P-FC-A4-2T,500,ห่อ,0
