id,name,inventory_line_id/location_id,inventory_line_id/product_id/id,inventory_line_id/product_id_XX,inventory_line_id/product_qty,inventory_line_id/product_uom
stock_fg_mahachai_300913,นับสต๊อกสำเร็จรูปมหาชัย วันที่ 30-Sep-13,มหาชัย,__export__.product_product_6936,ค่าขนส่ง,,ห่อ
,,มหาชัย,__export__.product_product_6937,ค่าเพลท,,ชุด
,,มหาชัย,__export__.product_product_6939,เศษกระดาษ,,กก.
,,มหาชัย,__export__.product_product_6941,"อื่นๆ  ค่าตัดกระดาษ , ค่าซีนพลาสติก",,หน่วย
,,มหาชัย,__export__.product_product_6966,ขอบิล,,โหล
,,มหาชัย,__export__.product_product_6940,ค่าภาษี,,บิล
,,มหาชัย,product_MSH,กบเหลาดินสอ,,อัน
,,มหาชัย,product_P-GB-230G-31*21dot5,กระดาษกล่องเทาขาว 230แกรม 31*21.5นิ้ว 500แผ่น,,รีม
,,มหาชัย,product_P-GB-230G-31*43,กระดาษกล่องเทาขาว 230แกรม 31*43นิ้ว 500แผ่น,,รีม
,,มหาชัย,product_P-GB-250G-31*21dot5,กระดาษกล่องเทาขาว 250แกรม 31*21.5นิ้ว 500แผ่น,,รีม
,,มหาชัย,product_P-GB-250G-31*43,กระดาษกล่องเทาขาว 250แกรม 31*43นิ้ว 500แผ่น,,รีม
,,มหาชัย,product_P-GB-270G-31*21dot5,กระดาษกล่องเทาขาว 270แกรม 31*21.5นิ้ว 500แผ่น,,รีม
,,มหาชัย,product_P-GB-270G-31*43,กระดาษกล่องเทาขาว 270แกรม 31*43นิ้ว 500แผ่น,,รีม
,,มหาชัย,product_P-GB-290G-31*21dot5,กระดาษกล่องเทาขาว 290แกรม 31*21.5นิ้ว 500แผ่น,,รีม
,,มหาชัย,product_P-GB-290G-31*43,กระดาษกล่องเทาขาว 290แกรม 31*43นิ้ว 500แผ่น,,รีม
,,มหาชัย,product_P-GB-310G-31*21dot5,กระดาษกล่องเทาขาว 310แกรม 31*21.5นิ้ว 500แผ่น,,รีม
,,มหาชัย,product_P-GB-310G-31*43,กระดาษกล่องเทาขาว 310แกรม 31*43นิ้ว 500แผ่น,,รีม
,,มหาชัย,product_P-GB-350G-31*21dot5,กระดาษกล่องเทาขาว 350แกรม 31*21.5นิ้ว 500แผ่น,,รีม
,,มหาชัย,product_P-GB-350G-31*43,กระดาษกล่องเทาขาว 350แกรม 31*43นิ้ว 500แผ่น,,รีม
,,มหาชัย,product_P-GB-400G-31*21dot5,กระดาษกล่องเทาขาว 400แกรม 31*21.5นิ้ว 500แผ่น,,รีม
,,มหาชัย,product_P-GB-400G-31*43,กระดาษกล่องเทาขาว 400แกรม 31*43นิ้ว 500แผ่น,,รีม
,,มหาชัย,product_P-GB-450G-31*21dot5,กระดาษกล่องเทาขาว 450แกรม 31*21.5นิ้ว 500แผ่น,,รีม
,,มหาชัย,product_P-GB-450G-31*43,กระดาษกล่องเทาขาว 450แกรม 31*43นิ้ว 500แผ่น,,รีม
,,มหาชัย,product_P-GB-500G-31*21dot5,กระดาษกล่องเทาขาว 500แกรม 31*21.5นิ้ว 500แผ่น,,รีม
,,มหาชัย,product_P-GB-500G-31*43,กระดาษกล่องเทาขาว 500แกรม 31*43นิ้ว 500แผ่น,,รีม
,,มหาชัย,product_P-WCL-3*5,"กระดาษการ์ดขาวตีเส้น 3*5นิ้ว 210แกรม 1,000แผ่น",,ห่อ
,,มหาชัย,product_P-WCL-4*6,กระดาษการ์ดขาวตีเส้น 4*6นิ้ว 210แกรม 500แผ่น,,ห่อ
,,มหาชัย,product_P-WCL-5*8,กระดาษการ์ดขาวตีเส้น 5*8นิ้ว 210แกรม 500แผ่น,,ห่อ
,,มหาชัย,product_95056,Q-BIZ กระดาษการ์ดสี 110g A4 200 ผ. (คละสี),719,ห่อ
,,มหาชัย,product_235301,Q-BIZ กระดาษการ์ดสีครีม 110g A4 100 ผ. ,0,ห่อ
,,มหาชัย,product_235302,Q-BIZ กระดาษการ์ดสีม่วง 110g A4 100 ผ. ,0,ห่อ
,,มหาชัย,product_P-CWF-080,กระดาษการ์ดสี 31*21.5นิ้ว 120แกรม 500แผ่น สีเขียว ,,รีม
,,มหาชัย,product_P-CWF-084,กระดาษการ์ดสี 31*21.5นิ้ว 120แกรม 500แผ่น สีครีม ,,รีม
,,มหาชัย,product_P-CWF-079,กระดาษการ์ดสี 31*21.5นิ้ว 120แกรม 500แผ่น สีชมพู ,,รีม
,,มหาชัย,product_P-CWF-078,กระดาษการ์ดสี 31*21.5นิ้ว 120แกรม 500แผ่น สีฟ้า ,,รีม
,,มหาชัย,product_P-CWF-083,กระดาษการ์ดสี 31*21.5นิ้ว 120แกรม 500แผ่น สีม่วง ,,รีม
,,มหาชัย,product_P-CWF-082,กระดาษการ์ดสี 31*21.5นิ้ว 120แกรม 500แผ่น สีส้ม ,,รีม
,,มหาชัย,product_P-CWF-081,กระดาษการ์ดสี 31*21.5นิ้ว 120แกรม 500แผ่น สีเหลือง ,,รีม
,,มหาชัย,product_P-CWF-087,กระดาษการ์ดสี 31*21.5นิ้ว 150แกรม 500แผ่น สีเขียว ,,รีม
,,มหาชัย,product_P-CWF-086,กระดาษการ์ดสี 31*21.5นิ้ว 150แกรม 500แผ่น สีชมพู ,,รีม
,,มหาชัย,product_P-CWF-085,กระดาษการ์ดสี 31*21.5นิ้ว 150แกรม 500แผ่น สีฟ้า ,,รีม
,,มหาชัย,product_P-CWF-088,กระดาษการ์ดสี 31*21.5นิ้ว 150แกรม 500แผ่น สีเหลือง ,,รีม
,,มหาชัย,product_P-CWF-069,กระดาษการ์ดสี 31*43นิ้ว 120แกรม 500แผ่น สีเขียว,,รีม
,,มหาชัย,product_P-CWF-073,กระดาษการ์ดสี 31*43นิ้ว 120แกรม 500แผ่น สีครีม ,,รีม
,,มหาชัย,product_P-CWF-068,กระดาษการ์ดสี 31*43นิ้ว 120แกรม 500แผ่น สีชมพู ,,รีม
,,มหาชัย,product_P-CWF-067,กระดาษการ์ดสี 31*43นิ้ว 120แกรม 500แผ่น สีฟ้า ,,รีม
,,มหาชัย,product_P-CWF-072,กระดาษการ์ดสี 31*43นิ้ว 120แกรม 500แผ่น สีม่วง ,,รีม
,,มหาชัย,product_P-CWF-071,กระดาษการ์ดสี 31*43นิ้ว 120แกรม 500แผ่น สีส้ม ,,รีม
,,มหาชัย,product_P-CWF-070,กระดาษการ์ดสี 31*43นิ้ว 120แกรม 500แผ่น สีเหลือง ,,รีม
,,มหาชัย,product_P-CWF-076,กระดาษการ์ดสี 31*43นิ้ว 150แกรม 500แผ่น สีเขียว ,,รีม
,,มหาชัย,product_P-CWF-075,กระดาษการ์ดสี 31*43นิ้ว 150แกรม 500แผ่น สีชมพู ,,รีม
,,มหาชัย,product_P-CWF-074,กระดาษการ์ดสี 31*43นิ้ว 150แกรม 500แผ่น สีฟ้า ,,รีม
,,มหาชัย,product_P-CWF-077,กระดาษการ์ดสี 31*43นิ้ว 150แกรม 500แผ่น สีเหลือง ,,รีม
,,มหาชัย,product_63_P-C01,กระดาษการ์ดสี A4 120แกรม 180แผ่น คละสี ,0,ห่อ
,,มหาชัย,product_P-CWF-010,กระดาษการ์ดสี A4 120แกรม 180แผ่น สีเขียว ,599,ห่อ
,,มหาชัย,product_P-CWF-014,กระดาษการ์ดสี A4 120แกรม 180แผ่น สีครีม ,786,ห่อ
,,มหาชัย,product_P-CWF-009,กระดาษการ์ดสี A4 120แกรม 180แผ่น สีชมพู ,900,ห่อ
,,มหาชัย,product_P-CWF-008,กระดาษการ์ดสี A4 120แกรม 180แผ่น สีฟ้า ,711,ห่อ
,,มหาชัย,product_P-CWF-012,กระดาษการ์ดสี A4 120แกรม 180แผ่น สีม่วง ,0,ห่อ
,,มหาชัย,product_P-CWF-013,กระดาษการ์ดสี A4 120แกรม 180แผ่น สีส้ม ,934,ห่อ
,,มหาชัย,product_P-CWF-011,กระดาษการ์ดสี A4 120แกรม 180แผ่น สีเหลือง ,2230,ห่อ
,,มหาชัย,product_P-CWF-017,กระดาษการ์ดสี A4 120แกรม 200แผ่น สีเขียว ,1463,ห่อ
,,มหาชัย,product_P-CWF-021,กระดาษการ์ดสี A4 120แกรม 200แผ่น สีครีม ,0,ห่อ
,,มหาชัย,product_P-CWF-016,กระดาษการ์ดสี A4 120แกรม 200แผ่น สีชมพู ,1584,ห่อ
,,มหาชัย,product_P-CWF-015,กระดาษการ์ดสี A4 120แกรม 200แผ่น สีฟ้า ,1485,ห่อ
,,มหาชัย,product_P-CWF-019,กระดาษการ์ดสี A4 120แกรม 200แผ่น สีม่วง ,0,ห่อ
,,มหาชัย,product_P-CWF-020,กระดาษการ์ดสี A4 120แกรม 200แผ่น สีส้ม ,1641,ห่อ
,,มหาชัย,product_P-CWF-018,กระดาษการ์ดสี A4 120แกรม 200แผ่น สีเหลือง ,4156,ห่อ
,,มหาชัย,__export__.product_product_6925,กระดาษการ์ดสี A4 120แกรม 250แผ่น สีเขียว,,ห่อ
,,มหาชัย,__export__.product_product_6928,กระดาษการ์ดสี A4 120แกรม 250แผ่น สีครีม,,ห่อ
,,มหาชัย,__export__.product_product_6926,กระดาษการ์ดสี A4 120แกรม 250แผ่น สีชมพู,,ห่อ
,,มหาชัย,__export__.product_product_6923,กระดาษการ์ดสี A4 120แกรม 250แผ่น สีฟ้า,,ห่อ
,,มหาชัย,__export__.product_product_6929,กระดาษการ์ดสี A4 120แกรม 250แผ่น สีม่วง,,ห่อ
,,มหาชัย,__export__.product_product_6927,กระดาษการ์ดสี A4 120แกรม 250แผ่น สีส้ม,,ห่อ
,,มหาชัย,__export__.product_product_6924,กระดาษการ์ดสี A4 120แกรม 250แผ่น สีเหลือง,,ห่อ
,,มหาชัย,product_P-CWF-003,กระดาษการ์ดสี A4 120แกรม 50แผ่น สีเขียว ,,ห่อ
,,มหาชัย,product_P-CWF-007,กระดาษการ์ดสี A4 120แกรม 50แผ่น สีครีม ,,ห่อ
,,มหาชัย,product_P-CWF-002,กระดาษการ์ดสี A4 120แกรม 50แผ่น สีชมพู ,,ห่อ
,,มหาชัย,product_P-CWF-001,กระดาษการ์ดสี A4 120แกรม 50แผ่น สีฟ้า ,,ห่อ
,,มหาชัย,product_P-CWF-005,กระดาษการ์ดสี A4 120แกรม 50แผ่น สีม่วง ,,ห่อ
,,มหาชัย,product_P-CWF-006,กระดาษการ์ดสี A4 120แกรม 50แผ่น สีส้ม ,,ห่อ
,,มหาชัย,product_P-CWF-004,กระดาษการ์ดสี A4 120แกรม 50แผ่น สีเหลือง ,,ห่อ
,,มหาชัย,product_P-CWF-041,กระดาษการ์ดสี A4 125แกรม 100แผ่น สีขาว ,,ห่อ
,,มหาชัย,product_P-CWF-024,กระดาษการ์ดสี A4 150แกรม 180แผ่น สีเขียว ,474,ห่อ
,,มหาชัย,product_P-CWF-023,กระดาษการ์ดสี A4 150แกรม 180แผ่น สีชมพู ,0,ห่อ
,,มหาชัย,product_P-CWF-022,กระดาษการ์ดสี A4 150แกรม 180แผ่น สีฟ้า ,0,ห่อ
,,มหาชัย,product_P-CWF-025,กระดาษการ์ดสี A4 150แกรม 180แผ่น สีเหลือง ,0,ห่อ
,,มหาชัย,product_P-CWF-028,กระดาษการ์ดสี A4 150แกรม 200แผ่น สีเขียว ,434,ห่อ
,,มหาชัย,product_P-CWF-027,กระดาษการ์ดสี A4 150แกรม 200แผ่น สีชมพู ,0,ห่อ
,,มหาชัย,product_P-CWF-026,กระดาษการ์ดสี A4 150แกรม 200แผ่น สีฟ้า ,56,ห่อ
,,มหาชัย,product_P-CWF-029,กระดาษการ์ดสี A4 150แกรม 200แผ่น สีเหลือง ,257,ห่อ
,,มหาชัย,product_P-CWF-040,กระดาษการ์ดสี A4 160แกรม 100แผ่น สีขาว ,,ห่อ
,,มหาชัย,product_P-CWF-039,กระดาษการ์ดสี A4 180แกรม 100แผ่น สีขาว ,,ห่อ
,,มหาชัย,product_P-CWF-037,กระดาษการ์ดสี A4 180แกรม 100แผ่น สีเขียว ,,ห่อ
,,มหาชัย,product_P-CWF-036,กระดาษการ์ดสี A4 180แกรม 100แผ่น สีชมพู ,,ห่อ
,,มหาชัย,product_P-CWF-035,กระดาษการ์ดสี A4 180แกรม 100แผ่น สีฟ้า ,,ห่อ
,,มหาชัย,product_P-CWF-038,กระดาษการ์ดสี A4 180แกรม 100แผ่น สีเหลือง ,,ห่อ
,,มหาชัย,product_P-CWF-034,กระดาษการ์ดสี A4 210แกรม 100แผ่น สีขาว ,,ห่อ
,,มหาชัย,product_P-CWF-032,กระดาษการ์ดสี A4 210แกรม 100แผ่น สีเขียว ,,ห่อ
,,มหาชัย,product_P-CWF-031,กระดาษการ์ดสี A4 210แกรม 100แผ่น สีชมพู ,,ห่อ
,,มหาชัย,product_P-CWF-030,กระดาษการ์ดสี A4 210แกรม 100แผ่น สีฟ้า ,,ห่อ
,,มหาชัย,product_P-CWF-033,กระดาษการ์ดสี A4 210แกรม 100แผ่น สีเหลือง ,,ห่อ
,,มหาชัย,product_P-CWF-044,กระดาษการ์ดสี F4 120แกรม 180แผ่น สีเขียว ,,ห่อ
,,มหาชัย,product_P-CWF-043,กระดาษการ์ดสี F4 120แกรม 180แผ่น สีชมพู ,,ห่อ
,,มหาชัย,product_P-CWF-042,กระดาษการ์ดสี F4 120แกรม 180แผ่น สีฟ้า ,,ห่อ
,,มหาชัย,product_P-CWF-045,กระดาษการ์ดสี F4 120แกรม 180แผ่น สีเหลือง ,,ห่อ
,,มหาชัย,product_P-CWF-048,กระดาษการ์ดสี F4 120แกรม 200แผ่น สีเขียว ,,ห่อ
,,มหาชัย,product_P-CWF-047,กระดาษการ์ดสี F4 120แกรม 200แผ่น สีชมพู ,,ห่อ
,,มหาชัย,product_P-CWF-046,กระดาษการ์ดสี F4 120แกรม 200แผ่น สีฟ้า ,,ห่อ
,,มหาชัย,product_P-CWF-049,กระดาษการ์ดสี F4 120แกรม 200แผ่น สีเหลือง ,,ห่อ
,,มหาชัย,product_P-CWF-052,กระดาษการ์ดสี F4 150แกรม 180แผ่น สีเขียว ,,ห่อ
,,มหาชัย,product_P-CWF-051,กระดาษการ์ดสี F4 150แกรม 180แผ่น สีชมพู ,,ห่อ
,,มหาชัย,product_P-CWF-050,กระดาษการ์ดสี F4 150แกรม 180แผ่น สีฟ้า ,,ห่อ
,,มหาชัย,product_P-CWF-053,กระดาษการ์ดสี F4 150แกรม 180แผ่น สีเหลือง,,ห่อ
,,มหาชัย,product_P-CWF-056,กระดาษการ์ดสี F4 150แกรม 200แผ่น สีเขียว ,,ห่อ
,,มหาชัย,product_P-CWF-055,กระดาษการ์ดสี F4 150แกรม 200แผ่น สีชมพู ,,ห่อ
,,มหาชัย,product_P-CWF-054,กระดาษการ์ดสี F4 150แกรม 200แผ่น สีฟ้า ,,ห่อ
,,มหาชัย,product_P-CWF-057,กระดาษการ์ดสี F4 150แกรม 200แผ่น สีเหลือง ,,ห่อ
,,มหาชัย,product_P-CWF-062,กระดาษการ์ดสี F4 180แกรม 100แผ่น สีขาว ,,ห่อ
,,มหาชัย,product_P-CWF-060,กระดาษการ์ดสี F4 180แกรม 100แผ่น สีเขียว ,,ห่อ
,,มหาชัย,product_P-CWF-059,กระดาษการ์ดสี F4 180แกรม 100แผ่น สีชมพู ,,ห่อ
,,มหาชัย,product_P-CWF-058,กระดาษการ์ดสี F4 180แกรม 100แผ่น สีฟ้า ,,ห่อ
,,มหาชัย,product_P-CWF-061,กระดาษการ์ดสี F4 180แกรม 100แผ่น สีเหลือง ,,ห่อ
,,มหาชัย,product_P-CWF-065,กระดาษการ์ดสี F4 210แกรม 100แผ่น สีเขียว ,,ห่อ
,,มหาชัย,product_P-CWF-064,กระดาษการ์ดสี F4 210แกรม 100แผ่น สีชมพู ,,ห่อ
,,มหาชัย,product_P-CWF-063,กระดาษการ์ดสี F4 210แกรม 100แผ่น สีฟ้า ,,ห่อ
,,มหาชัย,product_P-CWF-066,กระดาษการ์ดสี F4 210แกรม 100แผ่น สีเหลือง ,,ห่อ
,,มหาชัย,__export__.product_product_6685,เทสโก้ การ์ดสี A4 120แกรม 30 แผ่น,197,ห่อ
,,มหาชัย,product_P-HB-NO10-A,กระดาษแข็ง เบอร์10 90แผ่น เกรดA,,รีม
,,มหาชัย,product_P-HB-NO10-B,กระดาษแข็ง เบอร์10 90แผ่น เกรดB,,รีม
,,มหาชัย,product_P-HB-NO12-A,กระดาษแข็ง เบอร์12 75แผ่น เกรดA,,รีม
,,มหาชัย,product_P-HB-NO12-B,กระดาษแข็ง เบอร์12 75แผ่น เกรดB,,รีม
,,มหาชัย,product_P-HB-NO16-A,กระดาษแข็ง เบอร์16 55แผ่น เกรดA ,,รีม
,,มหาชัย,product_P-HB-NO16-B,กระดาษแข็ง เบอร์16 55แผ่น เกรดB,,รีม
,,มหาชัย,product_P-HB-NO20-A,กระดาษแข็ง เบอร์20 45แผ่น เกรดA ,,รีม
,,มหาชัย,product_P-HB-NO20-B,กระดาษแข็ง เบอร์20 45แผ่น เกรดB,,รีม
,,มหาชัย,product_P-HB-NO24-A,กระดาษแข็ง เบอร์24 37แผ่น เกรดA,,รีม
,,มหาชัย,product_P-HB-NO24-B,กระดาษแข็ง เบอร์24 37แผ่น เกรดB,,รีม
,,มหาชัย,product_P-HB-NO32-A,กระดาษแข็ง เบอร์32 27แผ่น เกรดA,,รีม
,,มหาชัย,product_P-HB-NO32-B,กระดาษแข็ง เบอร์32 27แผ่น เกรดB,,รีม
,,มหาชัย,product_P-HB-NO8-A,กระดาษแข็ง เบอร์8 110แผ่น เกรดA,,รีม
,,มหาชัย,product_P-HB-NO8-B,กระดาษแข็ง เบอร์8 110แผ่น เกรดB,,รีม
,,มหาชัย,product_P-ANS-100,กระดาษคำตอบ 100ข้อ 50แกรม 200แผ่น,1630,ห่อ
,,มหาชัย,product_P-ANS-120,กระดาษคำตอบ 120ข้อ 50แกรม 200แผ่น,4050,ห่อ
,,มหาชัย,product_P-ANS-60,กระดาษคำตอบ 60ข้อ 50แกรม 200แผ่น,0,ห่อ
,,มหาชัย,product_P-ANS-80,กระดาษคำตอบ 80ข้อ 50แกรม 200แผ่น,0,ห่อ
,,มหาชัย,product_P-PC-A3-70G-300S,กระดาษถ่ายเอกสาร A3 70แกรม 300แผ่น Venus,,ห่อ
,,มหาชัย,product_P-PC-A3-70G-500S,กระดาษถ่ายเอกสาร A3 70แกรม 500แผ่น Venus,,ห่อ
,,มหาชัย,product_P-PC-A3-80G-300S,กระดาษถ่ายเอกสาร A3 80แกรม 300แผ่น Venus,,ห่อ
,,มหาชัย,product_P-PC-A3-80G-500S,กระดาษถ่ายเอกสาร A3 80แกรม 500แผ่น Venus,,ห่อ
,,มหาชัย,product_P-PC-A4-70G-300S,กระดาษถ่ายเอกสาร A4 70แกรม 300แผ่น Venus,828,ห่อ
,,มหาชัย,product_P-PC-A4-70G-400S,กระดาษถ่ายเอกสาร A4 70แกรม 400แผ่น Venus,570,ห่อ
,,มหาชัย,product_P-PC-A4-70G-500S-CLP,กระดาษถ่ายเอกสาร A4 70แกรม 500แผ่น Copy & Laser Paper,,ห่อ
,,มหาชัย,product_P-PC-A4-70G-500S-IDEAMAX,กระดาษถ่ายเอกสาร A4 70แกรม 500แผ่น Idea max,1350,ห่อ
,,มหาชัย,product_P-PC-A4-70G-500S-PPC,กระดาษถ่ายเอกสาร A4 70แกรม 500แผ่น PPC,25710,ห่อ
,,มหาชัย,product_P-PC-A4-70G-500S,กระดาษถ่ายเอกสาร A4 70แกรม 500แผ่น Venus,11423,ห่อ
,,มหาชัย,product_P-PC-A4-80G-300S,กระดาษถ่ายเอกสาร A4 80แกรม 300แผ่น Venus,2995,ห่อ
,,มหาชัย,product_P-PC-A4-80G-400S,กระดาษถ่ายเอกสาร A4 80แกรม 400แผ่น Venus,0,ห่อ
,,มหาชัย,product_P-PC-A4-80G-500S-IDEAWORK,กระดาษถ่ายเอกสาร A4 80แกรม 500แผ่น Idea work,1296,ห่อ
,,มหาชัย,product_P-PC-A4-80G-500S-PPC,กระดาษถ่ายเอกสาร A4 80แกรม 500แผ่น PPC,0,ห่อ
,,มหาชัย,product_P-PC-A4-80G-500S,กระดาษถ่ายเอกสาร A4 80แกรม 500แผ่น Venus,4212,ห่อ
,,มหาชัย,product_P-PC-F4-70G-300S,กระดาษถ่ายเอกสาร F4 70แกรม 300แผ่น Venus,0,ห่อ
,,มหาชัย,product_P-PC-F4-70G-500S,กระดาษถ่ายเอกสาร F4 70แกรม 500แผ่น Venus,0,ห่อ
,,มหาชัย,product_P-PC-F4-80G-300S,กระดาษถ่ายเอกสาร F4 80แกรม 300แผ่น Venus,80,ห่อ
,,มหาชัย,product_P-PC-F4-80G-500S,กระดาษถ่ายเอกสาร F4 80แกรม 500แผ่น Venus,324,ห่อ
,,มหาชัย,product_157360,Q-BIZ กรดาษถ่ายเอกสารสี 80g A4 200 แผ่น (คละสีNo.1-4),0,ห่อ
,,มหาชัย,product_112488,Q-BIZ กรดาษถ่ายเอกสารสีเขียว 80g A4 100 แผ่น No.14,0,ห่อ
,,มหาชัย,product_112507,Q-BIZ กรดาษถ่ายเอกสารสีแดง 80g A4 100 แผ่น No.16,0,ห่อ
,,มหาชัย,product_112480,Q-BIZ กรดาษถ่ายเอกสารสีฟ้า 80g A4 100 แผ่น No.13,0,ห่อ
,,มหาชัย,product_112493,Q-BIZ กรดาษถ่ายเอกสารสีส้ม 80g A4 100 แผ่น No.15,0,ห่อ
,,มหาชัย,product_112477,Q-BIZ กรดาษถ่ายเอกสารสีเหลือง 80g A4 100 แผ่น No.12,0,ห่อ
,,มหาชัย,product_94809,Q-BIZ กระดาษถ่ายเอกสารสีเข้ม 80g A4 200 แผ่น (คละสีNo.12-15),800,ห่อ
,,มหาชัย,product_235307,Q-BIZ กระดาษถ่ายเอกสารสีม่วง 80g A4 100 แผ่น No.10,0,ห่อ
,,มหาชัย,product_235308,Q-BIZ กระดาษถ่ายเอกสารสีเหลืองทอง 80g A4 100 แผ่น No.11,0,ห่อ
,,มหาชัย,__export__.product_product_7292,กระดาษถ่ายเอกสารสี A4 80แกรม 100แผ่น เบอร์10สีม่วง,,ห่อ
,,มหาชัย,__export__.product_product_6984,กระดาษถ่ายเอกสารสี A4 80แกรม 100แผ่น เบอร์11สีไข่ไก่,,ห่อ
,,มหาชัย,__export__.product_product_6985,กระดาษถ่ายเอกสารสี A4 80แกรม 100แผ่น เบอร์12สีเหลืองเข้ม,,ห่อ
,,มหาชัย,__export__.product_product_6986,กระดาษถ่ายเอกสารสี A4 80แกรม 100แผ่น เบอร์13สีฟ้า,,ห่อ
,,มหาชัย,__export__.product_product_6987,กระดาษถ่ายเอกสารสี A4 80แกรม 100แผ่น เบอร์14สีเขียว,,ห่อ
,,มหาชัย,__export__.product_product_6988,กระดาษถ่ายเอกสารสี A4 80แกรม 100แผ่น เบอร์15สีส้ม,,ห่อ
,,มหาชัย,__export__.product_product_6989,กระดาษถ่ายเอกสารสี A4 80แกรม 100แผ่น เบอร์16สีแดง,,ห่อ
,,มหาชัย,__export__.product_product_6975,กระดาษถ่ายเอกสารสี A4 80แกรม 100แผ่น เบอร์1สีฟ้าเข้ม,,ห่อ
,,มหาชัย,__export__.product_product_6976,กระดาษถ่ายเอกสารสี A4 80แกรม 100แผ่น เบอร์2สีเขียวเข้ม,,ห่อ
,,มหาชัย,__export__.product_product_6977,กระดาษถ่ายเอกสารสี A4 80แกรม 100แผ่น เบอร์3สีเหลือง,,ห่อ
,,มหาชัย,__export__.product_product_6978,กระดาษถ่ายเอกสารสี A4 80แกรม 100แผ่น เบอร์4สีชมพูเข้ม,,ห่อ
,,มหาชัย,__export__.product_product_6979,กระดาษถ่ายเอกสารสี A4 80แกรม 100แผ่น เบอร์5สีชมพูอ่อน,,ห่อ
,,มหาชัย,__export__.product_product_6980,กระดาษถ่ายเอกสารสี A4 80แกรม 100แผ่น เบอร์6สีฟ้าอ่อน,,ห่อ
,,มหาชัย,__export__.product_product_6981,กระดาษถ่ายเอกสารสี A4 80แกรม 100แผ่น เบอร์7สีครีม,,ห่อ
,,มหาชัย,__export__.product_product_6982,กระดาษถ่ายเอกสารสี A4 80แกรม 100แผ่น เบอร์8สีเขียวอ่อน,,ห่อ
,,มหาชัย,__export__.product_product_6983,กระดาษถ่ายเอกสารสี A4 80แกรม 100แผ่น เบอร์9สีส้มโอรส,,ห่อ
,,มหาชัย,__export__.product_product_6917,กระดาษถ่ายเอกสารสี A4 80แกรม 200แผ่น คละสี เบอร์1-4,,ห่อ
,,มหาชัย,__export__.product_product_6918,กระดาษถ่ายเอกสารสี A4 80แกรม 200แผ่น คละสี เบอร์12-16,,ห่อ
,,มหาชัย,__export__.product_product_6919,กระดาษถ่ายเอกสารสี A4 80แกรม 200แผ่น คละสี เบอร์17-21,,ห่อ
,,มหาชัย,product_63_P-P01,กระดาษถ่ายเอกสารสี A4 80แกรม 500แผ่น คละสี,795,ห่อ
,,มหาชัย,product_P-PCWF-SR-001,กระดาษถ่ายเอกสารสี A4 80แกรม 500แผ่น เบอร์1 สำโรง,,ห่อ
,,มหาชัย,product_P-PCWF-026,กระดาษถ่ายเอกสารสี A4 80แกรม 500แผ่น เบอร์10สีม่วง,100,ห่อ
,,มหาชัย,product_P-PCWF-027,กระดาษถ่ายเอกสารสี A4 80แกรม 500แผ่น เบอร์11สีไข่ไก่,0,ห่อ
,,มหาชัย,product_P-PCWF-028,กระดาษถ่ายเอกสารสี A4 80แกรม 500แผ่น เบอร์12สีเหลืองเข้ม,608,ห่อ
,,มหาชัย,product_P-PCWF-029,กระดาษถ่ายเอกสารสี A4 80แกรม 500แผ่น เบอร์13สีฟ้า,381,ห่อ
,,มหาชัย,product_P-PCWF-030,กระดาษถ่ายเอกสารสี A4 80แกรม 500แผ่น เบอร์14สีเขียว,459,ห่อ
,,มหาชัย,product_P-PCWF-031,กระดาษถ่ายเอกสารสี A4 80แกรม 500แผ่น เบอร์15สีส้ม,0,ห่อ
,,มหาชัย,product_P-PCWF-032,กระดาษถ่ายเอกสารสี A4 80แกรม 500แผ่น เบอร์16สีแดง,0,ห่อ
,,มหาชัย,product_P-PCWF-017,กระดาษถ่ายเอกสารสี A4 80แกรม 500แผ่น เบอร์1สีฟ้าเข้ม,0,ห่อ
,,มหาชัย,product_P-PCWF-SR-002,กระดาษถ่ายเอกสารสี A4 80แกรม 500แผ่น เบอร์2 สำโรง,0,ห่อ
,,มหาชัย,product_P-PCWF-018,กระดาษถ่ายเอกสารสี A4 80แกรม 500แผ่น เบอร์2สีเขียวเข้ม,0,ห่อ
,,มหาชัย,product_P-PCWF-SR-003,กระดาษถ่ายเอกสารสี A4 80แกรม 500แผ่น เบอร์3 สำโรง,0,ห่อ
,,มหาชัย,product_P-PCWF-019,กระดาษถ่ายเอกสารสี A4 80แกรม 500แผ่น เบอร์3สีเหลือง,0,ห่อ
,,มหาชัย,product_P-PCWF-SR-004,กระดาษถ่ายเอกสารสี A4 80แกรม 500แผ่น เบอร์4 สำโรง,0,ห่อ
,,มหาชัย,product_P-PCWF-020,กระดาษถ่ายเอกสารสี A4 80แกรม 500แผ่น เบอร์4สีชมพูเข้ม,0,ห่อ
,,มหาชัย,product_P-PCWF-SR-005,กระดาษถ่ายเอกสารสี A4 80แกรม 500แผ่น เบอร์5 สำโรง,0,ห่อ
,,มหาชัย,product_P-PCWF-021,กระดาษถ่ายเอกสารสี A4 80แกรม 500แผ่น เบอร์5สีชมพูอ่อน,0,ห่อ
,,มหาชัย,product_P-PCWF-SR-006,กระดาษถ่ายเอกสารสี A4 80แกรม 500แผ่น เบอร์6 สำโรง,0,ห่อ
,,มหาชัย,product_P-PCWF-022,กระดาษถ่ายเอกสารสี A4 80แกรม 500แผ่น เบอร์6สีฟ้าอ่อน,0,ห่อ
,,มหาชัย,product_P-PCWF-SR-007,กระดาษถ่ายเอกสารสี A4 80แกรม 500แผ่น เบอร์7 สำโรง,0,ห่อ
,,มหาชัย,product_P-PCWF-023,กระดาษถ่ายเอกสารสี A4 80แกรม 500แผ่น เบอร์7สีครีม,0,ห่อ
,,มหาชัย,product_P-PCWF-SR-008,กระดาษถ่ายเอกสารสี A4 80แกรม 500แผ่น เบอร์8 สำโรง,0,ห่อ
,,มหาชัย,product_P-PCWF-024,กระดาษถ่ายเอกสารสี A4 80แกรม 500แผ่น เบอร์8สีเขียวอ่อน,0,ห่อ
,,มหาชัย,product_P-PCWF-025,กระดาษถ่ายเอกสารสี A4 80แกรม 500แผ่น เบอร์9สีส้มโอรส,463,ห่อ
,,มหาชัย,product_P-PCWF-010,กระดาษถ่ายเอกสารสี A4 80แกรม 50แผ่น เบอร์10สีม่วง,,ห่อ
,,มหาชัย,product_P-PCWF-011,กระดาษถ่ายเอกสารสี A4 80แกรม 50แผ่น เบอร์11สีไข่ไก่,,ห่อ
,,มหาชัย,product_P-PCWF-012,กระดาษถ่ายเอกสารสี A4 80แกรม 50แผ่น เบอร์12สีเหลืองเข้ม,,ห่อ
,,มหาชัย,product_P-PCWF-013,กระดาษถ่ายเอกสารสี A4 80แกรม 50แผ่น เบอร์13สีฟ้า,,ห่อ
,,มหาชัย,product_P-PCWF-014,กระดาษถ่ายเอกสารสี A4 80แกรม 50แผ่น เบอร์14สีเขียว,,ห่อ
,,มหาชัย,product_P-PCWF-015,กระดาษถ่ายเอกสารสี A4 80แกรม 50แผ่น เบอร์15สีส้ม,,ห่อ
,,มหาชัย,product_P-PCWF-016,กระดาษถ่ายเอกสารสี A4 80แกรม 50แผ่น เบอร์16สีแดง,,ห่อ
,,มหาชัย,product_P-PCWF-001,กระดาษถ่ายเอกสารสี A4 80แกรม 50แผ่น เบอร์1สีฟ้าเข้ม,,ห่อ
,,มหาชัย,product_P-PCWF-002,กระดาษถ่ายเอกสารสี A4 80แกรม 50แผ่น เบอร์2สีเขียวเข้ม,,ห่อ
,,มหาชัย,product_P-PCWF-003,กระดาษถ่ายเอกสารสี A4 80แกรม 50แผ่น เบอร์3สีเหลือง,,ห่อ
,,มหาชัย,product_P-PCWF-004,กระดาษถ่ายเอกสารสี A4 80แกรม 50แผ่น เบอร์4สีชมพูเข้ม,,ห่อ
,,มหาชัย,product_P-PCWF-005,กระดาษถ่ายเอกสารสี A4 80แกรม 50แผ่น เบอร์5สีชมพูอ่อน,,ห่อ
,,มหาชัย,product_P-PCWF-006,กระดาษถ่ายเอกสารสี A4 80แกรม 50แผ่น เบอร์6สีฟ้าอ่อน,,ห่อ
,,มหาชัย,product_P-PCWF-007,กระดาษถ่ายเอกสารสี A4 80แกรม 50แผ่น เบอร์7สีครีม,,ห่อ
,,มหาชัย,product_P-PCWF-008,กระดาษถ่ายเอกสารสี A4 80แกรม 50แผ่น เบอร์8สีเขียวอ่อน,,ห่อ
,,มหาชัย,product_P-PCWF-009,กระดาษถ่ายเอกสารสี A4 80แกรม 50แผ่น เบอร์9สีส้มโอรส,,ห่อ
,,มหาชัย,product_P-PCWF-033,กระดาษถ่ายเอกสารสีสะท้อนแสง A4 80แกรม 100แผ่น เบอร์17สีชมพู,,ห่อ
,,มหาชัย,product_P-PCWF-034,กระดาษถ่ายเอกสารสีสะท้อนแสง A4 80แกรม 100แผ่น เบอร์18สีโอรส,,ห่อ
,,มหาชัย,product_P-PCWF-035,กระดาษถ่ายเอกสารสีสะท้อนแสง A4 80แกรม 100แผ่น เบอร์19สีส้ม,,ห่อ
,,มหาชัย,product_P-PCWF-036,กระดาษถ่ายเอกสารสีสะท้อนแสง A4 80แกรม 100แผ่น เบอร์20สีเขียว,,ห่อ
,,มหาชัย,product_P-PCWF-037,กระดาษถ่ายเอกสารสีสะท้อนแสง A4 80แกรม 100แผ่น เบอร์21สีเหลือง,,ห่อ
,,มหาชัย,product_P-PCWF-038,กระดาษถ่ายเอกสารสีสะท้อนแสง A4 80แกรม 500แผ่น เบอร์17สีชมพู,,ห่อ
,,มหาชัย,product_P-PCWF-039,กระดาษถ่ายเอกสารสีสะท้อนแสง A4 80แกรม 500แผ่น เบอร์18สีโอรส,,ห่อ
,,มหาชัย,product_P-PCWF-040,กระดาษถ่ายเอกสารสีสะท้อนแสง A4 80แกรม 500แผ่น เบอร์19สีส้ม,,ห่อ
,,มหาชัย,product_P-PCWF-041,กระดาษถ่ายเอกสารสีสะท้อนแสง A4 80แกรม 500แผ่น เบอร์20สีเขียว,,ห่อ
,,มหาชัย,product_P-PCWF-042,กระดาษถ่ายเอกสารสีสะท้อนแสง A4 80แกรม 500แผ่น เบอร์21สีเหลือง,,ห่อ
,,มหาชัย,product_P-RC-35*47,กระดาษน้ำตาล 35*47นิ้ว 110แกรม เกรดA,,รีม
,,มหาชัย,product_2800684,To do list  70 แกรม 60 แผ่นA,5472,เล่ม
,,มหาชัย,product_2800685,To do list  70 แกรม 60 แผ่นB,10356,เล่ม
,,มหาชัย,product_2800679,กระดาษโน้ต70 แกรม 280แผ่น แพ็ค4A,3120,เล่ม
,,มหาชัย,product_2800680,กระดาษโน้ต70 แกรม 280แผ่น แพ็ค4B,1416,เล่ม
,,มหาชัย,__export__.product_product_6957,กระดาษโน้ต70g 280แผ่น แพ็ค4,5004,เล่ม
,,มหาชัย,__export__.product_product_6971,กระดาษโน้ต70g 280แผ่น แพ็ค4-Chic(LT),4464,เล่ม
,,มหาชัย,__export__.product_product_6973,กระดาษโน้ต70g 280แผ่น แพ็ค4-Floral(LT),0,เล่ม
,,มหาชัย,__export__.product_product_6972,กระดาษโน้ต70g 280แผ่น แพ็ค4-Novel(LT),0,เล่ม
,,มหาชัย,__export__.product_product_6974,กระดาษโน้ตยาว To do list 70g 60แผ่น-ขาว(LT),0,เล่ม
,,มหาชัย,product_P-LG-003,กระดาษบัญชีเนื้อเขียว 26รู 2ช่อง,,ห่อ
,,มหาชัย,product_P-LG-004,กระดาษบัญชีเนื้อเขียว 26รู 3ช่อง,,ห่อ
,,มหาชัย,product_P-LG-011,กระดาษบัญชีเนื้อเขียว 26รู ธรรมดา,,ห่อ
,,มหาชัย,product_P-LG-009,กระดาษบัญชีเนื้อเขียว 26รู แยกประเภท,,ห่อ
,,มหาชัย,product_P-LG-013,กระดาษบัญชีเนื้อเขียว 26รู สต็อก,,ห่อ
,,มหาชัย,product_P-LG-001,กระดาษบัญชีเนื้อเขียว 2รู 2ช่อง,,ห่อ
,,มหาชัย,product_P-LG-002,กระดาษบัญชีเนื้อเขียว 2รู 3ช่อง,,ห่อ
,,มหาชัย,product_P-LG-008,กระดาษบัญชีเนื้อเขียว 2รู แยกประเภท,,ห่อ
,,มหาชัย,product_P-LG-005,กระดาษบัญชีเนื้อเขียว 30รู 2ช่อง,,ห่อ
,,มหาชัย,product_P-LG-006,กระดาษบัญชีเนื้อเขียว 30รู 3ช่อง,,ห่อ
,,มหาชัย,product_P-LG-007,กระดาษบัญชีเนื้อเขียว 30รู 4ช่อง,,ห่อ
,,มหาชัย,product_P-LG-012,กระดาษบัญชีเนื้อเขียว 30รู ธรรมดา,,ห่อ
,,มหาชัย,product_P-LG-010,กระดาษบัญชีเนื้อเขียว 30รู แยกประเภท,,ห่อ
,,มหาชัย,product_P-LG-014,กระดาษบัญชีเนื้อเขียว 30รู สต็อก,,ห่อ
,,มหาชัย,product_P-TCWF-027,กระดาษแบ๊งค์สี 31*43นิ้ว 55แกรม 500แผ่น สีเขียว,,รีม
,,มหาชัย,product_P-TCWF-026,กระดาษแบ๊งค์สี 31*43นิ้ว 55แกรม 500แผ่น สีชมพู,,รีม
,,มหาชัย,product_P-TCWF-025,กระดาษแบ๊งค์สี 31*43นิ้ว 55แกรม 500แผ่น สีฟ้า,,รีม
,,มหาชัย,product_P-TCWF-028,กระดาษแบ๊งค์สี 31*43นิ้ว 55แกรม 500แผ่น สีเหลือง,,รีม
,,มหาชัย,product_P-TCWF-003,กระดาษแบ๊งค์สี A4 55แกรม 300แผ่น สีเขียว,0,ห่อ
,,มหาชัย,product_P-TCWF-002,กระดาษแบ๊งค์สี A4 55แกรม 300แผ่น สีชมพู,0,ห่อ
,,มหาชัย,product_P-TCWF-001,กระดาษแบ๊งค์สี A4 55แกรม 300แผ่น สีฟ้า,0,ห่อ
,,มหาชัย,product_P-TCWF-004,กระดาษแบ๊งค์สี A4 55แกรม 300แผ่น สีเหลือง,0,ห่อ
,,มหาชัย,product_P-TCWF-007,กระดาษแบ๊งค์สี A4 55แกรม 400แผ่น สีเขียว,0,ห่อ
,,มหาชัย,product_P-TCWF-006,กระดาษแบ๊งค์สี A4 55แกรม 400แผ่น สีชมพู,0,ห่อ
,,มหาชัย,product_P-TCWF-005,กระดาษแบ๊งค์สี A4 55แกรม 400แผ่น สีฟ้า,0,ห่อ
,,มหาชัย,product_P-TCWF-008,กระดาษแบ๊งค์สี A4 55แกรม 400แผ่น สีเหลือง,0,ห่อ
,,มหาชัย,product_P-TCWF-011,กระดาษแบ๊งค์สี A4 55แกรม 500แผ่น สีเขียว,0,ห่อ
,,มหาชัย,product_P-TCWF-010,กระดาษแบ๊งค์สี A4 55แกรม 500แผ่น สีชมพู,0,ห่อ
,,มหาชัย,product_P-TCWF-009,กระดาษแบ๊งค์สี A4 55แกรม 500แผ่น สีฟ้า,0,ห่อ
,,มหาชัย,product_P-TCWF-012,กระดาษแบ๊งค์สี A4 55แกรม 500แผ่น สีเหลือง,0,ห่อ
,,มหาชัย,product_P-TCWF-015,กระดาษแบ๊งค์สี F4 55แกรม 300แผ่น สีเขียว,,ห่อ
,,มหาชัย,product_P-TCWF-014,กระดาษแบ๊งค์สี F4 55แกรม 300แผ่น สีชมพู,,ห่อ
,,มหาชัย,product_P-TCWF-013,กระดาษแบ๊งค์สี F4 55แกรม 300แผ่น สีฟ้า,,ห่อ
,,มหาชัย,product_P-TCWF-016,กระดาษแบ๊งค์สี F4 55แกรม 300แผ่น สีเหลือง,,ห่อ
,,มหาชัย,product_P-TCWF-019,กระดาษแบ๊งค์สี F4 55แกรม 400แผ่น สีเขียว,,ห่อ
,,มหาชัย,product_P-TCWF-018,กระดาษแบ๊งค์สี F4 55แกรม 400แผ่น สีชมพู,,ห่อ
,,มหาชัย,product_P-TCWF-017,กระดาษแบ๊งค์สี F4 55แกรม 400แผ่น สีฟ้า,,ห่อ
,,มหาชัย,product_P-TCWF-020,กระดาษแบ๊งค์สี F4 55แกรม 400แผ่น สีเหลือง,,ห่อ
,,มหาชัย,product_P-TCWF-023,กระดาษแบ๊งค์สี F4 55แกรม 500แผ่น สีเขียว,,ห่อ
,,มหาชัย,product_P-TCWF-022,กระดาษแบ๊งค์สี F4 55แกรม 500แผ่น สีชมพู,,ห่อ
,,มหาชัย,product_P-TCWF-021,กระดาษแบ๊งค์สี F4 55แกรม 500แผ่น สีฟ้า,,ห่อ
,,มหาชัย,product_P-TCWF-024,กระดาษแบ๊งค์สี F4 55แกรม 500แผ่น สีเหลือง,,ห่อ
,,มหาชัย,product_182502,กระดาษแบงค์สี OFM A4 55G P250 สีเขียว ,,ห่อ
,,มหาชัย,product_182503,กระดาษแบงค์สี OFM A4 55G P250 สีชมพู ,,ห่อ
,,มหาชัย,product_182501,กระดาษแบงค์สี OFM A4 55G P250 สีฟ้า ,,ห่อ
,,มหาชัย,product_182504,กระดาษแบงค์สี OFM A4 55G P250 สีเหลือง ,,ห่อ
,,มหาชัย,product_P-NP-31*43,กระดาษปรู๊ฟขาว 31*43นิ้ว 47แกรม,,รีม
,,มหาชัย,product_P-WF-100G,กระดาษปอนด์ขาว 31*43 100แกรม 500แผ่น,,รีม
,,มหาชัย,product_P-WF-60G,กระดาษปอนด์ขาว 31*43 60แกรม 500แผ่น,,รีม
,,มหาชัย,product_P-WF-70G,กระดาษปอนด์ขาว 31*43 70แกรม 500แผ่น,,รีม
,,มหาชัย,product_P-WF-80G,กระดาษปอนด์ขาว 31*43 80แกรม 500แผ่น,,รีม
,,มหาชัย,product_P-PT-HM,กระดาษโปสเตอร์แข็ง คละสี,,แผ่น
,,มหาชัย,product_P-PT-050,กระดาษโปสเตอร์แข็ง หน้าเดี่ยว เบอร์10สีชมพูอ่อน,,แผ่น
,,มหาชัย,product_P-PT-051,กระดาษโปสเตอร์แข็ง หน้าเดี่ยว เบอร์11สีฟ้าเข้ม,,แผ่น
,,มหาชัย,product_P-PT-052,กระดาษโปสเตอร์แข็ง หน้าเดี่ยว เบอร์12สีฟ้ากลาง,,แผ่น
,,มหาชัย,product_P-PT-053,กระดาษโปสเตอร์แข็ง หน้าเดี่ยว เบอร์13สีฟ้าอ่อน,,แผ่น
,,มหาชัย,product_P-PT-054,กระดาษโปสเตอร์แข็ง หน้าเดี่ยว เบอร์14สีม่วงเข้ม,,แผ่น
,,มหาชัย,product_P-PT-055,กระดาษโปสเตอร์แข็ง หน้าเดี่ยว เบอร์15สีม่วงอ่อน,,แผ่น
,,มหาชัย,product_P-PT-056,กระดาษโปสเตอร์แข็ง หน้าเดี่ยว เบอร์16สีชมพูเข้ม,,แผ่น
,,มหาชัย,product_P-PT-057,กระดาษโปสเตอร์แข็ง หน้าเดี่ยว เบอร์17สีชมพูกลาง,,แผ่น
,,มหาชัย,product_P-PT-058,กระดาษโปสเตอร์แข็ง หน้าเดี่ยว เบอร์18สีน้ำตาล,,แผ่น
,,มหาชัย,product_P-PT-059,กระดาษโปสเตอร์แข็ง หน้าเดี่ยว เบอร์19สีดำ,,แผ่น
,,มหาชัย,product_P-PT-041,กระดาษโปสเตอร์แข็ง หน้าเดี่ยว เบอร์1สีแดงเข้ม,,แผ่น
,,มหาชัย,product_P-PT-060,กระดาษโปสเตอร์แข็ง หน้าเดี่ยว เบอร์20สีเทา,,แผ่น
,,มหาชัย,product_P-PT-042,กระดาษโปสเตอร์แข็ง หน้าเดี่ยว เบอร์2สีแดงอ่อน,,แผ่น
,,มหาชัย,product_P-PT-043,กระดาษโปสเตอร์แข็ง หน้าเดี่ยว เบอร์3สีส้ม,,แผ่น
,,มหาชัย,product_P-PT-044,กระดาษโปสเตอร์แข็ง หน้าเดี่ยว เบอร์4สีเหลืองเข้ม,,แผ่น
,,มหาชัย,product_P-PT-045,กระดาษโปสเตอร์แข็ง หน้าเดี่ยว เบอร์5สีเหลืองอ่อน,,แผ่น
,,มหาชัย,product_P-PT-046,กระดาษโปสเตอร์แข็ง หน้าเดี่ยว เบอร์6สีครีม,,แผ่น
,,มหาชัย,product_P-PT-047,กระดาษโปสเตอร์แข็ง หน้าเดี่ยว เบอร์7สีเขียวเข้ม,,แผ่น
,,มหาชัย,product_P-PT-048,กระดาษโปสเตอร์แข็ง หน้าเดี่ยว เบอร์8สีเขียวกลาง,,แผ่น
,,มหาชัย,product_P-PT-049,กระดาษโปสเตอร์แข็ง หน้าเดี่ยว เบอร์9สีเขียวอ่อน,,แผ่น
,,มหาชัย,product_P-PT-1SM,กระดาษโปสเตอร์อ่อน 1หน้า คละสี,,แผ่น
,,มหาชัย,product_P-PT-010,กระดาษโปสเตอร์อ่อน 1หน้า เบอร์10สีชมพูอ่อน,,แผ่น
,,มหาชัย,product_P-PT-011,กระดาษโปสเตอร์อ่อน 1หน้า เบอร์11สีฟ้าเข้ม,,แผ่น
,,มหาชัย,product_P-PT-012,กระดาษโปสเตอร์อ่อน 1หน้า เบอร์12สีฟ้ากลาง,,แผ่น
,,มหาชัย,product_P-PT-013,กระดาษโปสเตอร์อ่อน 1หน้า เบอร์13สีฟ้าอ่อน,,แผ่น
,,มหาชัย,product_P-PT-014,กระดาษโปสเตอร์อ่อน 1หน้า เบอร์14สีม่วงเข้ม,,แผ่น
,,มหาชัย,product_P-PT-015,กระดาษโปสเตอร์อ่อน 1หน้า เบอร์15สีม่วงอ่อน,,แผ่น
,,มหาชัย,product_P-PT-016,กระดาษโปสเตอร์อ่อน 1หน้า เบอร์16สีชมพูเข้ม,,แผ่น
,,มหาชัย,product_P-PT-017,กระดาษโปสเตอร์อ่อน 1หน้า เบอร์17สีชมพูกลาง,,แผ่น
,,มหาชัย,product_P-PT-018,กระดาษโปสเตอร์อ่อน 1หน้า เบอร์18สีน้ำตาล,,แผ่น
,,มหาชัย,product_P-PT-019,กระดาษโปสเตอร์อ่อน 1หน้า เบอร์19สีดำ,,แผ่น
,,มหาชัย,product_P-PT-001,กระดาษโปสเตอร์อ่อน 1หน้า เบอร์1สีแดงเข้ม,,แผ่น
,,มหาชัย,product_P-PT-020,กระดาษโปสเตอร์อ่อน 1หน้า เบอร์20สีเทา,,แผ่น
,,มหาชัย,product_P-PT-002,กระดาษโปสเตอร์อ่อน 1หน้า เบอร์2สีแดงอ่อน,,แผ่น
,,มหาชัย,product_P-PT-003,กระดาษโปสเตอร์อ่อน 1หน้า เบอร์3สีส้ม,,แผ่น
,,มหาชัย,product_P-PT-004,กระดาษโปสเตอร์อ่อน 1หน้า เบอร์4สีเหลืองเข้ม,,แผ่น
,,มหาชัย,product_P-PT-005,กระดาษโปสเตอร์อ่อน 1หน้า เบอร์5สีเหลืองอ่อน,,แผ่น
,,มหาชัย,product_P-PT-006,กระดาษโปสเตอร์อ่อน 1หน้า เบอร์6สีครีม,,แผ่น
,,มหาชัย,product_P-PT-007,กระดาษโปสเตอร์อ่อน 1หน้า เบอร์7สีเขียวเข้ม,,แผ่น
,,มหาชัย,product_P-PT-008,กระดาษโปสเตอร์อ่อน 1หน้า เบอร์8สีเขียวกลาง,,แผ่น
,,มหาชัย,product_P-PT-009,กระดาษโปสเตอร์อ่อน 1หน้า เบอร์9สีเขียวอ่อน,,แผ่น
,,มหาชัย,product_P-PT-2SM,กระดาษโปสเตอร์อ่อน 2หน้า คละสี,,แผ่น
,,มหาชัย,product_P-PT-030,กระดาษโปสเตอร์อ่อน 2หน้า เบอร์10สีชมพูอ่อน,,แผ่น
,,มหาชัย,product_P-PT-031,กระดาษโปสเตอร์อ่อน 2หน้า เบอร์11สีฟ้าเข้ม,,แผ่น
,,มหาชัย,product_P-PT-032,กระดาษโปสเตอร์อ่อน 2หน้า เบอร์12สีฟ้ากลาง,,แผ่น
,,มหาชัย,product_P-PT-033,กระดาษโปสเตอร์อ่อน 2หน้า เบอร์13สีฟ้าอ่อน,,แผ่น
,,มหาชัย,product_P-PT-034,กระดาษโปสเตอร์อ่อน 2หน้า เบอร์14สีม่วงเข้ม,,แผ่น
,,มหาชัย,product_P-PT-035,กระดาษโปสเตอร์อ่อน 2หน้า เบอร์15สีม่วงอ่อน,,แผ่น
,,มหาชัย,product_P-PT-036,กระดาษโปสเตอร์อ่อน 2หน้า เบอร์16สีชมพูเข้ม,,แผ่น
,,มหาชัย,product_P-PT-037,กระดาษโปสเตอร์อ่อน 2หน้า เบอร์17สีชมพูกลาง,,แผ่น
,,มหาชัย,product_P-PT-038,กระดาษโปสเตอร์อ่อน 2หน้า เบอร์18สีน้ำตาล,,แผ่น
,,มหาชัย,product_P-PT-039,กระดาษโปสเตอร์อ่อน 2หน้า เบอร์19สีดำ,,แผ่น
,,มหาชัย,product_P-PT-021,กระดาษโปสเตอร์อ่อน 2หน้า เบอร์1สีแดงเข้ม,,แผ่น
,,มหาชัย,product_P-PT-040,กระดาษโปสเตอร์อ่อน 2หน้า เบอร์20สีเทา,,แผ่น
,,มหาชัย,product_P-PT-022,กระดาษโปสเตอร์อ่อน 2หน้า เบอร์2สีแดงอ่อน,,แผ่น
,,มหาชัย,product_P-PT-023,กระดาษโปสเตอร์อ่อน 2หน้า เบอร์3สีส้ม,,แผ่น
,,มหาชัย,product_P-PT-024,กระดาษโปสเตอร์อ่อน 2หน้า เบอร์4สีเหลืองเข้ม,,แผ่น
,,มหาชัย,product_P-PT-025,กระดาษโปสเตอร์อ่อน 2หน้า เบอร์5สีเหลืองอ่อน,,แผ่น
,,มหาชัย,product_P-PT-026,กระดาษโปสเตอร์อ่อน 2หน้า เบอร์6สีครีม,,แผ่น
,,มหาชัย,product_P-PT-027,กระดาษโปสเตอร์อ่อน 2หน้า เบอร์7สีเขียวเข้ม,,แผ่น
,,มหาชัย,product_P-PT-028,กระดาษโปสเตอร์อ่อน 2หน้า เบอร์8สีเขียวกลาง,,แผ่น
,,มหาชัย,product_P-PT-029,กระดาษโปสเตอร์อ่อน 2หน้า เบอร์9สีเขียวอ่อน,,แผ่น
,,มหาชัย,product_139364,Q-BIZ กระดาษฟุลสแก๊ป No.34 120 แผ่น,,ห่อ
,,มหาชัย,product_P-FS-NO150,กระดาษฟุลสแก๊ป เบอร์150 100แกรม 480คู่,,ห่อ
,,มหาชัย,product_P-FS-NO34,กระดาษฟุลสแก๊ป เบอร์34 60แกรม 480คู่,,ห่อ
,,มหาชัย,product_P-FS-NO36,กระดาษฟุลสแก๊ป เบอร์36 70แกรม 480คู่,,ห่อ
,,มหาชัย,product_P-FP-PANDA,กระดาษแฟกซ์ แพนด้า 210มม.*22หลา,,ม้วน
,,มหาชัย,product_P-FP-VENUS,กระดาษแฟกซ์ วีนัส 210มม.*30หลา,,ม้วน
,,มหาชัย,product_P-RP-A4-70G,กระดาษรายงาน A4 70แกรม 200แผ่น,,ห่อ
,,มหาชัย,product_1801611,เทสโก้ กระดาษรายงานมีเส้นA4/100 60แกรม,,แผ่น
,,มหาชัย,product_147372,Q-BIZ กระดาษโรเนียวปรู๊ฟ F4  1*300 แผ่น,970,ห่อ
,,มหาชัย,product_P-DP-A-019,กระดาษโรเนียวปรู๊ฟนอก A4 60แกรม 300แผ่น Venus,1700,ห่อ
,,มหาชัย,product_P-DP-A-020,กระดาษโรเนียวปรู๊ฟนอก A4 60แกรม 500แผ่น Venus,1516,ห่อ
,,มหาชัย,product_P-DP-A-015,กระดาษโรเนียวปรู๊ฟใน A4 60แกรม 300แผ่น Value,0,ห่อ
,,มหาชัย,product_P-DP-A-013,กระดาษโรเนียวปรู๊ฟใน A4 60แกรม 300แผ่น Venus,240,ห่อ
,,มหาชัย,product_P-DP-A-016,กระดาษโรเนียวปรู๊ฟใน A4 60แกรม 500แผ่น Value,0,ห่อ
,,มหาชัย,product_P-DP-A-014,กระดาษโรเนียวปรู๊ฟใน A4 60แกรม 500แผ่น Venus,720,ห่อ
,,มหาชัย,product_P-DP-B-013,กระดาษโรเนียวปรู๊ฟใน F4 60แกรม 300แผ่น Value,0,ห่อ
,,มหาชัย,product_P-DP-A-017,กระดาษโรเนียวปรู๊ฟใน F4 60แกรม 300แผ่น Venus,800,ห่อ
,,มหาชัย,product_P-DP-B-014,กระดาษโรเนียวปรู๊ฟใน F4 60แกรม 500แผ่น Value,0,ห่อ
,,มหาชัย,product_P-DP-A-018,กระดาษโรเนียวปรู๊ฟใน F4 60แกรม 500แผ่น Venus,1566,ห่อ
,,มหาชัย,product_P-DP-B-001,กระดาษโรเนียวปอนด์ A4 60แกรม 300แผ่น Value,663,ห่อ
,,มหาชัย,product_P-DP-A-001,กระดาษโรเนียวปอนด์ A4 60แกรม 300แผ่น Venus,880,ห่อ
,,มหาชัย,product_P-DP-B-004,กระดาษโรเนียวปอนด์ A4 60แกรม 500แผ่น Value,141,ห่อ
,,มหาชัย,product_P-DP-A-004,กระดาษโรเนียวปอนด์ A4 60แกรม 500แผ่น Venus,1486,ห่อ
,,มหาชัย,product_P-DP-B-002,กระดาษโรเนียวปอนด์ A4 70แกรม 300แผ่น Value,0,ห่อ
,,มหาชัย,product_P-DP-A-002,กระดาษโรเนียวปอนด์ A4 70แกรม 300แผ่น Venus,2200,ห่อ
,,มหาชัย,product_P-DP-B-005,กระดาษโรเนียวปอนด์ A4 70แกรม 500แผ่น Value,412,ห่อ
,,มหาชัย,product_P-DP-A-005,กระดาษโรเนียวปอนด์ A4 70แกรม 500แผ่น Venus,1854,ห่อ
,,มหาชัย,product_P-DP-B-003,กระดาษโรเนียวปอนด์ A4 80แกรม 300แผ่น Value,442,ห่อ
,,มหาชัย,product_P-DP-A-003,กระดาษโรเนียวปอนด์ A4 80แกรม 300แผ่น Venus,90,ห่อ
,,มหาชัย,product_P-DP-B-006,กระดาษโรเนียวปอนด์ A4 80แกรม 500แผ่น Value,175,ห่อ
,,มหาชัย,product_P-DP-A-006,กระดาษโรเนียวปอนด์ A4 80แกรม 500แผ่น Venus,977,ห่อ
,,มหาชัย,product_P-DP-B-007,กระดาษโรเนียวปอนด์ F4 60แกรม 300แผ่น Value,1200,ห่อ
,,มหาชัย,product_P-DP-A-007,กระดาษโรเนียวปอนด์ F4 60แกรม 300แผ่น Venus,390,ห่อ
,,มหาชัย,product_P-DP-B-010,กระดาษโรเนียวปอนด์ F4 60แกรม 500แผ่น Value,1873,ห่อ
,,มหาชัย,product_P-DP-A-010,กระดาษโรเนียวปอนด์ F4 60แกรม 500แผ่น Venus,756,ห่อ
,,มหาชัย,product_P-DP-B-008,กระดาษโรเนียวปอนด์ F4 70แกรม 300แผ่น Value,1478,ห่อ
,,มหาชัย,product_P-DP-A-008,กระดาษโรเนียวปอนด์ F4 70แกรม 300แผ่น Venus,0,ห่อ
,,มหาชัย,product_P-DP-B-011,กระดาษโรเนียวปอนด์ F4 70แกรม 500แผ่น Value,280,ห่อ
,,มหาชัย,product_P-DP-A-011,กระดาษโรเนียวปอนด์ F4 70แกรม 500แผ่น Venus,0,ห่อ
,,มหาชัย,product_P-DP-B-009,กระดาษโรเนียวปอนด์ F4 80แกรม 300แผ่น Value,0,ห่อ
,,มหาชัย,product_P-DP-A-009,กระดาษโรเนียวปอนด์ F4 80แกรม 300แผ่น Venus,0,ห่อ
,,มหาชัย,product_P-DP-B-012,กระดาษโรเนียวปอนด์ F4 80แกรม 500แผ่น Value,189,ห่อ
,,มหาชัย,product_P-DP-A-012,กระดาษโรเนียวปอนด์ F4 80แกรม 500แผ่น Venus,0,ห่อ
,,มหาชัย,product_P-DW-31*21dot5-120G,กระดาษวาดเขียน 31*21.5นิ้ว 120แกรม 500แผ่น,,รีม
,,มหาชัย,product_P-DW-31*21dot5-150G,กระดาษวาดเขียน 31*21.5นิ้ว 150แกรม 500แผ่น,,รีม
,,มหาชัย,product_P-DW-31*43-120G,กระดาษวาดเขียน 31*43นิ้ว 120แกรม 500แผ่น,,รีม
,,มหาชัย,product_P-DW-31*43-150G,กระดาษวาดเขียน 31*43นิ้ว 150แกรม 500แผ่น,,รีม
,,มหาชัย,product_P-DW-56*79-200G,กระดาษวาดเขียน 56*76ซม. 200แกรม 500แผ่น นอก,,รีม
,,มหาชัย,product_P-SC-5*8,กระดาษบัญชีสต๊อกการ์ด 5*8นิ้ว 110แกรม 500แผ่น,,ห่อ
,,มหาชัย,product_P-SC-6*8,กระดาษบัญชีสต๊อกการ์ด 6*8นิ้ว 110แกรม 500แผ่น,,ห่อ
,,มหาชัย,product_P-WS-NO65-200,กระดาษสอบ เบอร์65 60แกรม 200แผ่น,2295,ห่อ
,,มหาชัย,product_P-WS-NO65-300,กระดาษสอบ เบอร์65 60แกรม 300แผ่น,3760,ห่อ
,,มหาชัย,__export__.product_product_7296,MKR กระดาษห่อของขวัญ 1*50 แผ่น,6000,ห่อ
,,มหาชัย,product_P-GW-100,กระดาษห่อของขวัญ 1*100แผ่น คละลาย ,1443,ห่อ
,,มหาชัย,product_P-GW-125,กระดาษห่อของขวัญ 1*125แผ่น ,7875,ห่อ
,,มหาชัย,product_P-NB,กล่องกระดาษโน๊ต 8.5*9.5*3ซม.,,กล่อง
,,มหาชัย,product_MSA,ดินน้ำมันปอนด์ ตราผึ้ง,,โหล
,,มหาชัย,product_MSE,ดินสอดำ,,แท่ง
,,มหาชัย,product_MSB-005,เทมเพลท ABC กลาง No.600,,โหล
,,มหาชัย,product_MSB-004,เทมเพลท ABC ใหญ่,,โหล
,,มหาชัย,product_MSB-NO900,เทมเพลท No.900,,โหล
,,มหาชัย,product_MSB-NO901,เทมเพลท No.901,,โหล
,,มหาชัย,product_MSB-NO902,เทมเพลท No.902,,โหล
,,มหาชัย,product_MSB-NO903,เทมเพลท No.903,,โหล
,,มหาชัย,product_MSB-NO904,เทมเพลท No.904,,โหล
,,มหาชัย,product_MSB-NO905,เทมเพลท No.905,,โหล
,,มหาชัย,product_MSB-NO906,เทมเพลท No.906,,โหล
,,มหาชัย,product_MSB-NO907,เทมเพลท No.907,,โหล
,,มหาชัย,product_MSB-NO908,เทมเพลท No.908,,โหล
,,มหาชัย,product_MSB-NO909,เทมเพลท No.909,,โหล
,,มหาชัย,product_MSB-NO910,เทมเพลท No.910,,โหล
,,มหาชัย,product_MSB-002,เทมเพลท ก.ข.ค.กลาง,,โหล
,,มหาชัย,product_MSB-003,เทมเพลท ก.ข.ค.เล็ก,,โหล
,,มหาชัย,product_MSB-001,เทมเพลท ก.ข.ค.ใหญ่,,โหล
,,มหาชัย,product_MSJ-NO2,บัตรรถ No.2,,เล่ม
,,มหาชัย,product_MSJ-NO3,บัตรรถ No.3,,เล่ม
,,มหาชัย,product_1185085,"เทสโก้แวลู บัตรลงเวลา "" ไซโก้ ""  ",74400,แผ่น
,,มหาชัย,product_1185096,"เทสโก้แวลู บัตรลงเวลา "" อามาโน่ ""  ",204000,แผ่น
,,มหาชัย,product_172584,บัตรตอกเวลา OD #AMANO ,,เล่ม
,,มหาชัย,product_63_182383,บัตรตอกเวลา OFM #AMANO,,ห่อ
,,มหาชัย,product_P-TC-SAIKO,บัตรลงเวลา ไซโก้ 400แกรม 100แผ่น,0,ห่อ
,,มหาชัย,product_P-TC-AMANO,บัตรลงเวลา อามาโน่ 400แกรม 100แผ่น,0,ห่อ
,,มหาชัย,__export__.product_product_6908,บิลเงินสด 2ชั้น NO.1 ตราวีนัส (คาร์บอน),,เล่ม
,,มหาชัย,product_MSK-002,บิลเงินสด 2ชั้น ตราเพชร,,เล่ม
,,มหาชัย,__export__.product_product_6909,บิลเงินสด 3ชั้น NO.1 ตราวีนัส (คาร์บอน),,เล่ม
,,มหาชัย,product_MSK-001,บิลเงินสด 3ชั้น ตราเพชร,,เล่ม
,,มหาชัย,__export__.product_product_6912,ใบรับรองหักภาษี ณ ที่จ่าย 4ชั้น NO.1 ตราวีนัส (คาร์บอน),,เล่ม
,,มหาชัย,product_MSK-007,ใบรับรองหักภาษี ณ ที่จ่าย4ชั้น ตราเพชร,,เล่ม
,,มหาชัย,product_MSK-005,ใบวางบิล 2ชั้น ตราเพชร,,เล่ม
,,มหาชัย,__export__.product_product_6910,ใบส่งของชั่วคราว 2ชั้น NO.1 ตราวีนัส (คาร์บอน),,เล่ม
,,มหาชัย,product_MSK-004,ใบส่งของชั่วคราว 2ชั้น ตราเพชร,,เล่ม
,,มหาชัย,__export__.product_product_6911,ใบส่งของชั่วคราว 3ชั้น NO.1 ตราวีนัส (คาร์บอน),,เล่ม
,,มหาชัย,product_MSK-003,ใบส่งของชั่วคราว 3ชั้น ตราเพชร,,เล่ม
,,มหาชัย,product_MSK-006,ใบเสร็จรับเงิน 2ชั้น ตราเพชร,,เล่ม
,,มหาชัย,product_MSL-001,บิลเงินสด 2ชั้น เบอร์0 วีนัส,,เล่ม
,,มหาชัย,product_MSL-002,บิลเงินสด 2ชั้น เบอร์1 วีนัส,,เล่ม
,,มหาชัย,product_MSL-003,บิลเงินสด 2ชั้น เบอร์2 วีนัส,,เล่ม
,,มหาชัย,product_MSL-004,บิลเงินสด 2ชั้น เบอร์3 วีนัส,,เล่ม
,,มหาชัย,product_MSL-005,ใบส่งของ 3ชั้น เบอร์0 วีนัส,,เล่ม
,,มหาชัย,product_MSL-006,ใบส่งของ 3ชั้น เบอร์1 วีนัส,,เล่ม
,,มหาชัย,product_MSL-007,ใบส่งของ 3ชั้น เบอร์2 วีนัส,,เล่ม
,,มหาชัย,product_MSL-008,ใบส่งของ 3ชั้น เบอร์3 วีนัส,,เล่ม
,,มหาชัย,__export__.product_product_6887,แฟ้มสั่งทำ,,แฟ้ม
,,มหาชัย,product_182499,กระดาษทำปกลายแฟนซี OFM A4 150G P25 ,,ห่อ
,,มหาชัย,product_182500,กระดาษทำปกลายแฟนซี OFM A4 150G P50 ,,ห่อ
,,มหาชัย,product_P-FC-001,ปกรายงาน A4 150แกรม 50แผ่น ลายแฟนซีMH-FC-150,,ห่อ
,,มหาชัย,product_P-FC-002,ปกรายงาน A4 150แกรม 50แผ่น ลายเรียบ,,ห่อ
,,มหาชัย,product_P-FC-003,ปกรายงาน A4 150แกรม 50แผ่น ลายหนังช้าง,,ห่อ
,,มหาชัย,product_P-FC-A4-2T,ปกรายงาน A4 180แกรม 50แผ่น ลายทูโทน2T-180,,ห่อ
,,มหาชัย,product_P-FC-004,ปกรายงาน A4 180แกรม 50แผ่น ลายมุก,,ห่อ
,,มหาชัย,product_94679,ปกรายงานพิมพ์ลาย A4  150g  50 แผ่น,,ห่อ
,,มหาชัย,product_94692,ปกรายงานพิมพ์หนังช้าง A4  150g  50 แผ่น,,ห่อ
,,มหาชัย,product_132067,ปกรายงานแฟนซี A4  150g,,ห่อ
,,มหาชัย,product_94796,ปกรายงานลายมุก A4  180g  50 แผ่น,,ห่อ
,,มหาชัย,product_MSD,ปากกาเคมี,,ด้าม
,,มหาชัย,__export__.product_product_7289,ลูกปิงปอง,,อัน
,,มหาชัย,product_MSC-RD,ปากกาลูกลื่น หมึกแดง,,ด้าม
,,มหาชัย,product_MSC-BL,ปากกาลูกลื่น หมึกน้ำเงิน,,ด้าม
,,มหาชัย,product_MSF,ไม้บรรทัด,,อัน
,,มหาชัย,product_MSG,ยางลบ,,อัน
,,มหาชัย,product_291187,MKR สมุดฉีกไม่มีเส้น NO.4 100แผ่นเต็ม,,เล่ม
,,มหาชัย,product_649519,MKR สมุดฉีกหนา เบอร์ 5  75 แผ่น,,เล่ม
,,มหาชัย,__export__.product_product_6932,OFM สมุดฉีกแบบปรุมีเส้น 60G 50แผ่น P3,,เล่ม
,,มหาชัย,product_103105,Q-BIZ สมุดฉีก 50g 100 แผ่น,,เล่ม
,,มหาชัย,product_103138,Q-BIZ สมุดฉีก 50g 80 แผ่น,,เล่ม
,,มหาชัย,product_2012644,เทสโก้ สมุดฉีก60แกรม50แผ่นไม่มีเส้น,5364,เล่ม
,,มหาชัย,product_268309,เทสโก้ สมุดฉีกมีเส้น  A80  แพ็ค 10,0,เล่ม
,,มหาชัย,product_2012645,เทสโก้ สมุดฉีกเล่มเล็ก70แกรม100แผ่นรวมปก,32916,เล่ม
,,มหาชัย,product_1184980,เทสโก้แวลู สมุดฉีกเล่มเล็ก  4/90 แพ็ค 10,0,เล่ม
,,มหาชัย,product_N-TS-A70L,สมุดฉีกมีเส้น A70แผ่นเต็ม,,เล่ม
,,มหาชัย,product_N-TS-A90L,สมุดฉีกมีเส้น A90แผ่นเต็ม,,เล่ม
,,มหาชัย,product_N-TS-AA100L,สมุดฉีกมีเส้น AA100แผ่นเต็ม,,เล่ม
,,มหาชัย,product_N-TS-470L,สมุดฉีกมีเส้น เบอร์4/70แผ่น,,เล่ม
,,มหาชัย,product_N-TS-A70NL,สมุดฉีกไม่มีเส้น A70แผ่นเต็ม,,เล่ม
,,มหาชัย,product_N-TS-AA100NL,สมุดฉีกไม่มีเส้น AA100แผ่นเต็ม,,เล่ม
,,มหาชัย,product_N-TS-NO4NL,สมุดฉีกไม่มีเส้น NO.4 100แผ่นเต็ม,,เล่ม
,,มหาชัย,product_N-TS-NO5NL,สมุดฉีกหนา NO.5 75แผ่น,,เล่ม
,,มหาชัย,product_N-PV-A440POOH,Atlux สมุดฉีกรายงาน A4  40 แผ่น หมีพู,,เล่ม
,,มหาชัย,product_N-PV-A4MICKEY,Atlux สมุดฉีกรายงาน A4  Mickey,,เล่ม
,,มหาชัย,product_N-PV-A4506-1,Atlux สมุดฉีกรายงาน A4 60g 50 แผ่น,,เล่ม
,,มหาชัย,product_4845698,B2S สมุดฉีกรายงาน A4/40แผ่น รวมปก 60แกรม-ลายA,,เล่ม
,,มหาชัย,product_4845699,B2S สมุดฉีกรายงาน A4/40แผ่น รวมปก 60แกรม-ลายB,,เล่ม
,,มหาชัย,product_4845700,B2S สมุดฉีกรายงาน A4/40แผ่น รวมปก 60แกรม-ลายC,,เล่ม
,,มหาชัย,product_4845701,B2S สมุดฉีกรายงาน A4/40แผ่น รวมปก 60แกรม-ลายD,,เล่ม
,,มหาชัย,__export__.product_product_7006,MGH สมุดฉีกรายงาน 60G A4/40แผ่น PV-A4406,,เล่ม
,,มหาชัย,product_176094,OFC สมุดฉีกรายงาน A4 60g 50 แผ่น PV-A4506,,เล่ม
,,มหาชัย,product_103107,Q-BIZ สมุดรายงาน 40 แผ่น,6636,เล่ม
,,มหาชัย,product_2800528,เทสโก้ แวลู สมุดฉีกรายงานA4/30 แผ่น  60แกรม,,เล่ม
,,มหาชัย,product_2186434,เทสโก้ สมุดฉีก A5 70แกรม 25แผ่น,300,เล่ม
,,มหาชัย,product_2800754,เทสโก้ สมุดฉีกทรงยาว  70แกรม 30 แผ่นรวมปกA,240,เล่ม
,,มหาชัย,product_2800755,เทสโก้ สมุดฉีกทรงยาว  70แกรม 30 แผ่นรวมปกB,504,เล่ม
,,มหาชัย,product_2800756,เทสโก้ สมุดฉีกทรงยาว  70แกรม 30 แผ่นรวมปกC,156,เล่ม
,,มหาชัย,product_2800757,เทสโก้ สมุดฉีกทรงยาว  70แกรม 30 แผ่นรวมปกD,0,เล่ม
,,มหาชัย,product_2186436,เทสโก้ สมุดฉีกทรงยาว 70แกรม 30 แผ่น,2840,เล่ม
,,มหาชัย,product_2800454,เทสโก้ สมุดฉีกรายงาน A4  60 แกรม 50 แผ่นรวมปก B,4200,เล่ม
,,มหาชัย,product_2800456,เทสโก้ สมุดฉีกรายงาน A4  60 แกรม 50 แผ่นรวมปก C,6684,เล่ม
,,มหาชัย,product_2800457,เทสโก้ สมุดฉีกรายงาน A4  60 แกรม 50 แผ่นรวมปก D,4356,เล่ม
,,มหาชัย,product_2800458,เทสโก้ สมุดฉีกรายงาน A4  60 แกรม 50 แผ่นรวมปก E,5028,เล่ม
,,มหาชัย,product_2800465,เทสโก้ สมุดฉีกรายงาน A4  60 แกรม 50 แผ่นรวมปก F,6168,เล่ม
,,มหาชัย,product_2800453,เทสโก้ สมุดฉีกรายงาน A4  60 แกรม 50 แผ่นรวมปกA,5004,เล่ม
,,มหาชัย,product_3438129,เทสโก้ สมุดฉีกรายงาน A4/50s 60g-SL-ชมพู,1356,เล่ม
,,มหาชัย,product_3438170,เทสโก้ สมุดฉีกรายงาน A4/50s 60g-SL-แดง,1368,เล่ม
,,มหาชัย,product_3438020,เทสโก้ สมุดฉีกรายงาน A4/50s 60g-SL-เทา,1344,เล่ม
,,มหาชัย,product_3437977,เทสโก้ สมุดฉีกรายงาน A4/50s 60g-SL-ฟ้า,1380,เล่ม
,,มหาชัย,product_3443318,เทสโก้ สมุดฉีกรายงาน A4/50s 60g-SL-ม่วง,1392,เล่ม
,,มหาชัย,product_3437925,เทสโก้ สมุดฉีกรายงาน A4/50s 60g-SLเขียว,1380,เล่ม
,,มหาชัย,product_3438072,เทสโก้ สมุดฉีกรายงาน A4/50s 60g-SLเหลือง,1368,เล่ม
,,มหาชัย,product_3454228,เทสโก้ สมุดฉีกรายงาน A4/50s 75g-ECO,6936,เล่ม
,,มหาชัย,product_2800688,เทสโก้ สมุดฉีกรายงาน A5 60 แกรม 40 แผ่นรวมปก แพ็ค 2 เล่มA,1008,เล่ม
,,มหาชัย,product_2800689,เทสโก้ สมุดฉีกรายงาน A5 60 แกรม 40 แผ่นรวมปก แพ็ค 2 เล่มB,600,เล่ม
,,มหาชัย,product_2800690,เทสโก้ สมุดฉีกรายงาน A5 60 แกรม 40 แผ่นรวมปก แพ็ค 2 เล่มC,1380,เล่ม
,,มหาชัย,product_2800691,เทสโก้ สมุดฉีกรายงาน A5 60 แกรม 40 แผ่นรวมปก แพ็ค 2 เล่มD,1392,เล่ม
,,มหาชัย,product_3454265,เทสโก้ สมุดฉีกรายงาน A5/40s 75g-ECO,2616,เล่ม
,,มหาชัย,product_3454328,เทสโก้ สมุดฉีกรายงานA4/50s 75g 2Hole-ECO,6936,เล่ม
,,มหาชัย,product_1868860,เทสโก้ สมุดฉีกรายงานปกน้ำตาลA4/30 60แกรม,3216,เล่ม
,,มหาชัย,product_2800542,เทสโก้ สมุดรายงาน 60 แกรม A.4/40 แผ่น PVA4406,288,เล่ม
,,มหาชัย,product_2249452,เทสโก้ สมุดรายงาน 60 แกรม A.4/50 แผ่น PVA4506,3552,เล่ม
,,มหาชัย,product_1127130,เทสโก้ สมุดรายงานA4/50ผ.รวมปก 60แกรม,4680,เล่ม
,,มหาชัย,product_1534821,เทสโก้ สมุดสันกาว A5 70แกรม 24แผ่น,10480,เล่ม
,,มหาชัย,product_2800723,เทสโก้ สมุดสันกาวA5 70 แกรม 40 แผ่นรวมปกA,0,เล่ม
,,มหาชัย,product_2800722,เทสโก้ สมุดสันกาวA5 70 แกรม 40 แผ่นรวมปกB,0,เล่ม
,,มหาชัย,product_2800727,เทสโก้ สมุดสันกาวทรงยาว 70 แกรม 50 แผ่นรวมปกA,984,เล่ม
,,มหาชัย,product_2800726,เทสโก้ สมุดสันกาวทรงยาว 70 แกรม 50 แผ่นรวมปกB,204,เล่ม
,,มหาชัย,product_1127131,เทสโก้สมุดรายงาน12.5x17.5ซม.50ผ. 60ก.,8784,เล่ม
,,มหาชัย,product_1127176,เทสโก้สมุดรายงาน12.5x17.5ซม.50ผ.60ก  P6,3312,เล่ม
,,มหาชัย,product_1127175,เทสโก้สมุดรายงานA4/50ผ.รวมปก 60ก. P3,4656,เล่ม
,,มหาชัย,product_N-PV-A4406,สมุดฉีกรายงาน 60G A4 40แผ่น PV-A4406,0,เล่ม
,,มหาชัย,product_N-PV-A4406B,สมุดฉีกรายงาน 60G A4/40แผ่น ปกสีฟ้า,0,เล่ม
,,มหาชัย,product_N-PV-A4206,สมุดฉีกรายงาน 60แกรม A4 20แผ่น PV-A4206,0,เล่ม
,,มหาชัย,product_N-PV-A4506,สมุดฉีกรายงาน 60แกรม A4 50แผ่น PV-A4506,0,เล่ม
,,มหาชัย,product_N-PV-13,สมุดรายงาน 55แกรม 27แผ่น,12900,เล่ม
,,มหาชัย,product_N-DR-A5-1,Atlux สมุดโน๊ต A5,,เล่ม
,,มหาชัย,product_N-DR-B5-1,Atlux สมุดโน๊ต No.8,,เล่ม
,,มหาชัย,product_N-DR-A5ORG-1,Atlux ออแกไนเซอร์ A5 80g 240 หน้า,,เล่ม
,,มหาชัย,product_N-DR-B6ORG-1,Atlux ออแกไนเซอร์ B6 80g 240 หน้า,,เล่ม
,,มหาชัย,product_4876663,B2S สมุดไดอารี่ A5,,เล่ม
,,มหาชัย,product_4876664,B2S สมุดไดอารี่ PCV-A5,,เล่ม
,,มหาชัย,product_4876669,B2S สมุดไดอารี่ Planner A4,,เล่ม
,,มหาชัย,product_4876662,B2S สมุดไดอารี่ ตัด 8,,เล่ม
,,มหาชัย,product_48733657,B2S สมุดไดอารี่ ออแกไนเซอร์ A5,,เล่ม
,,มหาชัย,product_4876661,B2S สมุดไดอารี่ ออแกไนเซอร์ B6,,เล่ม
,,มหาชัย,product_1908011,Refill เนื้อในออแกไนเซอร์A5 70g 100แผ่น,,เล่ม
,,มหาชัย,product_2089502,เทสโก้ ไดอารี่ A5 80g 192หน้า ,,เล่ม
,,มหาชัย,product_3146342,เทสโก้ ไดอารี่PVC-A5 ,,เล่ม
,,มหาชัย,product_1917266,เทสโก้ ไดอารี่ทรงยาว HD  ,,เล่ม
,,มหาชัย,product_2249722,เทสโก้ ไดอารี่ปกสอด A5  CH ดำ,,เล่ม
,,มหาชัย,product_2249726,เทสโก้ ไดอารี่สันห่วง A5  NV ชมพู,,เล่ม
,,มหาชัย,product_N-DR-SA5ORG,เทสโก้ เนื้อใน Organizer A5,,เล่ม
,,มหาชัย,product_N-DR-SB5ORG,เทสโก้ เนื้อใน Organizer B6,,เล่ม
,,มหาชัย,product_N-DR-BDB6,เทสโก้ สมุดไดอารี่ ตัด16 Business Diary,,เล่ม
,,มหาชัย,product_2249631,เทสโก้ ออแกไนเซอร์ A5 70g 80s  CH ดำแดง,,เล่ม
,,มหาชัย,product_2249632,เทสโก้ ออแกไนเซอร์ A5 70g 80s  CH แดง,,เล่ม
,,มหาชัย,product_2249634,เทสโก้ ออแกไนเซอร์ A5 70g 80s  NV ชมพู,,เล่ม
,,มหาชัย,product_2249633,เทสโก้ ออแกไนเซอร์ A5 70g 80s  NV ดำชมพู,,เล่ม
,,มหาชัย,product_2249642,เทสโก้ ออแกไนเซอร์ A6 70G 80S FRดำฟ้า,,เล่ม
,,มหาชัย,product_2249641,เทสโก้ ออแกไนเซอร์ A6 70G 80S NVชมพู,,เล่ม
,,มหาชัย,product_2249640,เทสโก้ ออแกไนเซอร์ A6 70G 80S NVดำชมพู,,เล่ม
,,มหาชัย,product_2249638,เทสโก้ ออแกไนเซอร์ A6 70G 80SCHดำแดง,,เล่ม
,,มหาชัย,product_2249639,เทสโก้ ออแกไนเซอร์A6 70G 80S CHแดง,,เล่ม
,,มหาชัย,product_2249628,เทสโก้ ออแกไนเซอร์B5 70g 80s CHดำแดง,,เล่ม
,,มหาชัย,product_2249630,เทสโก้ ออแกไนเซอร์B5 70g 80s FRดำฟ้า,,เล่ม
,,มหาชัย,product_2249629,เทสโก้ ออแกไนเซอร์B5 70g 80s NVดำชมพู,,เล่ม
,,มหาชัย,product_2249717,เทสโก้ ออแกไนเซอร์ผ้า  CH ดำ,,เล่ม
,,มหาชัย,product_2249719,เทสโก้ ออแกไนเซอร์ผ้า  NV ชมพู,,เล่ม
,,มหาชัย,product_2089501,เทสโก้ ออร์แกไนเซอร์ A5 80g 240หน้า,,เล่ม
,,มหาชัย,product_2647485,เทสโก้ ออร์แกไนเซอร์ B6 80g 240หน้า,,เล่ม
,,มหาชัย,product_N-DR-BP,สมุดไดอารี่ A4 Business Planner BP-A4,,เล่ม
,,มหาชัย,product_N-DR-PVCA5,สมุดไดอารี่ PVC A5,,เล่ม
,,มหาชัย,__export__.product_product_7294,สมุดไดอารี่ ตัด16 Business Dairy,,เล่ม
,,มหาชัย,product_N-DR-HD,สมุดไดอารี่ทรงยาว Handy Diary HD,,เล่ม
,,มหาชัย,product_N-DR-PD,สมุดไดอารี่ทรงสั้น Pocket Diary PD,,เล่ม
,,มหาชัย,product_N-DR-A5,สมุดปกหนังไดอารี่ A5,,เล่ม
,,มหาชัย,product_N-DR-B5,สมุดปกหนังไดอารี่ ตัด8,,เล่ม
,,มหาชัย,product_N-DR-A5ORG,สมุดปกหนังริมห่วง A5 (Organizer),,เล่ม
,,มหาชัย,product_N-DR-B6ORG,สมุดปกหนังริมห่วง B6 (Organizer),,เล่ม
,,มหาชัย,product_2249714,เทสโก้ กระเป๋าใส่บัตร  CH ดำ,,เล่ม
,,มหาชัย,product_2249715,เทสโก้ กระเป๋าใส่บัตร  NV ชมพู,,เล่ม
,,มหาชัย,product_2800717,เทสโก้ สมุดปกแข็งใส่นามบัตร 3ช่องCH ดำ,,เล่ม
,,มหาชัย,product_2249647,เทสโก้ สมุดใส่นามบัตร 1 ช่อง  CH ดำ,,เล่ม
,,มหาชัย,product_2249710,เทสโก้ สมุดใส่นามบัตร 1 ช่อง  NV เขียว,,เล่ม
,,มหาชัย,product_2800716,สมุดใส่นามบัตร 2 ช่อง   ปกแข็ง-ดำ,,เล่ม
,,มหาชัย,product_2800714,สมุดใส่นามบัตร 2 ช่อง   ปกแข็ง-ฟ้า,,เล่ม
,,มหาชัย,__export__.product_product_7011,MGH สมุดโน๊ตปกหนัง No.136 80G 30แผ่น,,เล่ม
,,มหาชัย,product_984984,MKR สมุดโน๊ตปกหนัง No.136 80G 30แผ่น,,เล่ม
,,มหาชัย,product_176899,OFC สมุดโน้ตปกหนัง No.136 80G 30 แผ่น,,เล่ม
,,มหาชัย,product_176900,OFC สมุดโน้ตปกหนัง No.188 100g 60 แผ่น,,เล่ม
,,มหาชัย,product_176901,OFCสมุดโน้ตปกหนัง No.199 100g 60 แผ่น,,เล่ม
,,มหาชัย,product_194528,Q-BIZ สมุดโน๊ตปกPVCเล็ก 60g 64s,,เล่ม
,,มหาชัย,product_194527,Q-BIZ สมุดสันห่วงปกPVC -A5 70g 80s,,เล่ม
,,มหาชัย,product_2525970,เทสโก้ สมุดโน๊ตปกหนัง No.136 80G 30แผ่น,,เล่ม
,,มหาชัย,product_1244402,เทสโก้ สมุดโน๊ตปกหนัง No.188  100 แกรม 60 แผ่น,,เล่ม
,,มหาชัย,product_2525972,เทสโก้ สมุดโน๊ตปกหนัง No.199 100 แกรม 60 แผ่น,,เล่ม
,,มหาชัย,product_2525974,เทสโก้ สมุดโน๊ตปกหนัง No.747 80 แกรม 60 แผ่น,,เล่ม
,,มหาชัย,product_1534561,เทสโก้ สมุดโน๊ตปกหนังกลาง 60แกรม 80แผ่น,,เล่ม
,,มหาชัย,product_1245065,เทสโก้ สมุดโน๊ตปกหนังเล็ก 60แกรม 64 แผ่น,,เล่ม
,,มหาชัย,product_1534565,เทสโก้ สมุดโน๊ตปกหนังสันห่วงA5 70g 80ผ.,,เล่ม
,,มหาชัย,product_2800710,เทสโก้ สมุดบันทึกปกหนังทรงยาว10x15.8 cm. กระดุม-ฟ้า,,เล่ม
,,มหาชัย,product_2800711,เทสโก้ สมุดบันทึกปกหนังทรงยาว7.5x13.5 CM .-ฟ้า,,เล่ม
,,มหาชัย,product_N-PVC-136,สมุดโน๊ตปกหนัง No.136 80G 30แผ่น,,เล่ม
,,มหาชัย,product_N-PVC-188,สมุดโน๊ตปกหนัง No.188 100แกรม 60แผ่น,,เล่ม
,,มหาชัย,product_N-PVC-199,สมุดโน๊ตปกหนัง No.199 80แกรม 60แผ่น,,เล่ม
,,มหาชัย,product_N-PVC-747,สมุดโน๊ตปกหนัง No.747 80แกรม 60แผ่น,,เล่ม
,,มหาชัย,__export__.product_product_7013,MGH สมุดบัญชีจีนปกหนัง 60g 20/70,,เล่ม
,,มหาชัย,product_114225,MKR สมุดบัญชีจีนปกหนัง 60G 12/100แผ่น,,เล่ม
,,มหาชัย,product_114232,MKR สมุดบัญชีจีนปกหนัง 60g 20/70,,เล่ม
,,มหาชัย,product_140002,Q-BIZ สมุดบัญชีจีนมุมมัน 70g 12/100,,เล่ม
,,มหาชัย,product_139528,Q-BIZ สมุดบัญชีจีนเล็ก 20/100,,เล่ม
,,มหาชัย,product_2800529,เทสโก้ แวลู สมุดบัญชีจีนเล็ก 20/100 แผ่นรวมปก 55G 40แผ่น,,เล่ม
,,มหาชัย,product_1802343,เทสโก้ สมุดบัญชีจีนปกหนัง 60 แกรม 20/70 แผ่น,,เล่ม
,,มหาชัย,product_2800546,เทสโก้ สมุดบัญชีจีนมุมมัน 70แกรม 12/100,,เล่ม
,,มหาชัย,product_268335,เทสโก้ สมุดบัญชีจีนเล็ก  20/100 แผ่นรวมปก 55G 36แผ่น P6,,เล่ม
,,มหาชัย,product_N-TA-60G12100C,สมุดบัญชีจีนปกเคลือบพลาสติก 60แกรม 12/100แผ่น,,เล่ม
,,มหาชัย,product_N-TA-60G12100PVC,สมุดบัญชีจีนปกหนัง 60แกรม 12/100แผ่น,,เล่ม
,,มหาชัย,product_N-TA-60G2070PVC,สมุดบัญชีจีนปกหนัง 60แกรม 20/70แผ่น,,เล่ม
,,มหาชัย,product_N-TA-100G12100,สมุดบัญชีจีนมุมผ้ามัน 100แกรม 12/100แผ่น,,เล่ม
,,มหาชัย,product_N-TA-100G12150,สมุดบัญชีจีนมุมผ้ามัน 100แกรม 12/150แผ่น,,เล่ม
,,มหาชัย,product_N-TA-100G12200,สมุดบัญชีจีนมุมผ้ามัน 100แกรม 12/200แผ่น,,เล่ม
,,มหาชัย,product_N-TA-100G9100,สมุดบัญชีจีนมุมผ้ามัน 100แกรม 9/100แผ่น,,เล่ม
,,มหาชัย,product_N-TA-100G9150,สมุดบัญชีจีนมุมผ้ามัน 100แกรม 9/150แผ่น,,เล่ม
,,มหาชัย,product_N-TA-100G9200,สมุดบัญชีจีนมุมผ้ามัน 100แกรม 9/200แผ่น,,เล่ม
,,มหาชัย,product_N-TA-70G12100,สมุดบัญชีจีนมุมผ้ามัน 70แกรม 12/100แผ่น,,เล่ม
,,มหาชัย,product_N-TA-70G12150,สมุดบัญชีจีนมุมผ้ามัน 70แกรม 12/150แผ่น,,เล่ม
,,มหาชัย,product_N-TA-70G12200,สมุดบัญชีจีนมุมผ้ามัน 70แกรม 12/200แผ่น,,เล่ม
,,มหาชัย,product_N-TA-70G9100,สมุดบัญชีจีนมุมผ้ามัน 70แกรม 9/100แผ่น,,เล่ม
,,มหาชัย,product_N-TA-70G9150,สมุดบัญชีจีนมุมผ้ามัน 70แกรม 9/150แผ่น,,เล่ม
,,มหาชัย,product_N-TA-70G9200,สมุดบัญชีจีนมุมผ้ามัน 70แกรม 9/200แผ่น,,เล่ม
,,มหาชัย,product_N-TA-80GAA20100,สมุดบัญชีจีนมุมผ้ามัน 80แกรม AA20/100แผ่น,,เล่ม
,,มหาชัย,product_N-TA-80GAA20150,สมุดบัญชีจีนมุมผ้ามัน 80แกรม AA20/150แผ่น,,เล่ม
,,มหาชัย,product_N-TA-80GAA20200,สมุดบัญชีจีนมุมผ้ามัน 80แกรม AA20/200แผ่น,,เล่ม
,,มหาชัย,product_N-TA-55G20100,สมุดบัญชีจีนเล็ก 55แกรม 20/100 44แผ่น,,เล่ม
,,มหาชัย,product_N-TA-55G20150,สมุดบัญชีจีนเล็ก 55แกรม 20/150 64แผ่น,,เล่ม
,,มหาชัย,product_N-TA-55G20200,สมุดบัญชีจีนเล็ก 55แกรม 20/200 84แผ่น,,เล่ม
,,มหาชัย,product_N-TA-55GA20200,สมุดบัญชีจีนเล็กมีมุมผ้า 55แกรม A20/200 144แผ่น,,เล่ม
,,มหาชัย,product_N-TA-60G842C,สมุดบัญชีปกเคลือบ 60แกรม 8/42แผ่น,,เล่ม
,,มหาชัย,product_N-TA-55G12100,สมุดบัญชีมุมผ้า 55แกรม 12/100แผ่น ,,เล่ม
,,มหาชัย,product_N-TA-55G12150,สมุดบัญชีมุมผ้า 55แกรม 12/150แผ่น ,,เล่ม
,,มหาชัย,product_N-TA-55G12200,สมุดบัญชีมุมผ้า 55แกรม 12/200แผ่น ,,เล่ม
,,มหาชัย,product_N-TA-55G840,สมุดบัญชีมุมผ้า 55แกรม 8/40แผ่น มี24บรรทัด,,เล่ม
,,มหาชัย,product_163037,OFC สมุดบัญชีเนื้อขาว 10 ช่องคู่ 5/50 แผ่น ,,เล่ม
,,มหาชัย,product_163038,OFC สมุดบัญชีเนื้อขาว 2 ช่องเดี่ยว 5/100 แผ่น ,,เล่ม
,,มหาชัย,product_163039,OFC สมุดบัญชีเนื้อขาว 2 ช่องเดี่ยว 5/50 แผ่น ,,เล่ม
,,มหาชัย,product_178495,OFC สมุดบัญชีเนื้อขาว 3 ช่องคู่  5 / 50 แผ่น ,,เล่ม
,,มหาชัย,product_163041,OFC สมุดบัญชีเนื้อขาว 3 ช่องคู่ 5/100 ,,เล่ม
,,มหาชัย,product_163042,OFC สมุดบัญชีเนื้อขาว 3 ช่องคู่ 8/50 แผ่น ,,เล่ม
,,มหาชัย,product_163043,OFC สมุดบัญชีเนื้อขาว 3 ช่องเดี่ยว 5/50 แผ่น ,,เล่ม
,,มหาชัย,product_135230,Q-BIZ สมุดบัญชีเนื้อขาว 2 ช่องคู่ 5/50 แผ่น,,เล่ม
,,มหาชัย,product_135239,Q-BIZ สมุดบัญชีเนื้อขาว 3 ช่องคู่ 5/50 แผ่น,,เล่ม
,,มหาชัย,product_2800547,เทสโก้ สมุดบัญชีเนื้อขาว 2 ช่องคู่ 5/50 แผ่น,,เล่ม
,,มหาชัย,product_2800548,เทสโก้ สมุดบัญชีเนื้อขาว 2 ช่องเดี่ยว 5/50 แผ่น,,เล่ม
,,มหาชัย,product_N-WA-10D5100,สมุดบัญชีเนื้อขาว 10ช่องคู่ 5/100แผ่น,,เล่ม
,,มหาชัย,product_N-WA-10D5150,สมุดบัญชีเนื้อขาว 10ช่องคู่ 5/150แผ่น,,เล่ม
,,มหาชัย,product_N-WA-10D5200,สมุดบัญชีเนื้อขาว 10ช่องคู่ 5/200แผ่น,,เล่ม
,,มหาชัย,product_N-WA-10D550,สมุดบัญชีเนื้อขาว 10ช่องคู่ 5/50แผ่น,,เล่ม
,,มหาชัย,product_N-WA-2D5100,สมุดบัญชีเนื้อขาว 2ช่องคู่ 5/100แผ่น,,เล่ม
,,มหาชัย,product_N-WA-2D5150,สมุดบัญชีเนื้อขาว 2ช่องคู่ 5/150แผ่น,,เล่ม
,,มหาชัย,product_N-WA-2D5200,สมุดบัญชีเนื้อขาว 2ช่องคู่ 5/200แผ่น,,เล่ม
,,มหาชัย,product_N-WA-2D550,สมุดบัญชีเนื้อขาว 2ช่องคู่ 5/50แผ่น,,เล่ม
,,มหาชัย,product_N-WA-2D8100,สมุดบัญชีเนื้อขาว 2ช่องคู่ 8/100แผ่น,,เล่ม
,,มหาชัย,product_N-WA-2D850,สมุดบัญชีเนื้อขาว 2ช่องคู่ 8/50แผ่น,,เล่ม
,,มหาชัย,product_N-WA-2S5100,สมุดบัญชีเนื้อขาว 2ช่องเดี่ยว 5/100แผ่น,,เล่ม
,,มหาชัย,product_N-WA-2S5150,สมุดบัญชีเนื้อขาว 2ช่องเดี่ยว 5/150แผ่น,,เล่ม
,,มหาชัย,product_N-WA-2S5200,สมุดบัญชีเนื้อขาว 2ช่องเดี่ยว 5/200แผ่น,,เล่ม
,,มหาชัย,product_N-WA-2S550,สมุดบัญชีเนื้อขาว 2ช่องเดี่ยว 5/50แผ่น,,เล่ม
,,มหาชัย,product_N-WA-2S8100,สมุดบัญชีเนื้อขาว 2ช่องเดี่ยว 8/100แผ่น,,เล่ม
,,มหาชัย,product_N-WA-2S850,สมุดบัญชีเนื้อขาว 2ช่องเดี่ยว 8/50แผ่น,,เล่ม
,,มหาชัย,product_N-WA-3D5100,สมุดบัญชีเนื้อขาว 3ช่องคู่ 5/100แผ่น,,เล่ม
,,มหาชัย,product_N-WA-3D5150,สมุดบัญชีเนื้อขาว 3ช่องคู่ 5/150แผ่น,,เล่ม
,,มหาชัย,product_N-WA-3D5200,สมุดบัญชีเนื้อขาว 3ช่องคู่ 5/200แผ่น,,เล่ม
,,มหาชัย,product_N-WA-3D550,สมุดบัญชีเนื้อขาว 3ช่องคู่ 5/200แผ่น,,เล่ม
,,มหาชัย,product_N-WA-3D8100,สมุดบัญชีเนื้อขาว 3ช่องคู่ 8/100แผ่น,,เล่ม
,,มหาชัย,product_N-WA-3D850,สมุดบัญชีเนื้อขาว 3ช่องคู่ 8/50แผ่น,,เล่ม
,,มหาชัย,product_N-WA-3S5100,สมุดบัญชีเนื้อขาว 3ช่องเดี่ยว 5/100แผ่น,,เล่ม
,,มหาชัย,product_N-WA-3S5150,สมุดบัญชีเนื้อขาว 3ช่องเดี่ยว 5/150แผ่น,,เล่ม
,,มหาชัย,product_N-WA-3S5200,สมุดบัญชีเนื้อขาว 3ช่องเดี่ยว 5/200แผ่น,,เล่ม
,,มหาชัย,product_N-WA-3S550,สมุดบัญชีเนื้อขาว 3ช่องเดี่ยว 5/50แผ่น,,เล่ม
,,มหาชัย,product_N-WA-3S8100,สมุดบัญชีเนื้อขาว 3ช่องเดี่ยว 8/100แผ่น,,เล่ม
,,มหาชัย,product_N-WA-3S850,สมุดบัญชีเนื้อขาว 3ช่องเดี่ยว 8/50แผ่น,,เล่ม
,,มหาชัย,product_N-WA-4D5100,สมุดบัญชีเนื้อขาว 4ช่องคู่ 5/100แผ่น,,เล่ม
,,มหาชัย,product_N-WA-4D5150,สมุดบัญชีเนื้อขาว 4ช่องคู่ 5/150แผ่น,,เล่ม
,,มหาชัย,product_N-WA-4D5200,สมุดบัญชีเนื้อขาว 4ช่องคู่ 5/200แผ่น,,เล่ม
,,มหาชัย,product_N-WA-4D550,สมุดบัญชีเนื้อขาว 4ช่องคู่ 5/50แผ่น,,เล่ม
,,มหาชัย,product_N-WA-4S5100,สมุดบัญชีเนื้อขาว 4ช่องเดี่ยว 5/100แผ่น,,เล่ม
,,มหาชัย,product_N-WA-4S5150,สมุดบัญชีเนื้อขาว 4ช่องเดี่ยว 5/150แผ่น,,เล่ม
,,มหาชัย,product_N-WA-4S5200,สมุดบัญชีเนื้อขาว 4ช่องเดี่ยว 5/200แผ่น,,เล่ม
,,มหาชัย,product_N-WA-4S550,สมุดบัญชีเนื้อขาว 4ช่องเดี่ยว 5/50แผ่น,,เล่ม
,,มหาชัย,product_N-WA-5D5100,สมุดบัญชีเนื้อขาว 5ช่องคู่ 5/100แผ่น,,เล่ม
,,มหาชัย,product_N-WA-5D150,สมุดบัญชีเนื้อขาว 5ช่องคู่ 5/150แผ่น,,เล่ม
,,มหาชัย,product_N-WA-5D5200,สมุดบัญชีเนื้อขาว 5ช่องคู่ 5/200แผ่น,,เล่ม
,,มหาชัย,product_N-WA-5D550,สมุดบัญชีเนื้อขาว 5ช่องคู่ 5/50แผ่น,,เล่ม
,,มหาชัย,product_N-WA-5S5100,สมุดบัญชีเนื้อขาว 5ช่องเดี่ยว 5/100แผ่น,,เล่ม
,,มหาชัย,product_N-WA-5S5150,สมุดบัญชีเนื้อขาว 5ช่องเดี่ยว 5/150แผ่น,,เล่ม
,,มหาชัย,product_N-WA-5S5200,สมุดบัญชีเนื้อขาว 5ช่องเดี่ยว 5/200แผ่น,,เล่ม
,,มหาชัย,product_N-WA-5S550,สมุดบัญชีเนื้อขาว 5ช่องเดี่ยว 5/50แผ่น,,เล่ม
,,มหาชัย,product_N-WA-8D5100,สมุดบัญชีเนื้อขาว 8ช่องคู่ 5/100แผ่น,,เล่ม
,,มหาชัย,product_N-WA-8D5150,สมุดบัญชีเนื้อขาว 8ช่องคู่ 5/150แผ่น,,เล่ม
,,มหาชัย,product_N-WA-8D5200,สมุดบัญชีเนื้อขาว 8ช่องคู่ 5/200แผ่น,,เล่ม
,,มหาชัย,product_N-WA-8D550,สมุดบัญชีเนื้อขาว 8ช่องคู่ 5/50แผ่น,,เล่ม
,,มหาชัย,product_N-WA-GL5100,สมุดบัญชีเนื้อขาวแยกประเภท 5/100แผ่น,,เล่ม
,,มหาชัย,product_N-WA-GL5150,สมุดบัญชีเนื้อขาวแยกประเภท 5/150แผ่น,,เล่ม
,,มหาชัย,product_N-WA-GL5200,สมุดบัญชีเนื้อขาวแยกประเภท 5/200แผ่น,,เล่ม
,,มหาชัย,product_N-WA-GL550,สมุดบัญชีเนื้อขาวแยกประเภท 5/50แผ่น,,เล่ม
,,มหาชัย,product_N-WA-GL8100,สมุดบัญชีเนื้อขาวแยกประเภท 8/100แผ่น,,เล่ม
,,มหาชัย,product_N-WA-GL850,สมุดบัญชีเนื้อขาวแยกประเภท 8/50แผ่น,,เล่ม
,,มหาชัย,product_163048,OFC สมุดบัญชีเนื้อเขียว 14 ช่องคู่ 4/50 แผ่น ,,เล่ม
,,มหาชัย,product_N-GA-10D5100,สมุดบัญชีเนื้อเขียว 10ช่องคู่ 5/100แผ่น,,เล่ม
,,มหาชัย,product_N-GA-10D5150,สมุดบัญชีเนื้อเขียว 10ช่องคู่ 5/150แผ่น,,เล่ม
,,มหาชัย,product_N-GA-10D5200,สมุดบัญชีเนื้อเขียว 10ช่องคู่ 5/200แผ่น,,เล่ม
,,มหาชัย,product_N-GA-10D550,สมุดบัญชีเนื้อเขียว 10ช่องคู่ 5/50แผ่น,,เล่ม
,,มหาชัย,product_N-GA-12D4100,สมุดบัญชีเนื้อเขียว 12ช่องคู่ 4/100แผ่น,,เล่ม
,,มหาชัย,product_N-GA-12D4150,สมุดบัญชีเนื้อเขียว 12ช่องคู่ 4/150แผ่น,,เล่ม
,,มหาชัย,product_N-GA-12D4200,สมุดบัญชีเนื้อเขียว 12ช่องคู่ 4/200แผ่น,,เล่ม
,,มหาชัย,product_N-GA-12D450,สมุดบัญชีเนื้อเขียว 12ช่องคู่ 4/50แผ่น,,เล่ม
,,มหาชัย,product_N-GA-14D4100,สมุดบัญชีเนื้อเขียว 14ช่องคู่ 4/100แผ่น,,เล่ม
,,มหาชัย,product_N-GA-14D4150,สมุดบัญชีเนื้อเขียว 14ช่องคู่ 4/150แผ่น,,เล่ม
,,มหาชัย,product_N-GA-14D450,สมุดบัญชีเนื้อเขียว 14ช่องคู่ 4/50แผ่น,,เล่ม
,,มหาชัย,product_N-GA-16D3100,สมุดบัญชีเนื้อเขียว 16ช่องคู่ 3/100แผ่น,,เล่ม
,,มหาชัย,product_N-GA-16D350,สมุดบัญชีเนื้อเขียว 16ช่องคู่ 3/50แผ่น,,เล่ม
,,มหาชัย,product_N-GA-18D3100,สมุดบัญชีเนื้อเขียว 18ช่องคู่ 3/100แผ่น,,เล่ม
,,มหาชัย,product_N-GA-18D350,สมุดบัญชีเนื้อเขียว 18ช่องคู่ 3/50แผ่น,,เล่ม
,,มหาชัย,product_N-GA-21D3100,สมุดบัญชีเนื้อเขียว 21ช่องคู่ 3/100แผ่น,,เล่ม
,,มหาชัย,product_N-GA-21D3100A,สมุดบัญชีเนื้อเขียว 21ช่องคู่ 3/100แผ่น(A),,เล่ม
,,มหาชัย,product_N-GA-21D3150,สมุดบัญชีเนื้อเขียว 21ช่องคู่ 3/150แผ่น,,เล่ม
,,มหาชัย,product_N-GA-21D3200,สมุดบัญชีเนื้อเขียว 21ช่องคู่ 3/200แผ่น,,เล่ม
,,มหาชัย,product_N-GA-21D350,สมุดบัญชีเนื้อเขียว 21ช่องคู่ 3/50แผ่น,,เล่ม
,,มหาชัย,product_N-GA-21D350A,สมุดบัญชีเนื้อเขียว 21ช่องคู่ 3/50แผ่น(A),,เล่ม
,,มหาชัย,product_N-GA-2D5100,สมุดบัญชีเนื้อเขียว 2ช่องคู่ 5/100แผ่น,,เล่ม
,,มหาชัย,product_N-GA-2D5150,สมุดบัญชีเนื้อเขียว 2ช่องคู่ 5/150แผ่น,,เล่ม
,,มหาชัย,product_N-GA-2D5200,สมุดบัญชีเนื้อเขียว 2ช่องคู่ 5/200แผ่น,,เล่ม
,,มหาชัย,product_N-GA-2D550,สมุดบัญชีเนื้อเขียว 2ช่องคู่ 5/50แผ่น,,เล่ม
,,มหาชัย,product_N-GA-2S5100,สมุดบัญชีเนื้อเขียว 2ช่องเดี่ยว 5/100แผ่น,,เล่ม
,,มหาชัย,product_N-GA-2S5150,สมุดบัญชีเนื้อเขียว 2ช่องเดี่ยว 5/150แผ่น,,เล่ม
,,มหาชัย,product_N-GA-2S5200,สมุดบัญชีเนื้อเขียว 2ช่องเดี่ยว 5/200แผ่น,,เล่ม
,,มหาชัย,product_N-GA-2S550,สมุดบัญชีเนื้อเขียว 2ช่องเดี่ยว 5/50แผ่น,,เล่ม
,,มหาชัย,product_N-GA-3D5100,สมุดบัญชีเนื้อเขียว 3ช่องคู่ 5/100แผ่น,,เล่ม
,,มหาชัย,product_N-GA-3D5150,สมุดบัญชีเนื้อเขียว 3ช่องคู่ 5/150แผ่น,,เล่ม
,,มหาชัย,product_N-GA-3D5200,สมุดบัญชีเนื้อเขียว 3ช่องคู่ 5/200แผ่น,,เล่ม
,,มหาชัย,product_N-GA-3D550,สมุดบัญชีเนื้อเขียว 3ช่องคู่ 5/50แผ่น,,เล่ม
,,มหาชัย,product_N-GA-3S5100,สมุดบัญชีเนื้อเขียว 3ช่องเดี่ยว 5/100แผ่น,,เล่ม
,,มหาชัย,product_N-GA-3S5150,สมุดบัญชีเนื้อเขียว 3ช่องเดี่ยว 5/150แผ่น,,เล่ม
,,มหาชัย,product_N-GA-3S5200,สมุดบัญชีเนื้อเขียว 3ช่องเดี่ยว 5/200แผ่น,,เล่ม
,,มหาชัย,product_N-GA-3S550,สมุดบัญชีเนื้อเขียว 3ช่องเดี่ยว 5/50แผ่น,,เล่ม
,,มหาชัย,product_N-GA-516D3100,สมุดบัญชีเนื้อเขียว 5/16ช่องคู่ 3/100แผ่น,,เล่ม
,,มหาชัย,product_N-GA-516D3150,สมุดบัญชีเนื้อเขียว 5/16ช่องคู่ 3/150แผ่น,,เล่ม
,,มหาชัย,product_N-GA-516D3200,สมุดบัญชีเนื้อเขียว 5/16ช่องคู่ 3/200แผ่น,,เล่ม
,,มหาชัย,product_N-GA-516D350,สมุดบัญชีเนื้อเขียว 5/16ช่องคู่ 3/50แผ่น,,เล่ม
,,มหาชัย,product_N-GA-5D5100,สมุดบัญชีเนื้อเขียว 5ช่องคู่ 5/100แผ่น,,เล่ม
,,มหาชัย,product_N-GA-5D5150,สมุดบัญชีเนื้อเขียว 5ช่องคู่ 5/150แผ่น,,เล่ม
,,มหาชัย,product_N-GA-5D5200,สมุดบัญชีเนื้อเขียว 5ช่องคู่ 5/200แผ่น,,เล่ม
,,มหาชัย,product_N-GA-5D550,สมุดบัญชีเนื้อเขียว 5ช่องคู่ 5/50แผ่น,,เล่ม
,,มหาชัย,product_N-GA-5S5100,สมุดบัญชีเนื้อเขียว 5ช่องเดี่ยว 5/100แผ่น,,เล่ม
,,มหาชัย,product_N-GA-5S550,สมุดบัญชีเนื้อเขียว 5ช่องเดี่ยว 5/50แผ่น,,เล่ม
,,มหาชัย,product_162698,OFC สมุดปกสีวีนัสริมห่วง 9/30 แผ่น ,,เล่ม
,,มหาชัย,product_176509,OFC สมุดปกอ่อนคละสีVC 9/40 60G P12 ,6744,เล่ม
,,มหาชัย,product_176510,OFC สมุดปกอ่อนคละสีVC 9/80 60G P6 ,0,เล่ม
,,มหาชัย,product_124006,Q-BIZ สมุดปกการ์ดสี 9/30 แผ่น,13584,เล่ม
,,มหาชัย,product_124950,Q-BIZ สมุดปกการ์ดอาร์ต 9/50 แผ่น,5472,เล่ม
,,มหาชัย,product_261442,เทสโก้ สมุดโน๊ตปกสี 9/60 แผ่นรวมปก แพ็ค 6,0,เล่ม
,,มหาชัย,product_1918591,เทสโก้แวลู สมุดปกอ่อน  20 แผ่นรวมปก,0,เล่ม
,,มหาชัย,product_1184978,เทสโก้แวลู สมุดปกอ่อนคละสี  9/26 แผ่น แพ็ค12,0,เล่ม
,,มหาชัย,product_3146336,ปฏิทินรายวัน ไทย-จีน A5 ,,เล่ม
,,มหาชัย,product_N-MIS-GB01,สมุดกราฟตาราง 9/20แผ่น 4สีเคลือบUV GB-01,,เล่ม
,,มหาชัย,product_N-MIS-CTM1120,สมุดตารางจีนกลาง 11/20แผ่น,,เล่ม
,,มหาชัย,product_N-MIS-CTM01,สมุดตารางจีนกลาง 9/30แผ่น 4สีเคลือบUV CTM-01,,เล่ม
,,มหาชัย,product_N-MIS-CTB1120,สมุดตารางจีนใหญ่ 11/20แผ่น,,เล่ม
,,มหาชัย,product_N-MIS-CTB02,สมุดตารางจีนใหญ่ 9/30แผ่น 4สีเคลือบUV CTB-02,,เล่ม
,,มหาชัย,product_N-MIS-MV810100,สมุดโน๊ตดนตรี 8/10แผ่น MV 810100-1,,เล่ม
,,มหาชัย,__export__.product_product_6992,สมุดโน๊ตปกหนังสันห่วง 10.5x16.3 ซม. 70G. 80 แผ่นรวมปก,,เล่ม
,,มหาชัย,product_N-MIS-GLA440,สมุดบัญชีฉีกแยกประเภท 55แกรม A4/40แผ่น,,เล่ม
,,มหาชัย,product_N-MIS-TANO2,สมุดบัญชีฉีกแยกประเภท 55แกรม No.2,,เล่ม
,,มหาชัย,product_N-MIS-TAA440,สมุดบัญชีฉีกรายวัน 55แกรม A4/40แผ่น,,เล่ม
,,มหาชัย,product_N-MIS-TANO1,สมุดบัญชีฉีกรายวัน 55แกรม No.1,,เล่ม
,,มหาชัย,product_N-MIS-PEON18100,สมุดบัญชีพีออนบุ๊ค 18/100แผ่น,,เล่ม
,,มหาชัย,product_N-MIS-PEON1850,สมุดบัญชีพีออนบุ๊ค 18/50แผ่น,,เล่ม
,,มหาชัย,product_N-MIS-VE924,สมุดปกสีวีนัส 80แกรม 9/24แผ่น,6912,เล่ม
,,มหาชัย,product_N-MIS-NO333,สมุดปกอ่อน No.333,,เล่ม
,,มหาชัย,product_N-MIS-UNI980,สมุดปกอ่อน Universal 9/80แผ่น,11916,เล่ม
,,มหาชัย,__export__.product_product_6942,สมุดปกอ่อนลายสก๊อต Big One 55G 9/80แผ่น,23328,เล่ม
,,มหาชัย,product_N-MIS-NO940,สมุดปกอ่อนวีนัส No.940,,เล่ม
,,มหาชัย,product_162871,สมุดปกอ่อนสันกาว 70G. 9/40 แผ่น NV9407,0,เล่ม
,,มหาชัย,product_N-MIS-DW1830,สมุดริมห่วงวีนัส 18/30แผ่น,,เล่ม
,,มหาชัย,product_N-MIS-DW930,สมุดริมห่วงวีนัส 9/30แผ่น,,เล่ม
,,มหาชัย,product_482482,MKR สมุดปกแข็งมุมผ้า 55G 5/100 แผ่น,,เล่ม
,,มหาชัย,product_N-HVC-55G4100,สมุดปกแข็งมุมผ้า 55แกรม 4/100แผ่น,,เล่ม
,,มหาชัย,product_N-HVC-55G5100,สมุดปกแข็งมุมผ้า 55แกรม 5/100แผ่น,,เล่ม
,,มหาชัย,product_162847,OFC สมุดปกแข็งมุมผ้ามัน 70 ปอนด์ 5/200 แผ่น ,,เล่ม
,,มหาชัย,product_176895,OFC สมุดปกแข็งมุมมัน 70แกรม 5/100แผ่น HVB-51007,,เล่ม
,,มหาชัย,product_137677,Q-BIZ สมุดปกแข็งมุมมัน 70g 5/100 แผ่น HVB-51007,,เล่ม
,,มหาชัย,product_140001,Q-BIZ สมุดปกแข็งมุมมัน 80g 4/100,,เล่ม
,,มหาชัย,product_2800544,เทสโก้ สมุดปกแข็งมุมมัน 70แกรม 5/100แผ่น HVB-51007,360,เล่ม
,,มหาชัย,product_1184979,เทสโก้แวลู สมุดปกแข็งมุมมัน 70แกรม 5/100แผ่น(เส้นดำ),,เล่ม
,,มหาชัย,product_63_182505,สมุดบันทึก OFM 70g 5/100แผ่น P2 ,,เล่ม
,,มหาชัย,product_N-HVT-100G4100,สมุดปกแข็งมุมมัน 100แกรม 4/100แผ่น,,เล่ม
,,มหาชัย,product_N-HVT-100G4150,สมุดปกแข็งมุมมัน 100แกรม 4/150แผ่น,,เล่ม
,,มหาชัย,product_N-HVT-100G4200,สมุดปกแข็งมุมมัน 100แกรม 4/200แผ่น,,เล่ม
,,มหาชัย,product_N-HVT-100G5100,สมุดปกแข็งมุมมัน 100แกรม 5/100แผ่น,,เล่ม
,,มหาชัย,product_N-HVT-100G5150,สมุดปกแข็งมุมมัน 100แกรม 5/150แผ่น,,เล่ม
,,มหาชัย,product_N-HVT-100G5200,สมุดปกแข็งมุมมัน 100แกรม 5/200แผ่น,,เล่ม
,,มหาชัย,product_N-HVT-100G550,สมุดปกแข็งมุมมัน 100แกรม 5/50แผ่น,,เล่ม
,,มหาชัย,product_N-HVT-100G8100,สมุดปกแข็งมุมมัน 100แกรม 8/100แผ่น,,เล่ม
,,มหาชัย,product_N-HVB-51007,สมุดปกแข็งมุมมัน 70แกรม 5/100แผ่น HVB-51007,,เล่ม
,,มหาชัย,product_N-HVT-70G5100A,สมุดปกแข็งมุมมัน 70แกรม 5/100แผ่น(A),,เล่ม
,,มหาชัย,product_N-HVT-70G5150,สมุดปกแข็งมุมมัน 70แกรม 5/150แผ่น,,เล่ม
,,มหาชัย,product_N-HVT-70G5200,สมุดปกแข็งมุมมัน 70แกรม 5/200แผ่น,,เล่ม
,,มหาชัย,product_N-HVT-70G8100,สมุดปกแข็งมุมมัน 70แกรม 8/100แผ่น,,เล่ม
,,มหาชัย,product_N-HVT-80G4100,สมุดปกแข็งมุมมัน 80แกรม 4/100แผ่น,,เล่ม
,,มหาชัย,product_N-HVT-80G4150,สมุดปกแข็งมุมมัน 80แกรม 4/150แผ่น,,เล่ม
,,มหาชัย,product_N-HVT-80G4200,สมุดปกแข็งมุมมัน 80แกรม 4/200แผ่น,,เล่ม
,,มหาชัย,product_N-HV-121006-1,Atlux สมุดบัญชีปกแข็ง 60G 12/100แผ่น HV-121006,,เล่ม
,,มหาชัย,product_N-HV-201006-1,Atlux สมุดบัญชีปกแข็ง 60G 20/100แผ่น HV-201006,,เล่ม
,,มหาชัย,product_N-BV-2706-1,Atlux สมุดปกแข็งสันตรง 60แกรม 2/70แผ่น BV-2706 ,,เล่ม
,,มหาชัย,product_N-HV-51007-1,Atlux สมุดปกแข็งสันตรง 70G 5/100แผ่น HV-51007 ลายเพชร,,เล่ม
,,มหาชัย,product_N-HVA5807,Atlux สมุดปกแข็งสันตรง A5/80แผ่น 70G HV-A5807,,เล่ม
,,มหาชัย,__export__.product_product_7008,MGH สมุดปกแข็งสันตรง 70G 5/100แผ่น HV-51007ลายเพชร,,เล่ม
,,มหาชัย,product_26000,MKR สมุดปกแข็งสันตรง 70G 5/100แผ่น HV-51007ลายเพชร,,เล่ม
,,มหาชัย,product_444057,MKR สมุดปกแข็งสันห่วง A6/80 แผ่น 70G HVDW-A6807,,เล่ม
,,มหาชัย,product_176894,OFC สมุดปกแข็งสันตรง 60แกรม 2/70แผ่น BV-2706 ,,เล่ม
,,มหาชัย,__export__.product_product_6922,OFC สมุดปกแข็งสันตรงA5/80 แผ่นรวมปก 70g HV-A5807,,เล่ม
,,มหาชัย,product_3437902,TCสมุดปกแข็งสันตรง A5/80s 70g-SL-เขียว,,เล่ม
,,มหาชัย,product_3438106,TCสมุดปกแข็งสันตรง A5/80s 70g-SL-ชมพู,,เล่ม
,,มหาชัย,product_3438158,TCสมุดปกแข็งสันตรง A5/80s 70g-SL-แดง,,เล่ม
,,มหาชัย,product_3438008,TCสมุดปกแข็งสันตรง A5/80s 70g-SL-เทา,,เล่ม
,,มหาชัย,product_3437954,TCสมุดปกแข็งสันตรง A5/80s 70g-SL-ฟ้า,,เล่ม
,,มหาชัย,product_3443290,TCสมุดปกแข็งสันตรง A5/80s 70g-SL-ม่วง,,เล่ม
,,มหาชัย,product_3438058,TCสมุดปกแข็งสันตรง A5/80s 70g-SL-เหลือง,,เล่ม
,,มหาชัย,product_2800694,เทสโก้ ปกแข็งสันตรง A5 มีเส้น 70 แกรม 80 แผ่นรวมปกA,,เล่ม
,,มหาชัย,product_2800695,เทสโก้ ปกแข็งสันตรง A5 มีเส้น 70 แกรม 80 แผ่นรวมปกB,,เล่ม
,,มหาชัย,product_2800697,เทสโก้ ปกแข็งสันตรง A5 มีเส้น 70 แกรม 80 แผ่นรวมปกC,,เล่ม
,,มหาชัย,product_2800698,เทสโก้ ปกแข็งสันตรง A5 มีเส้น 70 แกรม 80 แผ่นรวมปกD,,เล่ม
,,มหาชัย,product_3454340,เทสโก้ สมุดบัญชี 20/100s 75g-ECO,,เล่ม
,,มหาชัย,product_1802555,เทสโก้ สมุดบัญชีปกแข็ง 60แกรม 12/100แผ่น HV-121006,,เล่ม
,,มหาชัย,product_1534566,เทสโก้ สมุดบัญชีปกแข็ง 60แกรม 20/100แผ่น HV-201006,,เล่ม
,,มหาชัย,product_3454334,เทสโก้ สมุดปกแข็ง 5/100s 75g-ECO,,เล่ม
,,มหาชัย,product_2241339,เทสโก้ สมุดปกแข็งแฟนซี 9/100 แผ่น 60 แกรม HV91006,,เล่ม
,,มหาชัย,product_2800543,เทสโก้ สมุดปกแข็งสันตรง 60 แกรม 2/70 แผ่น BV-2706,,เล่ม
,,มหาชัย,product_2800463,เทสโก้ สมุดปกแข็งสันตรง 70 แกรม 80 แผ่นรวมปกA,,เล่ม
,,มหาชัย,product_2800464,เทสโก้ สมุดปกแข็งสันตรง 70 แกรม 80 แผ่นรวมปกB,,เล่ม
,,มหาชัย,product_2011923,เทสโก้ สมุดปกแข็งสันตรง 70G 5/100แผ่น HV-51007 ลายเพชร,,เล่ม
,,มหาชัย,product_3454242,เทสโก้ สมุดปกแข็งสันตรง 75g 80s-ECO-1,,เล่ม
,,มหาชัย,product_3454363,เทสโก้ สมุดปกแข็งสันตรง 75g 80s-ECO-2,,เล่ม
,,มหาชัย,product_3454271,เทสโก้ สมุดปกแข็งสันตรง A5/80s 75g-ECO-1,,เล่ม
,,มหาชัย,product_3454418,เทสโก้ สมุดปกแข็งสันตรง A5/80s 75g-ECO-2,,เล่ม
,,มหาชัย,product_2800721,เทสโก้ สมุดปกแข็งสันตรง A6 70 แกรม 100 แผ่นรวมปกA,,เล่ม
,,มหาชัย,product_2800720,เทสโก้ สมุดปกแข็งสันตรง A6 70 แกรม 100 แผ่นรวมปกB,,เล่ม
,,มหาชัย,product_3454311,เทสโก้ สมุดปกแข็งสันตรงA6/100s 75g-ECO-1,,เล่ม
,,มหาชัย,product_3454386,เทสโก้ สมุดปกแข็งสันตรงA6/100s 75g-ECO-2,,เล่ม
,,มหาชัย,__export__.product_product_6962,สมุดฉีกปกแข็ง100แผ่น 80g HVP-S1008,,เล่ม
,,มหาชัย,product_444059,สมุดบัญชีปกแข็ง 60g 12/100 HV-121006,,เล่ม
,,มหาชัย,product_444058,สมุดบัญชีปกแข็ง 60g 20/100 HV201006,,เล่ม
,,มหาชัย,product_N-HV-201006,สมุดบัญชีปกแข็ง 60แกรม 12/100แผ่น HV-121006,,เล่ม
,,มหาชัย,product_N-HV-121006,สมุดบัญชีปกแข็ง 60แกรม 20/100แผ่น HV-201006,,เล่ม
,,มหาชัย,product_N-HV-91007,สมุดปกแข็งสันโค้ง 70แกรม 9/100แผ่น HV-91007 ลายไม้,,เล่ม
,,มหาชัย,product_N-BV-2706,สมุดปกแข็งสันตรง 60แกรม 2/70แผ่น BV-2706 ,,เล่ม
,,มหาชัย,product_N-HV-91006,สมุดปกแข็งสันตรง 60แกรม 9/100แผ่น HV-91006,,เล่ม
,,มหาชัย,product_N-HV-51007,สมุดปกแข็งสันตรง 70G 5/100แผ่น HV-51007 ลายเพชร,,เล่ม
,,มหาชัย,__export__.product_product_6951,สมุดปกแข็งสันตรง A5/80แผ่น 70G HV-A5807,,เล่ม
,,มหาชัย,__export__.product_product_6950,สมุดปกแข็งสันตรง A6/100แผ่น 70G HV-A61007,,เล่ม
,,มหาชัย,product_N-HVDW-L807,Atlux สมุดปกแข็งริมห่วงทรงยาว 80แผ่น 70G HVDW-L807,,เล่ม
,,มหาชัย,product_N-HVDW-A51007-1,Atlux สมุดปกแข็งสันห่วง A5 70แกรม 100แผ่น HVDW-A51007,,เล่ม
,,มหาชัย,product_N-HVDW-SP-A58075,Atlux สมุดปกแข็งสันห่วงSpotUV A5/80แผ่น 75G HVDW-SP-A58075,,เล่ม
,,มหาชัย,product_4845686,B2S สมุดปกแข็งสันห่วงA5/80 แผ่นรวมปก 70แกรม-ลายA,,เล่ม
,,มหาชัย,product_4845687,B2S สมุดปกแข็งสันห่วงA5/80 แผ่นรวมปก 70แกรม-ลายB,,เล่ม
,,มหาชัย,product_4845688,B2S สมุดปกแข็งสันห่วงA5/80 แผ่นรวมปก 70แกรม-ลายC,,เล่ม
,,มหาชัย,product_4845689,B2S สมุดปกแข็งสันห่วงA5/80 แผ่นรวมปก 70แกรม-ลายD,,เล่ม
,,มหาชัย,product_4845682,B2S สมุดปกแข็งสันห่วงตัด8/80 แผ่นรวมปก 70แกรม-ลายA,,เล่ม
,,มหาชัย,product_4845683,B2S สมุดปกแข็งสันห่วงตัด8/80 แผ่นรวมปก 70แกรม-ลายB,,เล่ม
,,มหาชัย,product_4845684,B2S สมุดปกแข็งสันห่วงตัด8/80 แผ่นรวมปก 70แกรม-ลายC,,เล่ม
,,มหาชัย,product_4845685,B2S สมุดปกแข็งสันห่วงตัด8/80 แผ่นรวมปก 70แกรม-ลายD,,เล่ม
,,มหาชัย,product_219567,OFC สมุดปกแข็งสันห่วง A5 70แกรม 100แผ่น HVDW-A51007,,เล่ม
,,มหาชัย,__export__.product_product_6921,OFC สมุดปกแข็งสันห่วง A5/80แผ่นรวมปก 75g HVDW-SP-A58075,,เล่ม
,,มหาชัย,product_219563,OFC สมุดปกแข็งสันห่วง B6/70แผ่น 70g HVDW-B6707,,เล่ม
,,มหาชัย,product_219565,OFC สมุดปกแข็งสันห่วงเล็ก 60 แผ่น 70แกรม HVDW-SS-607,,เล่ม
,,มหาชัย,product_3443324,TCสมุดปกแข็งสันห่วง A6/80s70g-SL-เขียว,,เล่ม
,,มหาชัย,product_3443408,TCสมุดปกแข็งสันห่วง A6/80s70g-SL-ชมพู,,เล่ม
,,มหาชัย,product_3443422,TCสมุดปกแข็งสันห่วง A6/80s70g-SL-แดง,,เล่ม
,,มหาชัย,product_3443368,TCสมุดปกแข็งสันห่วง A6/80s70g-SL-เทา,,เล่ม
,,มหาชัย,product_3443347,TCสมุดปกแข็งสันห่วง A6/80s70g-SL-ฟ้า,,เล่ม
,,มหาชัย,product_3443445,TCสมุดปกแข็งสันห่วง A6/80s70g-SL-ม่วง,,เล่ม
,,มหาชัย,product_3443382,TCสมุดปกแข็งสันห่วง A6/80s70g-SL-เหลือง,,เล่ม
,,มหาชัย,product_3438095,TCสมุดปกแข็งสันห่วงA5/100s70g-SL-ชมพู,,เล่ม
,,มหาชัย,product_3438141,TCสมุดปกแข็งสันห่วงA5/100s70g-SL-แดง,,เล่ม
,,มหาชัย,product_3437998,TCสมุดปกแข็งสันห่วงA5/100s70g-SL-เทา,,เล่ม
,,มหาชัย,product_3437948,TCสมุดปกแข็งสันห่วงA5/100s70g-SL-ฟ้า,,เล่ม
,,มหาชัย,product_3443284,TCสมุดปกแข็งสันห่วงA5/100s70g-SL-ม่วง,,เล่ม
,,มหาชัย,product_3437891,TCสมุดปกแข็งสันห่วงA5/100s70g-SLเขียว,,เล่ม
,,มหาชัย,product_3438043,TCสมุดปกแข็งสันห่วงA5/100s70g-SLเหลือง,,เล่ม
,,มหาชัย,product_3453871,คัดเดิลมี สมุดปกแข็งสันห่วง A5/100s 70g,,เล่ม
,,มหาชัย,product_3453894,คัดเดิลมี สมุดปกแข็งสันห่วง A6/80s 70g,,เล่ม
,,มหาชัย,__export__.product_product_6934,เทสโก้ SETสมุดปกแข็งA5/100 +ปกพีพี 3มิติ,,เล่ม
,,มหาชัย,product_2800707,เทสโก้ สมุดปกแข็งแม่เหล็ก ตัด16 70 แกรม 80 แผ่นรวมปกA,,เล่ม
,,มหาชัย,product_2800706,เทสโก้ สมุดปกแข็งแม่เหล็ก ตัด16 70 แกรม 80 แผ่นรวมปกB,,เล่ม
,,มหาชัย,product_3454294,เทสโก้ สมุดปกแข็งแม่เหล็ก16/80s75g-ECO-1,,เล่ม
,,มหาชัย,product_3454403,เทสโก้ สมุดปกแข็งแม่เหล็ก16/80s75g-ECO-2,,เล่ม
,,มหาชัย,product_2800643,เทสโก้ สมุดปกแข็งสันห่วง A5 70 แกรม100 แผ่นรวมปก B,,เล่ม
,,มหาชัย,product_2800645,เทสโก้ สมุดปกแข็งสันห่วง A5 70 แกรม100 แผ่นรวมปก D,,เล่ม
,,มหาชัย,product_2800647,เทสโก้ สมุดปกแข็งสันห่วง A5 70 แกรม100 แผ่นรวมปก F,,เล่ม
,,มหาชัย,product_2800642,เทสโก้ สมุดปกแข็งสันห่วง A5 70 แกรม100 แผ่นรวมปกA,,เล่ม
,,มหาชัย,product_2800644,เทสโก้ สมุดปกแข็งสันห่วง A5 70 แกรม100 แผ่นรวมปกC,,เล่ม
,,มหาชัย,product_2800646,เทสโก้ สมุดปกแข็งสันห่วง A5 70 แกรม100 แผ่นรวมปกE,,เล่ม
,,มหาชัย,product_2800705,เทสโก้ สมุดปกแข็งสันห่วง A5 75 แกรม 150 แผ่นรวมปกA,,เล่ม
,,มหาชัย,product_2800704,เทสโก้ สมุดปกแข็งสันห่วง A5 75 แกรม 150 แผ่นรวมปกB,,เล่ม
,,มหาชัย,product_2800539,เทสโก้ สมุดปกแข็งสันห่วง A5/100 แผ่น 70แกรม HVDWA51007,,เล่ม
,,มหาชัย,product_2800532,เทสโก้ สมุดปกแข็งสันห่วง A5/100 แผ่น 70แกรม ปั๊มฟอยด์,,เล่ม
,,มหาชัย,product_2800538,เทสโก้ สมุดปกแข็งสันห่วง A6/80 แผ่น 70แกรม HVDWA6807,,เล่ม
,,มหาชัย,product_2800533,เทสโก้ สมุดปกแข็งสันห่วง A6/80 แผ่น 70แกรม ปั๊มฟอยด์,,เล่ม
,,มหาชัย,product_3454259,เทสโก้ สมุดปกแข็งสันห่วง A6/80s75g-ECO-1,,เล่ม
,,มหาชัย,product_3454378,เทสโก้ สมุดปกแข็งสันห่วง A6/80s75g-ECO-2,,เล่ม
,,มหาชัย,product_2800650,เทสโก้ สมุดปกแข็งสันห่วง B5 70 แกรม100 แผ่นรวมปก B,,เล่ม
,,มหาชัย,product_2800649,เทสโก้ สมุดปกแข็งสันห่วง B5 70 แกรม100 แผ่นรวมปกA,,เล่ม
,,มหาชัย,product_3454213,เทสโก้ สมุดปกแข็งสันห่วง B5/100s 75g-ECO,,เล่ม
,,มหาชัย,product_3454207,เทสโก้ สมุดปกแข็งสันห่วงA5/100s75g-ECO-1,,เล่ม
,,มหาชัย,product_3454426,เทสโก้ สมุดปกแข็งสันห่วงA5/100s75g-ECO-2,,เล่ม
,,มหาชัย,product_2800467,เทสโก้ สมุดปกแข็งสันห่วงA6 70 แกรม 80 แผ่นรวมปกA,,เล่ม
,,มหาชัย,product_2800468,เทสโก้ สมุดปกแข็งสันห่วงA6 70 แกรม 80 แผ่นรวมปกB,,เล่ม
,,มหาชัย,product_2800470,เทสโก้ สมุดปกแข็งสันห่วงA6 70 แกรม 80 แผ่นรวมปกC,,เล่ม
,,มหาชัย,product_2800471,เทสโก้ สมุดปกแข็งสันห่วงA6 70 แกรม 80 แผ่นรวมปกD,,เล่ม
,,มหาชัย,product_2800681,เทสโก้ สมุดปกแข็งสันห่วงทรงยาว 70 แกรม100แผ่นรวมปกA,,เล่ม
,,มหาชัย,product_2800683,เทสโก้ สมุดปกแข็งสันห่วงทรงยาว 70 แกรม100แผ่นรวมปกB,,เล่ม
,,มหาชัย,product_2800709,เทสโก้ สมุดปกแข็งสันห่วงบน ตัด16 70 แกรม 80 แผ่นรวมปกA,,เล่ม
,,มหาชัย,product_2800708,เทสโก้ สมุดปกแข็งสันห่วงบน ตัด16 70 แกรม 80 แผ่นรวมปกB,,เล่ม
,,มหาชัย,product_2188812,เทสโก้สมุดปกแข็งสันห่วงปกน้ำตาล70gB5/100,,เล่ม
,,มหาชัย,__export__.product_product_6952,สมุดปกแข็งริมห่วงทรงยาว 80แผ่น 70G HVDW-L807,,เล่ม
,,มหาชัย,product_N-HVDW-A51007,สมุดปกแข็งสันห่วง A5 70แกรม 100แผ่น HVDW-A51007,,เล่ม
,,มหาชัย,__export__.product_product_6722,สมุดปกแข็งสันห่วง A6 70แกรม 80แผ่น HVDW-A6807,,เล่ม
,,มหาชัย,__export__.product_product_6958,สมุดปกแข็งสันห่วง B6/70แผ่น 70g HVDW-B6707,,เล่ม
,,มหาชัย,__export__.product_product_6948,สมุดปกแข็งสันห่วงSpotUV A5/80แผ่น 75G HVDW-SP-A58075,,เล่ม
,,มหาชัย,__export__.product_product_6953,สมุดปกแข็งสันห่วงเล็ก 60 แผ่น 70แกรม HVDW-SS-607,,เล่ม
,,มหาชัย,product_176902,OFC สมุดปกแข็งหุ้มพลาสติก 100G 9/100 แผ่น ,,เล่ม
,,มหาชัย,product_2800545,เทสโก้ สมุดปกแข็งหุ้มพลาสติก 100แกรม 5/100แผ่น,,เล่ม
,,มหาชัย,product_N-HVS-100G18100,สมุดปกแข็งหุ้มพลาสติก 100แกรม 18/100แผ่น,,เล่ม
,,มหาชัย,product_N-HVS-100G5100,สมุดปกแข็งหุ้มพลาสติก 100แกรม 5/100แผ่น,,เล่ม
,,มหาชัย,product_N-HVS-100G5150,สมุดปกแข็งหุ้มพลาสติก 100แกรม 5/150แผ่น,,เล่ม
,,มหาชัย,product_N-HVS-100G5200,สมุดปกแข็งหุ้มพลาสติก 100แกรม 5/200แผ่น,,เล่ม
,,มหาชัย,product_N-HVS-100G8100,สมุดปกแข็งหุ้มพลาสติก 100แกรม 8/100แผ่น,,เล่ม
,,มหาชัย,product_N-HVS-100G8150,สมุดปกแข็งหุ้มพลาสติก 100แกรม 8/150แผ่น,,เล่ม
,,มหาชัย,product_N-HVS-100G8200,สมุดปกแข็งหุ้มพลาสติก 100แกรม 8/200แผ่น,,เล่ม
,,มหาชัย,product_N-HVS-100G9100,สมุดปกแข็งหุ้มพลาสติก 100แกรม 9/100แผ่น,,เล่ม
,,มหาชัย,product_N-HVS-100G9150,สมุดปกแข็งหุ้มพลาสติก 100แกรม 9/150แผ่น,,เล่ม
,,มหาชัย,product_N-HVS-100G9200,สมุดปกแข็งหุ้มพลาสติก 100แกรม 9/200แผ่น,,เล่ม
,,มหาชัย,__export__.product_product_7007,MGH สมุดปกน้ำเงิน 55G 2/70 แผ่น,,เล่ม
,,มหาชัย,product_56875,MKR สมุดปกน้ำเงิน 55G 2/70 แผ่น,,เล่ม
,,มหาชัย,product_162838,OFC  สมุดปกแข็งสีน้ำเงิน 2/70 แผ่น,,เล่ม
,,มหาชัย,product_106700,Q-BIZ สมุดปกแข็งน้ำเงิน 2/70 แผ่น,,เล่ม
,,มหาชัย,product_1207523,เทสโก้แวลู สมุดปกแข็งสีน้ำเงิน 2/70 แผ่น,,เล่ม
,,มหาชัย,product_N-BL-2260,สมุดปกแข็งน้ำเงิน 55แกรม 2/260แผ่น,,เล่ม
,,มหาชัย,product_N-BL-4260,สมุดปกแข็งสีน้ำเงิน 55แกรม 4/260แผ่น,,เล่ม
,,มหาชัย,product_N-BL-480,สมุดปกแข็งสีน้ำเงิน 55แกรม 4/80แผ่น,,เล่ม
,,มหาชัย,product_N-BL-250C,สมุดปกแข็งสีน้ำเงินเคลือบพลาสติก 60แกรม 2/50แผ่น,,เล่ม
,,มหาชัย,product_N-BL-452C,สมุดปกแข็งสีน้ำเงินปกเคลือบ 55แกรม 4/52แผ่น,,เล่ม
,,มหาชัย,product_N-BL-270PVC,สมุดปกแข็งสีน้ำเงินหุ้มปกพลาสติก 55แกรม 2/70แผ่น,,เล่ม
,,มหาชัย,product_N-BL-260,สมุดปกน้ำเงิน 55G 2/60แผ่น,,เล่ม
,,มหาชัย,product_N-BL-270,สมุดปกน้ำเงิน 55G 2/70แผ่น,,เล่ม
,,มหาชัย,product_N-BL-280,สมุดปกน้ำเงิน 55G 2/80แผ่น,,เล่ม
,,มหาชัย,product_N-BL-260C,สมุดปกสีน้ำเงินเคลือบพลาสติก 55แกรม 2/60แผ่น,,เล่ม
,,มหาชัย,product_N-PPW-8607-1,Atlux สมุดปกพีพีขาวทึบริมห่วง 70G 8/60แผ่น PPW-8607,,เล่ม
,,มหาชัย,product_N-PPW-A6407-1,Atlux สมุดปกพีพีขาวทึบสันห่วง 70G A6/40แผ่น PPW-A6407,,เล่ม
,,มหาชัย,product_N-PPW-A7607-1,Atlux สมุดปกพีพีขาวทึบสันห่วง 70G A7/60แผ่น PPW-A7607,,เล่ม
,,มหาชัย,product_N-PPT-32307-1,Atlux สมุดปกพีพีเย็บลวด ตัด 32/30 แผ่นรวมปก70g PPT-32307,,เล่ม
,,มหาชัย,product_N-PPN-16607-1,Atlux สมุดปกพีพีริมห่วง 70g 16/60แผ่น PPN16607,,เล่ม
,,มหาชัย,product_N-PP-1660POOH,Atlux สมุดปกพีพีสันห่วง ตัด16 60 แผ่น หมีพู,,เล่ม
,,มหาชัย,product_N-PP-1660MICKEY,Atlux สมุดปกพีพีสันห่วง ตัด16 Mickey,,เล่ม
,,มหาชัย,product_N-PP-860POOR,Atlux สมุดปกพีพีสันห่วง ตัด8 60 แผ่น หมีพู,,เล่ม
,,มหาชัย,product_N-PP-860MICKEY,Atlux สมุดปกพีพีสันห่วง ตัด8 Mickey,,เล่ม
,,มหาชัย,product_N-PPT-8307-1,Atlux สมุดปกพีพีอ่อนเย็บลวด 70g 8/30 PPT-8307,,เล่ม
,,มหาชัย,product_N-PPW-A51007-1,Atlux สมุดริมห่วงปกพีพี 70G A5/100แผ่น PPW-A51007,,เล่ม
,,มหาชัย,__export__.product_product_7003,MGH สมุดปกพีพีริมห่วง 70G 16/60แผ่น PPN-16607,,เล่ม
,,มหาชัย,product_444029,MKR สมุดปกพีพีเย็บลวด 70แกรม 32/30แผ่น PPT-32307,,เล่ม
,,มหาชัย,product_143720,MKR สมุดปกพีพีริมห่วง 70G 16/60แผ่น PPN-16607,,เล่ม
,,มหาชัย,product_179656,OFC สมุดปกดำพีพีสันห่วงไดคัท 70g A5/60 แผ่น PPBD-A5607,,เล่ม
,,มหาชัย,product_176103,OFC สมุดปกพีพี ริมห่วง 70G. 16/60 แผ่น PPN-16607,,เล่ม
,,มหาชัย,product_162447,OFC สมุดปกพีพีขาวทึบสันห่วง70g 8/60 แผ่น PPW-8607 ,,เล่ม
,,มหาชัย,__export__.product_product_6920,OFC สมุดปกพีพีเย็บลวดตัด32/30 แผ่นรวมปก 70g PPT-32307 (P6),,เล่ม
,,มหาชัย,product_219564,OFC สมุดปกพีพีสันห่วง A5/60 แผ่นรวมปก 70G PPN-A5607,,เล่ม
,,มหาชัย,product_176095,OFC สมุดปกพีพีอ่อน 60G. 9/30 แผ่น  PPT-9306,,เล่ม
,,มหาชัย,__export__.product_product_6991,OFC สมุดปกอ่อนสันห่วง 70แกรม 8/40แผ่น เคลือบโฮโลแกรม DWF-8407,,เล่ม
,,มหาชัย,product_172858,OFC สมุดริมลวดปกพีพีสีดำ 70G. 8/60แผ่น PPB-8607,,เล่ม
,,มหาชัย,product_172860,OFC สมุดริมลวดปกพีพีสีดำ 70G. A5/60แผ่น PPB-A5607,,เล่ม
,,มหาชัย,product_176150,OFC สมุดริมห่วงปกพีพี 70g A5/100 แผ่น PPW-A51007  ,,เล่ม
,,มหาชัย,__export__.product_product_6967,เทสโก้ SETสมุดปกแข็ง 70g A5/100 +ปกพีพี 3 มิติ,,เล่ม
,,มหาชัย,product_2800459,เทสโก้ สมุดปกพีพี 70 แกรม 34แผ่นรวมปกA,0,เล่ม
,,มหาชัย,product_2800460,เทสโก้ สมุดปกพีพี 70 แกรม 34แผ่นรวมปกB,1908,เล่ม
,,มหาชัย,product_2800461,เทสโก้ สมุดปกพีพี 70 แกรม 34แผ่นรวมปกC,0,เล่ม
,,มหาชัย,product_2800462,เทสโก้ สมุดปกพีพี 70 แกรม 34แผ่นรวมปกD,0,เล่ม
,,มหาชัย,product_2800631,เทสโก้ สมุดปกพีพี B5 เย็บลวด 70 แกรม 28 แผ่นรวมปกA,23640,เล่ม
,,มหาชัย,product_2800632,เทสโก้ สมุดปกพีพี B5 เย็บลวด 70 แกรม 28 แผ่นรวมปกB,24276,เล่ม
,,มหาชัย,product_1908007,เทสโก้ สมุดปกพีพีขาวทึบริมห่วง 70G 8/60แผ่น PPW-8607,,เล่ม
,,มหาชัย,product_2800719,เทสโก้ สมุดปกพีพีสันห่วง A4 70 แกรม 50 แผ่นรวมปกA,,เล่ม
,,มหาชัย,product_2800718,เทสโก้ สมุดปกพีพีสันห่วง A4 70 แกรม 50 แผ่นรวมปกB,,เล่ม
,,มหาชัย,product_2800703,เทสโก้ สมุดปกพีพีสันห่วง A5 70 แกรม 80 แผ่นรวมปกA,,เล่ม
,,มหาชัย,product_2800728,เทสโก้ สมุดปกพีพีสันห่วง A5 70 แกรม 80 แผ่นรวมปกB,,เล่ม
,,มหาชัย,product_2800750,เทสโก้ สมุดปกพีพีสันห่วง A6 70 แกรม 60 แผ่นรวมปกA,,เล่ม
,,มหาชัย,product_2800751,เทสโก้ สมุดปกพีพีสันห่วง A6 70 แกรม 60 แผ่นรวมปกB,,เล่ม
,,มหาชัย,product_2800752,เทสโก้ สมุดปกพีพีสันห่วง A6 70 แกรม 60 แผ่นรวมปกC,,เล่ม
,,มหาชัย,product_2800753,เทสโก้ สมุดปกพีพีสันห่วง A6 70 แกรม 60 แผ่นรวมปกD,,เล่ม
,,มหาชัย,product_1726869,เทสโก้ สมุดปกพีพีสันห่วงA5 60 แผ่นรวมปก 70g PPB-A5607,,เล่ม
,,มหาชัย,product_2800540,เทสโก้ สมุดปกพีพีสันห่วงA5/60 แผ่น 70 แกรม PPBD-A5607,,เล่ม
,,มหาชัย,product_2321224,เทสโก้ สมุดปกพีพีสันห่วงตัด16 70G. 60 แผ่น PPN16607,,เล่ม
,,มหาชัย,product_2800541,เทสโก้ สมุดริมห่วงปกพีพี 70g A5/100 แผ่น  PPWA51007,,เล่ม
,,มหาชัย,product_1908008,เทสโก้ สมุดริมหวงปกพีพี 70G A6/40แผ่น PPWA6407 (0249),,เล่ม
,,มหาชัย,product_2249447,เทสโก้ สมุดริมห่วงปกพีพี 70G A6/40แผ่น PPWA6407 (8963),,เล่ม
,,มหาชัย,product_N-PPT-9306,สมุดปกพีพี 60แกรม 9/30แผ่น PPT-9306,,เล่ม
,,มหาชัย,product_N-PPW-8607,สมุดปกพีพีขาวทึบริมห่วง 70แกรม 8/60แผ่น PPW-8607,,เล่ม
,,มหาชัย,product_N-PPW-A6407,สมุดปกพีพีขาวทึบสันห่วง 70แกรม A6/40แผ่น PPW-A6407,,เล่ม
,,มหาชัย,product_N-PPW-A7607,สมุดปกพีพีขาวทึบสันห่วง 70แกรม A7/60แผ่น PPW-A7607,,เล่ม
,,มหาชัย,__export__.product_product_6964,สมุดปกพีพีเย็บลวด 70g 16/32แผ่น PPT-16327,,เล่ม
,,มหาชัย,__export__.product_product_6963,สมุดปกพีพีเย็บลวด 70g 9/40แผ่น PPT-9407,,เล่ม
,,มหาชัย,product_N-PPT-32307,สมุดปกพีพีเย็บลวด 70แกรม 32/30แผ่น PPT-32307,,เล่ม
,,มหาชัย,product_N-PPT-8307,สมุดปกพีพีเย็บลวด 70แกรม 8/30แผ่น PPT-8307,5796,เล่ม
,,มหาชัย,product_N-PPN-16607,สมุดปกพีพีริมห่วง 70แกรม 16/60แผ่น PPN-16607,,เล่ม
,,มหาชัย,product_N-PPW-A51007,สมุดปกพีพีริมห่วง 70แกรม A5/100แผ่น PPW-A51007,,เล่ม
,,มหาชัย,product_N-PPW-OF-8507-1,สมุดปกพีพีริมห่วง PPW-OF-8507,,เล่ม
,,มหาชัย,product_N-PPW-OF-A5807-1,สมุดปกพีพีริมห่วง PPW-OF-A5807,,เล่ม
,,มหาชัย,product_N-PPW-OF-A6807-1,สมุดปกพีพีริมห่วง PPW-OF-A6807,,เล่ม
,,มหาชัย,__export__.product_product_6968,สมุดปกพีพีสันห่วง 3มิติ 4.7x10.8 ซม. 70g 80แผ่น,,เล่ม
,,มหาชัย,product_N-PVC-A58080,สมุดปกพีพีสันห่วง 80แกรม PVC-A5/80 PVC A58080,,เล่ม
,,มหาชัย,__export__.product_product_6949,สมุดปกพีพีสันห่วง A5/60 แผ่นรวมปก 70G PPN-A5607,,เล่ม
,,มหาชัย,product_N-PPBD-A5607,สมุดปกพีพีสันห่วงปกดำ 70แกรม A5/60 PPBD-A5607,,เล่ม
,,มหาชัย,product_N-PPB-A5607,สมุดปกพีพีสันห่วงสีดำ 70แกรม A5/60แผ่น PPB-A5607,,เล่ม
,,มหาชัย,product_N-PPB-8607,สมุดปกพีพีสันห่วงสีดำ 70แกรม ตัด8/60แผ่น PPB-8607,,เล่ม
,,มหาชัย,product_N-918GP,Atlux  สมุด ตัด9/18 กราฟิครูป P10,0,เล่ม
,,มหาชัย,product_N-918GL,Atlux สมุด ตัด9/18 กราฟิคเส้น P10,39670,เล่ม
,,มหาชัย,product_N-918POOH,Atlux สมุด ตัด9/18 หมีพู  P10,28800,เล่ม
,,มหาชัย,product_N-AF10-1,Atlux สมุดปกภาพ 60G 9/46แผ่น AF10,0,เล่ม
,,มหาชัย,product_N-AF5-1,Atlux สมุดปกภาพ 9/18 แผ่น AF5,0,เล่ม
,,มหาชัย,product_N-FA6306-1,Atlux สมุดปกภาพ A6/30แผ่น 60G FA6306,,เล่ม
,,มหาชัย,product_N-FA7306-1,Atlux สมุดปกภาพ A7/30แผ่น 60G FA7306,,เล่ม
,,มหาชัย,product_N-F8306-1,Atlux สมุดปกอ่อนเย็บลวด 60G 8/30แผ่น F8306,0,เล่ม
,,มหาชัย,product_N-830POOH,Atlux สมุดปกอ่อนเย็บลวด ตัด8 30 แผ่น หมีพู,0,เล่ม
,,มหาชัย,product_N-8MICKEY,Atlux สมุดปกอ่อนเย็บลวด ตัด8 Mickey,5760,เล่ม
,,มหาชัย,product_N-930POOH,Atlux สมุดปกอ่อนเย็บลวด ตัด9 30 แผ่น หมีพู,0,เล่ม
,,มหาชัย,product_N-9MICKEY,Atlux สมุดปกอ่อนเย็บลวด ตัด9 Mickey,6912,เล่ม
,,มหาชัย,__export__.product_product_6999,MGH สมุดปกภาพ 50G 9/14แผ่น EF-5,,เล่ม
,,มหาชัย,__export__.product_product_7000,MGH สมุดปกภาพ 50G 9/34แผ่น EF-10,,เล่ม
,,มหาชัย,__export__.product_product_7001,MGH สมุดปกภาพ 60G 9/20 F-920,,เล่ม
,,มหาชัย,__export__.product_product_7002,MGH สมุดปกภาพ 60G 9/40แผ่น F-940,,เล่ม
,,มหาชัย,product_159000,MKR สมุดปกภาพ 50G 9/14แผ่น EF-5 ,,เล่ม
,,มหาชัย,product_159001,MKR สมุดปกภาพ 50G 9/34แผ่น EF-10,,เล่ม
,,มหาชัย,product_159004,MKR สมุดปกภาพ 50แกรม 9/80แผ่น EF-20,,เล่ม
,,มหาชัย,product_159002,MKR สมุดปกภาพ 60G 9/20 F-920,,เล่ม
,,มหาชัย,product_209768,MKR สมุดปกภาพ 60G 9/40แผ่น F-940,,เล่ม
,,มหาชัย,product_949949,MKR สมุดปกภาพ 60G 9/50 แผ่น F-950,,เล่ม
,,มหาชัย,product_159003,MKR สมุดปกภาพ 60G 9/80แผ่น F-980,,เล่ม
,,มหาชัย,product_143722,MKR สมุดปกอ่อน 70G 8/30แผ่น F-8307,,เล่ม
,,มหาชัย,product_444048,MKR สมุดปกอ่อนเย็บลวดA7/30แผ่น 60G F-A7306 ,,เล่ม
,,มหาชัย,product_162867,OFC สมุดปกภาพ 60แกรม 8/30แผ่น F-8306,,เล่ม
,,มหาชัย,product_162857,OFC สมุดปกภาพ 60แกรม 9/40แผ่น F-940,,เล่ม
,,มหาชัย,product_176093,OFC สมุดปกภาพ 60แกรม 9/46แผ่น AF-10,,เล่ม
,,มหาชัย,product_176091,OFC สมุดปกภาพ 60แกรม 9/50แผ่น F-950,,เล่ม
,,มหาชัย,product_176092,OFC สมุดปกภาพ 60แกรม 9/80แผ่น F-980,,เล่ม
,,มหาชัย,product_162868,OFC สมุดปกภาพ 70แกรม 8/30แผ่น F-8307,,เล่ม
,,มหาชัย,product_103104,Q-BIZ สมุดปกภาพ 9/24 แผ่น,0,เล่ม
,,มหาชัย,__export__.product_product_6966,SJR สมุดเย็บลวดตัด9/24แผ่น 60G,26448,เล่ม
,,มหาชัย,product_3453888,คัดเดิลมี สมุดปกน้ำตาลเย็บลวด 34s 70g ,0,เล่ม
,,มหาชัย,product_3453865,คัดเดิลมี สมุดเย็บลวดตัด9/24แผ่น 60g,0,เล่ม
,,มหาชัย,product_3454236,เทสโก้ สมุดปกน้ำตาลเย็บลวด 34s 75g -ECO,0,เล่ม
,,มหาชัย,product_1451547,เทสโก้ สมุดปกภาพ 60 แกรม 9/80 แผ่นรวมปก F980,3348,เล่ม
,,มหาชัย,product_1643087,เทสโก้ สมุดปกภาพ 60G 9/50แผ่น F-950,50088,เล่ม
,,มหาชัย,product_1300369,เทสโก้ สมุดปกภาพ 60G 9/60แผ่น F-960 (3714) ,25260,เล่ม
,,มหาชัย,product_268693,เทสโก้ สมุดปกภาพ 60G 9/60แผ่น F-960 (5559)  ,71568,เล่ม
,,มหาชัย,product_268691,เทสโก้ สมุดปกภาพ 6G 9/40แผ่น F-940 ,11952,เล่ม
,,มหาชัย,product_1451543,เทสโก้ สมุดปกภาพ 9/18 แผ่นรวมปก AF 5,9240,เล่ม
,,มหาชัย,product_708067,เทสโก้ สมุดปกภาพ 9/46 แผ่นรวมปก AF 10,31944,เล่ม
,,มหาชัย,product_3437885,เทสโก้ สมุดปกอ่อนเย็บลวด34s70g-SL-เขียว,0,เล่ม
,,มหาชัย,product_3438089,เทสโก้ สมุดปกอ่อนเย็บลวด34s70g-SL-ชมพู,0,เล่ม
,,มหาชัย,product_3438135,เทสโก้ สมุดปกอ่อนเย็บลวด34s70g-SL-แดง,0,เล่ม
,,มหาชัย,product_3437983,เทสโก้ สมุดปกอ่อนเย็บลวด34s70g-SL-เทา,0,เล่ม
,,มหาชัย,product_3437931,เทสโก้ สมุดปกอ่อนเย็บลวด34s70g-SL-ฟ้า,0,เล่ม
,,มหาชัย,product_3443278,เทสโก้ สมุดปกอ่อนเย็บลวด34s70g-SL-ม่วง,0,เล่ม
,,มหาชัย,product_3438037,เทสโก้ สมุดปกอ่อนเย็บลวด34s70g-SL-เหลือง,0,เล่ม
,,มหาชัย,product_1802560,เทสโก้ สมุดมุงหลังคา B5 70 แกรม 30 แผ่นรวมปก,0,เล่ม
,,มหาชัย,product_2767605,เทสโก้ สมุดเย็บลวด 9/30 แผ่น 60g  P12,39024,เล่ม
,,มหาชัย,product_3168609,เทสโก้ สมุดเย็บลวด B5 24 แผ่น 80 แกรม ,38184,เล่ม
,,มหาชัย,product_2800531,เทสโก้ สมุดเย็บลวดB5  40 แผ่น 80แกรม,15264,เล่ม
,,มหาชัย,product_3437919,เทสโก้ สมุดเย็บลวดB5/40s 60g-SL-เขียว,4476,เล่ม
,,มหาชัย,product_3438112,เทสโก้ สมุดเย็บลวดB5/40s 60g-SL-ชมพู,4440,เล่ม
,,มหาชัย,product_3438164,เทสโก้ สมุดเย็บลวดB5/40s 60g-SL-แดง,4392,เล่ม
,,มหาชัย,product_3438014,เทสโก้ สมุดเย็บลวดB5/40s 60g-SL-เทา,4764,เล่ม
,,มหาชัย,product_3437960,เทสโก้ สมุดเย็บลวดB5/40s 60g-SL-ฟ้า,4380,เล่ม
,,มหาชัย,product_3443301,เทสโก้ สมุดเย็บลวดB5/40s 60g-SL-ม่วง,4464,เล่ม
,,มหาชัย,product_3438066,เทสโก้ สมุดเย็บลวดB5/40s 60g-SL-เหลือง,4632,เล่ม
,,มหาชัย,product_3454288,เทสโก้ สมุดเย็บลวดB5/40s 75g-ECO-1,1842,เล่ม
,,มหาชัย,product_3454392,เทสโก้ สมุดเย็บลวดB5/40s 75g-ECO-2,4812,เล่ม
,,มหาชัย,__export__.product_product_6720,เทสโก้ สมุดเย็บลวดตัด 9/40s 60g P2,,เล่ม
,,มหาชัย,product_2800530,เทสโก้ สมุดเย็บลวดตัด9  24 แผ่น 80แกรม ,25320,เล่ม
,,มหาชัย,product_3443330,เทสโก้ สมุดเย็บลวดตัด9/24s 60g-SL-เขียว,5880,เล่ม
,,มหาชัย,product_3443416,เทสโก้ สมุดเย็บลวดตัด9/24s 60g-SL-ชมพู,5724,เล่ม
,,มหาชัย,product_3443439,เทสโก้ สมุดเย็บลวดตัด9/24s 60g-SL-แดง,5076,เล่ม
,,มหาชัย,product_3443376,เทสโก้ สมุดเย็บลวดตัด9/24s 60g-SL-เทา,5400,เล่ม
,,มหาชัย,product_3443353,เทสโก้ สมุดเย็บลวดตัด9/24s 60g-SL-ฟ้า,6108,เล่ม
,,มหาชัย,product_3443451,เทสโก้ สมุดเย็บลวดตัด9/24s 60g-SL-ม่วง,5760,เล่ม
,,มหาชัย,product_3443399,เทสโก้ สมุดเย็บลวดตัด9/24s 60g-SL-เหลือง,5424,เล่ม
,,มหาชัย,product_3454173,เทสโก้ สมุดเย็บลวดตัด9/24แผ่น 75g-ECO-1,1452,เล่ม
,,มหาชัย,product_3454357,เทสโก้ สมุดเย็บลวดตัด9/24แผ่น 75g-ECO-2,1956,เล่ม
,,มหาชัย,product_2800629,เทสโก้ สมุดเย็บลวดมุงหลังคา 60 แกรม 24 แผ่นรวมปกA,35772,เล่ม
,,มหาชัย,product_2800630,เทสโก้ สมุดเย็บลวดมุงหลังคา 60 แกรม 24 แผ่นรวมปกB,28604,เล่ม
,,มหาชัย,product_2800699,เทสโก้ สมุดเย็บลวดมุงหลังคาB5 60 แกรม 40 แผ่นรวมปกA,16680,เล่ม
,,มหาชัย,product_2800700,เทสโก้ สมุดเย็บลวดมุงหลังคาB5 60 แกรม 40 แผ่นรวมปกB,16200,เล่ม
,,มหาชัย,__export__.product_product_6965,สมุดปกน้ำตาลเย็บลวด 75g 32/30แผ่น KI-32307,,เล่ม
,,มหาชัย,product_N-EF5,สมุดปกภาพ 50แกรม 9/14แผ่น EF-5 ,159120,เล่ม
,,มหาชัย,product_N-EF10,สมุดปกภาพ 50แกรม 9/34แผ่น EF-10,135288,เล่ม
,,มหาชัย,product_N-EF20,สมุดปกภาพ 50แกรม 9/80แผ่น EF-20,25542,เล่ม
,,มหาชัย,product_N-F8306,สมุดปกภาพ 60แกรม 8/30แผ่น F-8306,8112,เล่ม
,,มหาชัย,product_N-F9100,สมุดปกภาพ 60แกรม 9/100แผ่น F-9100,33738,เล่ม
,,มหาชัย,product_N-AF5,สมุดปกภาพ 60แกรม 9/18แผ่น AF-5,15552,เล่ม
,,มหาชัย,product_N-F920,สมุดปกภาพ 60แกรม 9/20แผ่น F-920,165768,เล่ม
,,มหาชัย,product_N-F940,สมุดปกภาพ 60แกรม 9/40แผ่น F-940,36912,เล่ม
,,มหาชัย,product_N-AF10,สมุดปกภาพ 60แกรม 9/46แผ่น AF-10,38268,เล่ม
,,มหาชัย,product_N-F950,สมุดปกภาพ 60แกรม 9/50แผ่น F-950,49848,เล่ม
,,มหาชัย,product_N-F960,สมุดปกภาพ 60แกรม 9/60แผ่น F-960,60360,เล่ม
,,มหาชัย,product_N-F980,สมุดปกภาพ 60แกรม 9/80แผ่น F-980,37848,เล่ม
,,มหาชัย,product_N-F8307,สมุดปกภาพ 70แกรม 8/30แผ่น F-8307,17640,เล่ม
,,มหาชัย,__export__.product_product_6961,สมุดปกภาพ 8/24แผ่น 80g F-8248-4C,,เล่ม
,,มหาชัย,product_N-FA6306,สมุดปกอ่อน 60แกรม A6/30แผ่น F-A6306,,เล่ม
,,มหาชัย,__export__.product_product_6959,สมุดปกอ่อน 80g A6/24แผ่น F-A6248,,เล่ม
,,มหาชัย,product_N-FA7306,สมุดปกอ่อนเย็บลวดA7/30แผ่น 60G  F-A7306,,เล่ม
,,มหาชัย,product_N-NV-9407-1,Atlux สมุดปกอ่อนสันกาว 70g 9/40 แผ่น NV9407,7872,เล่ม
,,มหาชัย,product_N-NV-M-GR6075,Atlux สมุดปกอ่อนสันกาว ตัด16/60แผ่น 75G NV-M-GR6075,,เล่ม
,,มหาชัย,product_N-GNB-B5407-1,Atlux สมุดปกอ่อนสันกาวตัด 8/40 แผ่น 70G GNB-B5407,,เล่ม
,,มหาชัย,product_N-NVSS-GR6075-1,Atlux สมุดปกอ่อนสันกาวทรงยาว 60แผ่น 75G NVSS-GR6075 ,,เล่ม
,,มหาชัย,product_N-NV-8307-1,Atlux สมุดปกอ่อนไสกาว 70g 8/30 แผ่น NV8307,0,เล่ม
,,มหาชัย,product_N-PBF-8407-1,Atlux สมุดปกอ่อนไสกาว 70g 8/40แผ่น PBF8407,,เล่ม
,,มหาชัย,product_4845694,B2S สมุดปกอ่อนสันกาวA5/40 แผ่นรวมปก 70แกรม-ลายA,,เล่ม
,,มหาชัย,product_4845695,B2S สมุดปกอ่อนสันกาวA5/40 แผ่นรวมปก 70แกรม-ลายB,,เล่ม
,,มหาชัย,product_4845696,B2S สมุดปกอ่อนสันกาวA5/40 แผ่นรวมปก 70แกรม-ลายC,,เล่ม
,,มหาชัย,product_4845697,B2S สมุดปกอ่อนสันกาวA5/40 แผ่นรวมปก 70แกรม-ลายD,,เล่ม
,,มหาชัย,product_4845690,B2S สมุดปกอ่อนสันกาวตัด8/40 แผ่นรวมปก 70แกรม-ลายA,,เล่ม
,,มหาชัย,product_4845691,B2S สมุดปกอ่อนสันกาวตัด8/40 แผ่นรวมปก 70แกรม-ลายB,,เล่ม
,,มหาชัย,product_4845692,B2S สมุดปกอ่อนสันกาวตัด8/40 แผ่นรวมปก 70แกรม-ลายC,,เล่ม
,,มหาชัย,product_4845693,B2S สมุดปกอ่อนสันกาวตัด8/40 แผ่นรวมปก 70แกรม-ลายD,,เล่ม
,,มหาชัย,__export__.product_product_7004,MGH สมุดปกอ่อนสันกาว 8/30 GNB-B5307,,เล่ม
,,มหาชัย,__export__.product_product_7005,MGH สมุดปกอ่อนสันกาวตัด 8/40 แผ่น 70G GNB-B5407,,เล่ม
,,มหาชัย,product_114236,MKR สมุดปกอ่อนสันกาว 8/30 GNB-B5307,,เล่ม
,,มหาชัย,product_114253,MKR สมุดปกอ่อนสันกาวตัด 8/40 แผ่น 70G GNB-B5407,,เล่ม
,,มหาชัย,product_176096,OFC สมุดปกภาพสันกาว 60G. 9/50 แผ่นรวมปก AF10-PB,,เล่ม
,,มหาชัย,product_179654,OFC สมุดปกอ่อนสันกาวตัด 8/40 แผ่น 70G GNB-B5407,,เล่ม
,,มหาชัย,product_176898,OFC สมุดปกอ่อนสันกาวสีเมทาลิค A5/40 แผ่น 70g NV-M-A5407,,เล่ม
,,มหาชัย,product_172859,OFC สมุดปกอ่อนสันกาวสีเมทาิลิค 70G 8/60แผ่น NV-M-8607 ,,เล่ม
,,มหาชัย,product_176896,OFC สมุดปกอ่อนไสกาว 70g 8/30 แผ่น  NV8307,,เล่ม
,,มหาชัย,product_3184434,เทสโก้ สมุดปกอ่อนแฟนซี2/50 60แกรมNV2507,,เล่ม
,,มหาชัย,product_846309,เทสโก้ สมุดปกอ่อนเย็บลวด 10*20 ซม. 70 แกรม 50 แผ่นรวมปก,45624,เล่ม
,,มหาชัย,product_2800635,เทสโก้ สมุดปกอ่อนสันกาว  B5 70 แกรม 40 แผ่นรวมปก B,3120,เล่ม
,,มหาชัย,product_2800637,เทสโก้ สมุดปกอ่อนสันกาว  B5 70 แกรม 40 แผ่นรวมปก D,4680,เล่ม
,,มหาชัย,product_2800633,เทสโก้ สมุดปกอ่อนสันกาว  B5 70 แกรม 40 แผ่นรวมปกA,3888,เล่ม
,,มหาชัย,product_2800636,เทสโก้ สมุดปกอ่อนสันกาว  B5 70 แกรม 40 แผ่นรวมปกC,3480,เล่ม
,,มหาชัย,product_1451548,เทสโก้ สมุดปกอ่อนสันกาว 8/40 เคลือบโฮโลแกรม PBF8407,,เล่ม
,,มหาชัย,product_2800686,เทสโก้ สมุดปกอ่อนสันกาว A6 70แกรม 32 แผ่นรวมปก แพ็ค 2 เล่มA,,เล่ม
,,มหาชัย,product_2800687,เทสโก้ สมุดปกอ่อนสันกาว A6 70แกรม 32 แผ่นรวมปก แพ็ค 2 เล่มB,,เล่ม
,,มหาชัย,product_1164684,เทสโก้ สมุดปกอ่อนสันกาวตัด9/50 แผ่นรวมปก 60 แกรม,,เล่ม
,,มหาชัย,product_1451544,เทสโก้ สมุดปกอ่อนสันกาวตัด9/60 แผ่นรวมปก 60 แกรม,,เล่ม
,,มหาชัย,product_2800537,เทสโก้ สมุดปกอ่อนสันกาวสีเมทาลิค 8/60แผ่น 70G NV-M-8607 ,13248,เล่ม
,,มหาชัย,product_2800535,เทสโก้ สมุดปกอ่อนสันกาวสีเมทาลิค A5/40แผ่น 70G NV-M-A5407,5136,เล่ม
,,มหาชัย,product_3454449,เทสโก้ สมุดสันกาว A6/32s 75g P2-ECO,5640,เล่ม
,,มหาชัย,product_3168615,เทสโก้ สมุดสันกาว B5 24 แผ่น 80 แกรม ,19956,เล่ม
,,มหาชัย,product_2526054,เทสโก้ สมุดสันกาว B5 40 แผ่น 80 แกรม,17364,เล่ม
,,มหาชัย,product_1802561,เทสโก้ สมุดสันกาว B5 70 แกรม 30 แผ่นรวมปก,,เล่ม
,,มหาชัย,product_3454305,เทสโก้ สมุดสันกาวทรงยาว 50s 75g-ECO,648,เล่ม
,,มหาชัย,product_1812974,เทสโก้ สมุดอ่อนสันกาว 9/50 แผ่น AF10-PB,1020,เล่ม
,,มหาชัย,product_N-AF10PB,สมุดปกภาพ 60แกรม 9/50แผ่น AF-10-PB,23364,เล่ม
,,มหาชัย,product_N-NV2506C,สมุดปกภาพเคลือบพลาสติก 60แกรม 2/50แผ่น NV-2506,,เล่ม
,,มหาชัย,product_N-NV2506CC,สมุดปกภาพเคลือบพลาสติก 60แกรม 2/50แผ่น หุ้มปก NV-2506,,เล่ม
,,มหาชัย,__export__.product_product_6960,สมุดปกอ่อนสันกาว 65g 100แผ่น PBS-10065,,เล่ม
,,มหาชัย,__export__.product_product_6946,สมุดปกอ่อนสันกาว A5/50แผ่น 70G NV-A5507,0,เล่ม
,,มหาชัย,__export__.product_product_6947,สมุดปกอ่อนสันกาว ตัด16/60แผ่น 75G NV-M-GR6075,,เล่ม
,,มหาชัย,product_N-GNB-B5406,สมุดปกอ่อนสันกาวตัด8 60แกรม 8/40แผ่น GNB-B5406,21024,เล่ม
,,มหาชัย,product_N-GNB-B5307,สมุดปกอ่อนสันกาวตัด8 70แกรม 8/30แผ่น GNB-B5307,17280,เล่ม
,,มหาชัย,product_N-GNB-B5407,สมุดปกอ่อนสันกาวตัด8/40 แผ่น 70G GNB-B5407,0,เล่ม
,,มหาชัย,product_N-NV-9407,สมุดปกอ่อนสันกาวตัด9 70แกรม 9/40แผ่น NV-9407,0,เล่ม
,,มหาชัย,__export__.product_product_6933,สมุดปกอ่อนสันกาวทรงยาว 60แผ่น 75G NVSS-GR6075,,เล่ม
,,มหาชัย,product_N-NV-M-A5407,สมุดปกอ่อนสันกาวสีเมทาลิค 70แกรม A5/40แผ่น NV-M-A5407,,เล่ม
,,มหาชัย,product_N-NV-M-8607,สมุดปกอ่อนสันกาวสีเมทาลิค 8/60แผ่น 70G NV-M-8607,,เล่ม
,,มหาชัย,product_N-NV-8307,สมุดปกอ่อนไสกาว 70แกรม 8/30แผ่น เคลือบUV+อัดลาย NV-8307,0,เล่ม
,,มหาชัย,product_N-PBF-8407,สมุดปกอ่อนไสกาว 70แกรม 8/40แผ่น เคลือบโฮโลแกรม PBF-8407,0,เล่ม
,,มหาชัย,product_N-860MICKEY,Atlux สมุดปกกระดาษสันห่วง ตัด8  Mickey,,เล่ม
,,มหาชัย,product_N-860POOH,Atlux สมุดปกกระดาษสันห่วง ตัด8 60 แผ่น หมีพู,,เล่ม
,,มหาชัย,product_N-DWET-A6407,Atlux สมุดปกอ่อนริมห่วงบน A6/40แผ่น 70G DWFT-A6407  ,,เล่ม
,,มหาชัย,product_N-DWET-A7704,Atlux สมุดปกอ่อนริมห่วงบน A7/40แผ่น 70G DWFT-A7704,,เล่ม
,,มหาชัย,product_178496,OFCสมุดสันห่วงปกใสมัว 80g A5/80แผ่น  PVC-A58080,,เล่ม
,,มหาชัย,product_2800640,เทสโก้ สมุดปกหนา สันห่วง B5 60 แกรม 40แผ่นรวมปกA,,เล่ม
,,มหาชัย,product_2800641,เทสโก้ สมุดปกหนา สันห่วง B5 60 แกรม 40แผ่นรวมปกB,,เล่ม
,,มหาชัย,product_3454196,เทสโก้ สมุดปกหนาสันห่วง B5/40s 75g-ECO,,เล่ม
,,มหาชัย,product_2800534,เทสโก้ สมุดปกอ่อนสันห่วง 70G 8/40แผ่น เคลือบโฮโลแกรม DWF-8407,,เล่ม
,,มหาชัย,product_2800638,เทสโก้ สมุดปกอ่อนสันห่วง A6 70 แกรม 40 แผ่นรวมปกA,,เล่ม
,,มหาชัย,product_2800639,เทสโก้ สมุดปกอ่อนสันห่วง A6 70 แกรม 40 แผ่นรวมปกB,,เล่ม
,,มหาชัย,product_3454188,เทสโก้ สมุดปกอ่อนสันห่วง A6/40s 75g-ECO,,เล่ม
,,มหาชัย,product_2800692,เทสโก้ สมุดปกอ่อนสันห่วงบน A6  70 แกรม 50 แผ่นรวมปกA,,เล่ม
,,มหาชัย,product_2800693,เทสโก้ สมุดปกอ่อนสันห่วงบน A6  70 แกรม 50 แผ่นรวมปกB,,เล่ม
,,มหาชัย,product_2800473,เทสโก้ สมุดปกอ่อนสันห่วงบน A7 70 แกรม 40 แผ่นรวมปก แพ็ค 2 เล่มA,,เล่ม
,,มหาชัย,product_2800474,เทสโก้ สมุดปกอ่อนสันห่วงบน A7 70 แกรม 40 แผ่นรวมปก แพ็ค 2 เล่มB,,เล่ม
,,มหาชัย,product_3454432,เทสโก้ สมุดสันห่วงบน A7/40s 75g P2-ECO,,เล่ม
,,มหาชัย,__export__.product_product_6944,สมุดปกอ่อนริมห่วงบน A6/40แผ่น 70G DWFT-A6407,,เล่ม
,,มหาชัย,__export__.product_product_6945,สมุดปกอ่อนริมห่วงบน A7/40แผ่น 70G DWFT-A7704,,เล่ม
,,มหาชัย,__export__.product_product_6943,สมุดปกอ่อนสันห่วง 70G A6/40แผ่นรวมปก  DWF-A6407,,เล่ม
,,มหาชัย,product_N-DWF8407,สมุดปกอ่อนสันห่วง 70แกรม 8/40แผ่น เคลือบโฮโลแกรม DWF-8407,,เล่ม
,,มหาชัย,product_192472,สมุดชื่อ ชั้น วิชา 55g 9/40 แผ่น เส้นครึ่งบรรทัด,17560,เล่ม
,,มหาชัย,product_192403,สมุดชื่อ ชั้น วิชา 55g 9/40 แผ่น เส้นธรรมดา,35360,เล่ม
,,มหาชัย,product_N-PN-S940,สมุดชื่อชั้นวิชา 55G 9/40แผ่น เส้นธรรมดา,,เล่ม
,,มหาชัย,product_N-PN-S980,สมุดชื่อชั้นวิชา 55G 9/80แผ่น เส้นธรรมดา,58450,เล่ม
,,มหาชัย,product_N-PN-G940,สมุดชื่อชั้นวิชา กร๊าฟ3เส้น 9/40แผ่น,44800,เล่ม
,,มหาชัย,product_N-PN-G980,สมุดชื่อชั้นวิชา กร๊าฟ3เส้น 9/80แผ่น,19670,เล่ม
,,มหาชัย,product_N-PN-HW930,สมุดชื่อชั้นวิชา จดการบ้าน 9/30แผ่น,,เล่ม
,,มหาชัย,product_N-PN-5L940,สมุดชื่อชั้นวิชา บรรทัด5เส้น 9/40แผ่น,55300,เล่ม
,,มหาชัย,product_N-PN-5L980,สมุดชื่อชั้นวิชา บรรทัด5เส้น 9/80แผ่น,24660,เล่ม
,,มหาชัย,product_N-PN-H940,สมุดชื่อชั้นวิชา เส้นครึ่งบรรทัด 9/40แผ่น,,เล่ม
,,มหาชัย,product_N-PN-H980,สมุดชื่อชั้นวิชา เส้นครึ่งบรรทัด 9/80แผ่น,40380,เล่ม
,,มหาชัย,product_192412,สมุด สพฐ. 55g 9/40 แผ่น เส้นครึ่งบรรทัด,72400,เล่ม
,,มหาชัย,product_192476,สมุด สพฐ. 55g 9/40 แผ่น เส้นธรรมดา,456400,เล่ม
,,มหาชัย,product_2800549,สมุดสพฐ. 9/40 แผ่นรวมปก  60 แกรม ,8100,เล่ม
,,มหาชัย,product_1993315,สมุดสพฐ. 9/40 แผ่นรวมปก  60 แกรม  แพ็ค 6,4992,เล่ม
,,มหาชัย,product_2800551,สมุดสพฐ. 9/80 แผ่นรวมปก  60 แกรม ,2928,เล่ม
,,มหาชัย,product_2800552,สมุดสพฐ. 9/80 แผ่นรวมปก  60 แกรม แพ็ค 6,2232,เล่ม
,,มหาชัย,product_N-SPT-G940,สมุดสพฐ. การ์ดอาร์ต 55แกรม กร๊าฟ3เส้น 9/40แผ่น,,เล่ม
,,มหาชัย,product_N-SPT-G980,สมุดสพฐ. การ์ดอาร์ต 55แกรม กร๊าฟ3เส้น 9/80แผ่น,9150,เล่ม
,,มหาชัย,product_N-SPT-5L940,สมุดสพฐ. การ์ดอาร์ต 55แกรม บรรทัด5เส้น 9/40แผ่น,26020,เล่ม
,,มหาชัย,product_N-SPT-5L980,สมุดสพฐ. การ์ดอาร์ต 55แกรม บรรทัด5เส้น 9/80แผ่น,370,เล่ม
,,มหาชัย,product_N-SPT-H940,สมุดสพฐ. การ์ดอาร์ต 55แกรม เส้นครึ่งบรรทัด 9/40แผ่น,,เล่ม
,,มหาชัย,product_N-SPT-H980,สมุดสพฐ. การ์ดอาร์ต 55แกรม เส้นครึ่งบรรทัด 9/80แผ่น,25000,เล่ม
,,มหาชัย,product_N-SPT-S940,สมุดสพฐ. การ์ดอาร์ต 55แกรม เส้นเดี่ยว 9/40แผ่น,,เล่ม
,,มหาชัย,product_N-SPT-S980,สมุดสพฐ. การ์ดอาร์ต 55แกรม เส้นเดี่ยว 9/80แผ่น,62800,เล่ม
,,มหาชัย,product_N-SPT-G60G940,สมุดสพฐ. การ์ดอาร์ต 60แกรม กร๊าฟ3เส้น 9/40แผ่น,,เล่ม
,,มหาชัย,product_N-SPT-G60G980,สมุดสพฐ. การ์ดอาร์ต 60แกรม กร๊าฟ3เส้น 9/80แผ่น,11820,เล่ม
,,มหาชัย,product_N-SPT-5L60G940,สมุดสพฐ. การ์ดอาร์ต 60แกรม บรรทัด5เส้น 9/40แผ่น,27360,เล่ม
,,มหาชัย,product_N-SPT-5L60G980,สมุดสพฐ. การ์ดอาร์ต 60แกรม บรรทัด5เส้น 9/80แผ่น,16480,เล่ม
,,มหาชัย,product_N-SPT-H60G940,สมุดสพฐ. การ์ดอาร์ต 60แกรม เส้นครึ่งบรรทัด 9/40แผ่น,29280,เล่ม
,,มหาชัย,product_N-SPT-H60G980,สมุดสพฐ. การ์ดอาร์ต 60แกรม เส้นครึ่งบรรทัด 9/80แผ่น,12460,เล่ม
,,มหาชัย,product_N-SPT-S60G940,สมุดสพฐ. การ์ดอาร์ต 60แกรม เส้นเดี่ยว 9/40แผ่น,940,เล่ม
,,มหาชัย,product_N-SPT-S60G980,สมุดสพฐ. การ์ดอาร์ต 60แกรม เส้นเดี่ยว 9/80แผ่น,13530,เล่ม
,,มหาชัย,__export__.product_product_6994,MGH สมุดปกอ่อนลายไทย  55G 9/40แผ่น,,เล่ม
,,มหาชัย,product_958958,MKR สมุดปกอ่อนลายไทย  55G 9/40แผ่น,,เล่ม
,,มหาชัย,product_162849,OFC สมุดปกแข็งลายไทย 55G 9/70 แผ่น ,,เล่ม
,,มหาชัย,product_162986,OFC สมุดปกอ่อนลายไทย 55G 9/36แผ่น ,,เล่ม
,,มหาชัย,product_162861,OFC สมุดปกอ่อนลายไทย 55G 9/40แผ่น,,เล่ม
,,มหาชัย,product_103106,Q-BIZ สมุดปกแข็งลายไทย 9/70 แผ่น,,เล่ม
,,มหาชัย,product_103098,Q-BIZ สมุดปกอ่อนลายไทย 55g 9/30 แผ่น,53040,เล่ม
,,มหาชัย,product_1184820,เทสโก้แวลู สมุดปกแข็งลายไทย   9/60 แพ็ค 6 ,,เล่ม
,,มหาชัย,product_1184977,เทสโก้แวลู สมุดปกอ่อนลายไทย   9/30 แผ่นรวมปก แพ็ค 12,17856,เล่ม
,,มหาชัย,product_N-TD-9100,สมุดปกแข็งลายไทย 55แกรม 9/100แผ่น,,เล่ม
,,มหาชัย,product_N-TD-970,สมุดปกแข็งลายไทย 55แกรม 9/70แผ่น,,เล่ม
,,มหาชัย,product_N-TD-930,สมุดปกอ่อนลายไทย 55แกรม 9/30แผ่น,125292,เล่ม
,,มหาชัย,product_N-TD-936,สมุดปกอ่อนลายไทย 55แกรม 9/36แผ่น,52452,เล่ม
,,มหาชัย,product_N-TD-940,สมุดปกอ่อนลายไทย 55แกรม 9/40แผ่น,175176,เล่ม
,,มหาชัย,product_N-DW-P-810,Atlux สมุดวาดเขียนปกภาพ 100G 8/10แผ่น  D-810,,เล่ม
,,มหาชัย,product_N-DWF-B430120,Atlux สมุดวาดเขียนสันห่วงข้าง B4/30แผ่น 120G DWF-B430120,,เล่ม
,,มหาชัย,product_4889015,B2S สมุดวาดเขียนสันห่วงข้าง B4/30 120g D-DWF-B430120,,เล่ม
,,มหาชัย,product_4889013,B2S สมุดวาดเขียนสันห่วงบน A4/30 100g D-DWF-A430100,,เล่ม
,,มหาชัย,__export__.product_product_7010,MGH สมุดวาดเขียนปกภาพ 100G 4/10แผ่น D-410,,เล่ม
,,มหาชัย,__export__.product_product_7009,MGH สมุดวาดเขียนปกภาพ 100G 8/10แผ่น D-810,,เล่ม
,,มหาชัย,product_950950,MKR สมุดวาดเขียนปกภาพ 100G 8/10แผ่น D-810,,เล่ม
,,มหาชัย,product_769769,MKR สมุดวาดเขียนวีนัส 100G 8/10แผ่น,,เล่ม
,,มหาชัย,product_768768,MKR สมุดวาดเขียนวีนัส 120G 4/10 แผ่น,,เล่ม
,,มหาชัย,product_163024,OFC สมุดวาดเขียน 150G. 4/10แผ่น DV410150,,เล่ม
,,มหาชัย,__export__.product_product_6931,OFC สมุดวาดเขียนสันห่วงข้าง B4/30 120g D-DWF-B430120,,เล่ม
,,มหาชัย,product_63_227851,OFC สมุดวาดเขียนสันห่วงบน A4/30 แผ่น 100g D-DWF-A430100,,เล่ม
,,มหาชัย,product_2800087,เทสโก้ สมุดวาดเขียนปกภาพ 100G  8/10แผ่น D-810,,เล่ม
,,มหาชัย,product_1911581,เทสโก้ สมุดวาดเขียนเล็ก 80 แกรม  10 แผ่นรวมปก,,เล่ม
,,มหาชัย,product_1911582,เทสโก้ สมุดวาดเขียนใหญ่ 80 แกรม  10 แผ่นรวมปก,,เล่ม
,,มหาชัย,product_N-D-614,สมุดวาดเขียนปกดำ 6/14แผ่น,,เล่ม
,,มหาชัย,product_N-D-640,สมุดวาดเขียนปกดำแบบเย็บ 6/40แผ่น MH-2003,,เล่ม
,,มหาชัย,__export__.product_product_6993,สมุดวาดเขียนปกน้ำเงิน 6/14แผ่น,,เล่ม
,,มหาชัย,product_N-D410,สมุดวาดเขียนปกภาพ 100G 4/10แผ่น D-410,,เล่ม
,,มหาชัย,product_N-D810,สมุดวาดเขียนปกภาพ 100แกรม 8/10แผ่น D-810,,เล่ม
,,มหาชัย,product_N-DV-410150,สมุดวาดเขียนปกภาพ 150แกรม 4/10แผ่น DV-410150,,เล่ม
,,มหาชัย,product_N-D-810VE,สมุดวาดเขียนวีนัส 100แกรม 8/10แผ่น,,เล่ม
,,มหาชัย,product_N-D-410VE,สมุดวาดเขียนวีนัส 120แกรม 4/10แผ่น,,เล่ม
,,มหาชัย,__export__.product_product_6956,สมุดวาดเขียนสันกาว A4/10 แผ่น 100g DG-A410100,,เล่ม
,,มหาชัย,__export__.product_product_6955,สมุดวาดเขียนสันห่วงข้าง B4/30 120g D-DWF-B430120,,เล่ม
,,มหาชัย,__export__.product_product_6954,สมุดวาดเขียนสันห่วงบน A4/30 แผ่น 100g D-DWF-A430100,,ห่อ
,,มหาชัย,__export__.product_product_6970,กระดาษสั่งทำ,,เล่ม
,,มหาชัย,__export__.product_product_6886,สมุดสั่งทำ,,โหล
,,มหาชัย,product_MSI-008,สีฝุ่น สีเขียวแก่,,โหล
,,มหาชัย,product_MSI-011,สีฝุ่น สีเงิน,,โหล
,,มหาชัย,product_MSI-005,สีฝุ่น สีเงินสด,,โหล
,,มหาชัย,product_MSI-004,สีฝุ่น สีชมพู,,โหล
,,มหาชัย,product_MSI-010,สีฝุ่น สีดำ,,โหล
,,มหาชัย,product_MSI-006,สีฝุ่น สีแดง,,โหล
,,มหาชัย,product_MSI-012,สีฝุ่น สีทอง,,โหล
,,มหาชัย,product_MSI-001,สีฝุ่น สีน้ำเงิน,,โหล
,,มหาชัย,product_MSI-002,สีฝุ่น สีน้ำตาล,,โหล
,,มหาชัย,product_MSI-007,สีฝุ่น สีฟ้า,,โหล
,,มหาชัย,product_MSI-003,สีฝุ่น สีส้มแก่,,โหล
