id,product_id/id,warehouse_id,location_id,product_min_qty,product_max_qty,product_uom
stock_reorder_26oct_1,product_291187,สำเร็จรูป สาทร ชั้น 1,สาทร ชั้น 1,40000,120000,เล่ม
stock_reorder_26oct_2,product_N-TS-NO4NL,สำเร็จรูป สาทร ชั้น 1,สาทร ชั้น 1,30000,90000,เล่ม
stock_reorder_26oct_3,product_1184980,สำเร็จรูป สาทร ชั้น 1,สาทร ชั้น 1,40000,120000,เล่ม
stock_reorder_26oct_4,product_2012644,สำเร็จรูป สาทร ชั้น 1,สาทร ชั้น 1,1000,3000,เล่ม
stock_reorder_26oct_5,product_2012645,สำเร็จรูป สาทร ชั้น 1,สาทร ชั้น 1,15000,45000,เล่ม
stock_reorder_26oct_6,product_N-TS-A70NL,สำเร็จรูป สาทร ชั้น 1,สาทร ชั้น 1,1500,4500,เล่ม
stock_reorder_26oct_7,product_268309,สำเร็จรูป สาทร ชั้น 1,สาทร ชั้น 1,12000,36000,เล่ม
stock_reorder_26oct_8,product_N-TS-A90L,สำเร็จรูป สาทร ชั้น 1,สาทร ชั้น 1,5000,15000,เล่ม
stock_reorder_26oct_9,product_N-TS-AA100NL,สำเร็จรูป สาทร ชั้น 1,สาทร ชั้น 1,5000,15000,เล่ม
stock_reorder_26oct_10,product_103105,สำเร็จรูป สาทร ชั้น 1,สาทร ชั้น 1,120000,360000,เล่ม
stock_reorder_26oct_11,product_2800542,สำเร็จรูป สาทร ชั้น 1,สาทร ชั้น 1,500,1500,เล่ม
stock_reorder_26oct_12,product_2249452,สำเร็จรูป สาทร ชั้น 1,สาทร ชั้น 1,1500,4500,เล่ม
stock_reorder_26oct_13,product_2525970,สำเร็จรูป สาทร ชั้น 1,สาทร ชั้น 1,1500,4500,เล่ม
stock_reorder_26oct_14,product_1244402,สำเร็จรูป สาทร ชั้น 1,สาทร ชั้น 1,4000,12000,เล่ม
stock_reorder_26oct_15,product_2525972,สำเร็จรูป สาทร ชั้น 1,สาทร ชั้น 1,300,900,เล่ม
stock_reorder_26oct_16,product_2525974,สำเร็จรูป สาทร ชั้น 1,สาทร ชั้น 1,800,2400,เล่ม
stock_reorder_26oct_17,product_2800529,สำเร็จรูป สาทร ชั้น 1,สาทร ชั้น 1,1500,4500,เล่ม
stock_reorder_26oct_18,product_268335,สำเร็จรูป สาทร ชั้น 1,สาทร ชั้น 1,3000,9000,เล่ม
stock_reorder_26oct_19,product_1802343,สำเร็จรูป สาทร ชั้น 1,สาทร ชั้น 1,1500,4500,เล่ม
stock_reorder_26oct_20,product_2800546,สำเร็จรูป สาทร ชั้น 1,สาทร ชั้น 1,1000,3000,เล่ม
stock_reorder_26oct_21,product_N-MIS-VE924,สำเร็จรูป สาทร ชั้น 1,สาทร ชั้น 1,15000,45000,เล่ม
stock_reorder_26oct_22,product_N-MIS-DW930,สำเร็จรูป สาทร ชั้น 1,สาทร ชั้น 1,5000,15000,เล่ม
stock_reorder_26oct_23,product_1184979,สำเร็จรูป สาทร ชั้น 1,สาทร ชั้น 1,4000,12000,เล่ม
stock_reorder_26oct_24,product_N-HVT-70G5100A,สำเร็จรูป สาทร ชั้น 1,สาทร ชั้น 1,4000,12000,เล่ม
stock_reorder_26oct_25,product_2800544,สำเร็จรูป สาทร ชั้น 1,สาทร ชั้น 1,1200,3600,เล่ม
stock_reorder_26oct_26,product_N-HVB-51007,สำเร็จรูป สาทร ชั้น 1,สาทร ชั้น 1,15000,45000,เล่ม
stock_reorder_26oct_27,product_26000,สำเร็จรูป สาทร ชั้น 1,สาทร ชั้น 1,4000,12000,เล่ม
stock_reorder_26oct_28,product_1802555,สำเร็จรูป สาทร ชั้น 1,สาทร ชั้น 1,8000,24000,เล่ม
stock_reorder_26oct_29,product_1534566,สำเร็จรูป สาทร ชั้น 1,สาทร ชั้น 1,5000,15000,เล่ม
stock_reorder_26oct_30,product_2800543,สำเร็จรูป สาทร ชั้น 1,สาทร ชั้น 1,1000,3000,เล่ม
stock_reorder_26oct_31,product_2011923,สำเร็จรูป สาทร ชั้น 1,สาทร ชั้น 1,2000,6000,เล่ม
stock_reorder_26oct_32,product_2241339,สำเร็จรูป สาทร ชั้น 1,สาทร ชั้น 1,1000,3000,เล่ม
stock_reorder_26oct_33,product_2800539,สำเร็จรูป สาทร ชั้น 1,สาทร ชั้น 1,1000,3000,เล่ม
stock_reorder_26oct_34,product_2800538,สำเร็จรูป สาทร ชั้น 1,สาทร ชั้น 1,1000,3000,เล่ม
stock_reorder_26oct_35,product_2800545,สำเร็จรูป สาทร ชั้น 1,สาทร ชั้น 1,300,900,เล่ม
stock_reorder_26oct_36,product_1207523,สำเร็จรูป สาทร ชั้น 1,สาทร ชั้น 1,10000,30000,เล่ม
stock_reorder_26oct_37,product_56875,สำเร็จรูป สาทร ชั้น 1,สาทร ชั้น 1,8000,24000,เล่ม
stock_reorder_26oct_38,product_N-BL-260,สำเร็จรูป สาทร ชั้น 1,สาทร ชั้น 1,3000,9000,เล่ม
stock_reorder_26oct_39,product_N-BL-270,สำเร็จรูป สาทร ชั้น 1,สาทร ชั้น 1,7000,21000,เล่ม
stock_reorder_26oct_40,product_106700,สำเร็จรูป สาทร ชั้น 1,สาทร ชั้น 1,15000,45000,เล่ม
stock_reorder_26oct_41,product_N-BL-280,สำเร็จรูป สาทร ชั้น 1,สาทร ชั้น 1,2000,6000,เล่ม
stock_reorder_26oct_42,product_2321224,สำเร็จรูป สาทร ชั้น 1,สาทร ชั้น 1,5000,15000,เล่ม
stock_reorder_26oct_43,product_2800541,สำเร็จรูป สาทร ชั้น 1,สาทร ชั้น 1,1000,3000,เล่ม
stock_reorder_26oct_44,product_2249447,สำเร็จรูป สาทร ชั้น 1,สาทร ชั้น 1,1000,3000,เล่ม
stock_reorder_26oct_45,product_1908008,สำเร็จรูป สาทร ชั้น 1,สาทร ชั้น 1,2000,6000,เล่ม
stock_reorder_26oct_46,product_1726869,สำเร็จรูป สาทร ชั้น 1,สาทร ชั้น 1,1000,3000,เล่ม
stock_reorder_26oct_47,product_2800540,สำเร็จรูป สาทร ชั้น 1,สาทร ชั้น 1,500,1500,เล่ม
stock_reorder_26oct_48,product_1908007,สำเร็จรูป สาทร ชั้น 1,สาทร ชั้น 1,1000,3000,เล่ม
stock_reorder_26oct_49,product_159000,สำเร็จรูป สาทร ชั้น 1,สาทร ชั้น 1,30000,90000,เล่ม
stock_reorder_26oct_50,product_N-EF5,สำเร็จรูป สาทร ชั้น 1,สาทร ชั้น 1,80000,240000,เล่ม
stock_reorder_26oct_51,product_N-EF10,สำเร็จรูป สาทร ชั้น 1,สาทร ชั้น 1,100000,300000,เล่ม
stock_reorder_26oct_52,product_159001,สำเร็จรูป สาทร ชั้น 1,สาทร ชั้น 1,20000,60000,เล่ม
stock_reorder_26oct_53,product_159004,สำเร็จรูป สาทร ชั้น 1,สาทร ชั้น 1,10000,30000,เล่ม
stock_reorder_26oct_54,product_N-EF20,สำเร็จรูป สาทร ชั้น 1,สาทร ชั้น 1,10000,30000,เล่ม
stock_reorder_26oct_55,product_N-F8306,สำเร็จรูป สาทร ชั้น 1,สาทร ชั้น 1,3000,9000,เล่ม
stock_reorder_26oct_56,product_N-F8306-1,สำเร็จรูป สาทร ชั้น 1,สาทร ชั้น 1,2000,6000,เล่ม
stock_reorder_26oct_57,product_N-F9100,สำเร็จรูป สาทร ชั้น 1,สาทร ชั้น 1,4000,12000,เล่ม
stock_reorder_26oct_58,product_N-F920,สำเร็จรูป สาทร ชั้น 1,สาทร ชั้น 1,50000,150000,เล่ม
stock_reorder_26oct_59,product_159002,สำเร็จรูป สาทร ชั้น 1,สาทร ชั้น 1,20000,60000,เล่ม
stock_reorder_26oct_60,product_N-F940,สำเร็จรูป สาทร ชั้น 1,สาทร ชั้น 1,50000,150000,เล่ม
stock_reorder_26oct_61,product_209768,สำเร็จรูป สาทร ชั้น 1,สาทร ชั้น 1,20000,60000,เล่ม
stock_reorder_26oct_62,product_268691,สำเร็จรูป สาทร ชั้น 1,สาทร ชั้น 1,10000,30000,เล่ม
stock_reorder_26oct_63,product_N-F950,สำเร็จรูป สาทร ชั้น 1,สาทร ชั้น 1,40000,120000,เล่ม
stock_reorder_26oct_64,product_949949,สำเร็จรูป สาทร ชั้น 1,สาทร ชั้น 1,15000,45000,เล่ม
stock_reorder_26oct_65,product_1643087,สำเร็จรูป สาทร ชั้น 1,สาทร ชั้น 1,10000,30000,เล่ม
stock_reorder_26oct_66,product_N-F960,สำเร็จรูป สาทร ชั้น 1,สาทร ชั้น 1,15000,45000,เล่ม
stock_reorder_26oct_67,product_268693,สำเร็จรูป สาทร ชั้น 1,สาทร ชั้น 1,1500,4500,เล่ม
stock_reorder_26oct_68,product_1300369,สำเร็จรูป สาทร ชั้น 1,สาทร ชั้น 1,15000,45000,เล่ม
stock_reorder_26oct_69,product_1451547,สำเร็จรูป สาทร ชั้น 1,สาทร ชั้น 1,500,1500,เล่ม
stock_reorder_26oct_70,product_N-F980,สำเร็จรูป สาทร ชั้น 1,สาทร ชั้น 1,10000,30000,เล่ม
stock_reorder_26oct_71,product_159003,สำเร็จรูป สาทร ชั้น 1,สาทร ชั้น 1,2000,6000,เล่ม
stock_reorder_26oct_72,product_N-F8307,สำเร็จรูป สาทร ชั้น 1,สาทร ชั้น 1,3000,9000,เล่ม
stock_reorder_26oct_73,product_143722,สำเร็จรูป สาทร ชั้น 1,สาทร ชั้น 1,8000,24000,เล่ม
stock_reorder_26oct_74,product_1451543,สำเร็จรูป สาทร ชั้น 1,สาทร ชั้น 1,10000,30000,เล่ม
stock_reorder_26oct_75,__export__.product_product_6720,สำเร็จรูป สาทร ชั้น 1,สาทร ชั้น 1,5000,15000,เล่ม
stock_reorder_26oct_76,product_846309,สำเร็จรูป สาทร ชั้น 1,สาทร ชั้น 1,12000,36000,เล่ม
stock_reorder_26oct_77,product_N-NV-M-A5407,สำเร็จรูป สาทร ชั้น 1,สาทร ชั้น 1,1500,4500,เล่ม
stock_reorder_26oct_78,product_2800535,สำเร็จรูป สาทร ชั้น 1,สาทร ชั้น 1,1500,4500,เล่ม
stock_reorder_26oct_79,product_N-NV-M-8607,สำเร็จรูป สาทร ชั้น 1,สาทร ชั้น 1,1000,3000,เล่ม
stock_reorder_26oct_80,product_2800537,สำเร็จรูป สาทร ชั้น 1,สาทร ชั้น 1,2000,6000,เล่ม
stock_reorder_26oct_81,product_1451548,สำเร็จรูป สาทร ชั้น 1,สาทร ชั้น 1,1500,4500,เล่ม
stock_reorder_26oct_82,product_2800534,สำเร็จรูป สาทร ชั้น 1,สาทร ชั้น 1,500,1500,เล่ม
stock_reorder_26oct_83,product_N-DWF8407,สำเร็จรูป สาทร ชั้น 1,สาทร ชั้น 1,1500,4500,เล่ม
stock_reorder_26oct_84,product_N-TD-9100,สำเร็จรูป สาทร ชั้น 1,สาทร ชั้น 1,4000,12000,เล่ม
stock_reorder_26oct_85,product_N-TD-930,สำเร็จรูป สาทร ชั้น 1,สาทร ชั้น 1,20000,60000,เล่ม
stock_reorder_26oct_86,product_103098,สำเร็จรูป สาทร ชั้น 1,สาทร ชั้น 1,200000,600000,เล่ม
stock_reorder_26oct_87,product_1184977,สำเร็จรูป สาทร ชั้น 1,สาทร ชั้น 1,80000,240000,เล่ม
stock_reorder_26oct_88,product_N-TD-936,สำเร็จรูป สาทร ชั้น 1,สาทร ชั้น 1,10000,30000,เล่ม
stock_reorder_26oct_89,product_N-TD-940,สำเร็จรูป สาทร ชั้น 1,สาทร ชั้น 1,10000,30000,เล่ม
stock_reorder_26oct_90,product_958958,สำเร็จรูป สาทร ชั้น 1,สาทร ชั้น 1,15000,45000,เล่ม
stock_reorder_26oct_91,product_N-TD-970,สำเร็จรูป สาทร ชั้น 1,สาทร ชั้น 1,6000,18000,เล่ม
stock_reorder_26oct_92,product_103106,สำเร็จรูป สาทร ชั้น 1,สาทร ชั้น 1,20000,60000,เล่ม
stock_reorder_26oct_93,product_1184820,สำเร็จรูป สาทร ชั้น 1,สาทร ชั้น 1,5000,15000,เล่ม
stock_reorder_26oct_94,product_N-D-810VE,สำเร็จรูป สาทร ชั้น 1,สาทร ชั้น 1,2000,6000,เล่ม
stock_reorder_26oct_95,product_769769,สำเร็จรูป สาทร ชั้น 1,สาทร ชั้น 1,15000,45000,เล่ม
stock_reorder_26oct_96,product_N-D-410VE,สำเร็จรูป สาทร ชั้น 1,สาทร ชั้น 1,1000,3000,เล่ม
stock_reorder_26oct_97,product_768768,สำเร็จรูป สาทร ชั้น 1,สาทร ชั้น 1,8000,24000,เล่ม
stock_reorder_26oct_98,product_1911581,สำเร็จรูป สาทร ชั้น 1,สาทร ชั้น 1,6000,18000,เล่ม
stock_reorder_26oct_99,product_1911582,สำเร็จรูป สาทร ชั้น 1,สาทร ชั้น 1,5000,15000,เล่ม
stock_reorder_26oct_100,product_N-TS-470L,สำเร็จรูป สาทร ชั้น 2,สาทร ชั้น 2,10000,30000,เล่ม
stock_reorder_26oct_101,product_649519,สำเร็จรูป สาทร ชั้น 2,สาทร ชั้น 2,50000,150000,เล่ม
stock_reorder_26oct_102,product_N-TS-NO5NL,สำเร็จรูป สาทร ชั้น 2,สาทร ชั้น 2,6000,18000,เล่ม
stock_reorder_26oct_103,product_N-TS-A70L,สำเร็จรูป สาทร ชั้น 2,สาทร ชั้น 2,1300,3900,เล่ม
stock_reorder_26oct_104,product_N-TS-A70NL,สำเร็จรูป สาทร ชั้น 2,สาทร ชั้น 2,1500,4500,เล่ม
stock_reorder_26oct_105,product_N-TS-AA100L,สำเร็จรูป สาทร ชั้น 2,สาทร ชั้น 2,3000,9000,เล่ม
stock_reorder_26oct_106,product_103138,สำเร็จรูป สาทร ชั้น 2,สาทร ชั้น 2,20000,60000,เล่ม
stock_reorder_26oct_107,product_N-PV-13,สำเร็จรูป สาทร ชั้น 2,สาทร ชั้น 2,200,600,เล่ม
stock_reorder_26oct_108,product_N-PV-A4206,สำเร็จรูป สาทร ชั้น 2,สาทร ชั้น 2,9000,27000,เล่ม
stock_reorder_26oct_109,product_N-PV-A4406B,สำเร็จรูป สาทร ชั้น 2,สาทร ชั้น 2,600,1800,เล่ม
stock_reorder_26oct_110,product_N-PV-A4406,สำเร็จรูป สาทร ชั้น 2,สาทร ชั้น 2,5000,15000,เล่ม
stock_reorder_26oct_111,product_N-PV-A4506,สำเร็จรูป สาทร ชั้น 2,สาทร ชั้น 2,5000,15000,เล่ม
stock_reorder_26oct_112,product_103107,สำเร็จรูป สาทร ชั้น 2,สาทร ชั้น 2,1500,4500,เล่ม
stock_reorder_26oct_113,product_984984,สำเร็จรูป สาทร ชั้น 2,สาทร ชั้น 2,10000,30000,เล่ม
stock_reorder_26oct_114,product_N-PVC-136,สำเร็จรูป สาทร ชั้น 2,สาทร ชั้น 2,1000,3000,เล่ม
stock_reorder_26oct_115,product_N-PVC-188,สำเร็จรูป สาทร ชั้น 2,สาทร ชั้น 2,400,1200,เล่ม
stock_reorder_26oct_116,product_N-PVC-199,สำเร็จรูป สาทร ชั้น 2,สาทร ชั้น 2,200,600,เล่ม
stock_reorder_26oct_117,product_N-PVC-747,สำเร็จรูป สาทร ชั้น 2,สาทร ชั้น 2,200,600,เล่ม
stock_reorder_26oct_118,product_N-TA-60G12100C,สำเร็จรูป สาทร ชั้น 2,สาทร ชั้น 2,100,300,เล่ม
stock_reorder_26oct_119,product_N-TA-60G12100PVC,สำเร็จรูป สาทร ชั้น 2,สาทร ชั้น 2,100,300,เล่ม
stock_reorder_26oct_120,product_114225,สำเร็จรูป สาทร ชั้น 2,สาทร ชั้น 2,3500,10500,เล่ม
stock_reorder_26oct_121,product_N-TA-60G2070PVC,สำเร็จรูป สาทร ชั้น 2,สาทร ชั้น 2,400,1200,เล่ม
stock_reorder_26oct_122,product_114232,สำเร็จรูป สาทร ชั้น 2,สาทร ชั้น 2,4000,12000,เล่ม
stock_reorder_26oct_123,product_N-TA-100G12100,สำเร็จรูป สาทร ชั้น 2,สาทร ชั้น 2,400,1200,เล่ม
stock_reorder_26oct_124,product_N-TA-100G12150,สำเร็จรูป สาทร ชั้น 2,สาทร ชั้น 2,200,600,เล่ม
stock_reorder_26oct_125,product_N-TA-100G12200,สำเร็จรูป สาทร ชั้น 2,สาทร ชั้น 2,200,600,เล่ม
stock_reorder_26oct_126,product_N-TA-100G9100,สำเร็จรูป สาทร ชั้น 2,สาทร ชั้น 2,200,600,เล่ม
stock_reorder_26oct_127,product_N-TA-100G9150,สำเร็จรูป สาทร ชั้น 2,สาทร ชั้น 2,200,600,เล่ม
stock_reorder_26oct_128,product_N-TA-100G9200,สำเร็จรูป สาทร ชั้น 2,สาทร ชั้น 2,200,600,เล่ม
stock_reorder_26oct_129,product_N-TA-70G12100,สำเร็จรูป สาทร ชั้น 2,สาทร ชั้น 2,400,1200,เล่ม
stock_reorder_26oct_130,product_140002,สำเร็จรูป สาทร ชั้น 2,สาทร ชั้น 2,3000,9000,เล่ม
stock_reorder_26oct_131,product_N-TA-70G12150,สำเร็จรูป สาทร ชั้น 2,สาทร ชั้น 2,300,900,เล่ม
stock_reorder_26oct_132,product_N-TA-70G12200,สำเร็จรูป สาทร ชั้น 2,สาทร ชั้น 2,300,900,เล่ม
stock_reorder_26oct_133,product_N-TA-70G9100,สำเร็จรูป สาทร ชั้น 2,สาทร ชั้น 2,300,900,เล่ม
stock_reorder_26oct_134,product_N-TA-70G9150,สำเร็จรูป สาทร ชั้น 2,สาทร ชั้น 2,300,900,เล่ม
stock_reorder_26oct_135,product_N-TA-70G9200,สำเร็จรูป สาทร ชั้น 2,สาทร ชั้น 2,300,900,เล่ม
stock_reorder_26oct_136,product_N-TA-80GAA20100,สำเร็จรูป สาทร ชั้น 2,สาทร ชั้น 2,300,900,เล่ม
stock_reorder_26oct_137,product_N-TA-80GAA20150,สำเร็จรูป สาทร ชั้น 2,สาทร ชั้น 2,400,1200,เล่ม
stock_reorder_26oct_138,product_N-TA-80GAA20200,สำเร็จรูป สาทร ชั้น 2,สาทร ชั้น 2,300,900,เล่ม
stock_reorder_26oct_139,product_N-TA-55G20100,สำเร็จรูป สาทร ชั้น 2,สาทร ชั้น 2,2000,6000,เล่ม
stock_reorder_26oct_140,product_139528,สำเร็จรูป สาทร ชั้น 2,สาทร ชั้น 2,8000,24000,เล่ม
stock_reorder_26oct_141,product_N-TA-55G20150,สำเร็จรูป สาทร ชั้น 2,สาทร ชั้น 2,800,2400,เล่ม
stock_reorder_26oct_142,product_N-TA-55G20200,สำเร็จรูป สาทร ชั้น 2,สาทร ชั้น 2,1000,3000,เล่ม
stock_reorder_26oct_143,product_N-TA-55GA20200,สำเร็จรูป สาทร ชั้น 2,สาทร ชั้น 2,200,600,เล่ม
stock_reorder_26oct_144,product_N-TA-60G842C,สำเร็จรูป สาทร ชั้น 2,สาทร ชั้น 2,50,150,เล่ม
stock_reorder_26oct_145,product_N-TA-55G12100,สำเร็จรูป สาทร ชั้น 2,สาทร ชั้น 2,400,1200,เล่ม
stock_reorder_26oct_146,product_N-TA-55G12150,สำเร็จรูป สาทร ชั้น 2,สาทร ชั้น 2,200,600,เล่ม
stock_reorder_26oct_147,product_N-TA-55G12200,สำเร็จรูป สาทร ชั้น 2,สาทร ชั้น 2,200,600,เล่ม
stock_reorder_26oct_148,product_N-TA-55G840,สำเร็จรูป สาทร ชั้น 2,สาทร ชั้น 2,100,300,เล่ม
stock_reorder_26oct_149,product_N-WA-GL850,สำเร็จรูป สาทร ชั้น 2,สาทร ชั้น 2,40,120,เล่ม
stock_reorder_26oct_150,product_N-WA-GL8100,สำเร็จรูป สาทร ชั้น 2,สาทร ชั้น 2,20,60,เล่ม
stock_reorder_26oct_151,product_N-WA-GL550,สำเร็จรูป สาทร ชั้น 2,สาทร ชั้น 2,150,450,เล่ม
stock_reorder_26oct_152,product_N-WA-GL5100,สำเร็จรูป สาทร ชั้น 2,สาทร ชั้น 2,150,450,เล่ม
stock_reorder_26oct_153,product_N-WA-8D550,สำเร็จรูป สาทร ชั้น 2,สาทร ชั้น 2,50,150,เล่ม
stock_reorder_26oct_154,product_N-WA-8D5100,สำเร็จรูป สาทร ชั้น 2,สาทร ชั้น 2,50,150,เล่ม
stock_reorder_26oct_155,product_N-WA-5S550,สำเร็จรูป สาทร ชั้น 2,สาทร ชั้น 2,50,150,เล่ม
stock_reorder_26oct_156,product_N-WA-5S5100,สำเร็จรูป สาทร ชั้น 2,สาทร ชั้น 2,50,150,เล่ม
stock_reorder_26oct_157,product_N-WA-5D550,สำเร็จรูป สาทร ชั้น 2,สาทร ชั้น 2,50,150,เล่ม
stock_reorder_26oct_158,product_N-WA-5D5100,สำเร็จรูป สาทร ชั้น 2,สาทร ชั้น 2,100,300,เล่ม
stock_reorder_26oct_159,product_N-WA-4S550,สำเร็จรูป สาทร ชั้น 2,สาทร ชั้น 2,50,150,เล่ม
stock_reorder_26oct_160,product_N-WA-4S5100,สำเร็จรูป สาทร ชั้น 2,สาทร ชั้น 2,50,150,เล่ม
stock_reorder_26oct_161,product_N-WA-4D550,สำเร็จรูป สาทร ชั้น 2,สาทร ชั้น 2,50,150,เล่ม
stock_reorder_26oct_162,product_N-WA-4D5100,สำเร็จรูป สาทร ชั้น 2,สาทร ชั้น 2,50,150,เล่ม
stock_reorder_26oct_163,product_N-WA-3S850,สำเร็จรูป สาทร ชั้น 2,สาทร ชั้น 2,50,150,เล่ม
stock_reorder_26oct_164,product_N-WA-3S8100,สำเร็จรูป สาทร ชั้น 2,สาทร ชั้น 2,30,90,เล่ม
stock_reorder_26oct_165,product_N-WA-3S550,สำเร็จรูป สาทร ชั้น 2,สาทร ชั้น 2,300,900,เล่ม
stock_reorder_26oct_166,product_N-WA-3S5200,สำเร็จรูป สาทร ชั้น 2,สาทร ชั้น 2,20,60,เล่ม
stock_reorder_26oct_167,product_N-WA-3S5150,สำเร็จรูป สาทร ชั้น 2,สาทร ชั้น 2,20,60,เล่ม
stock_reorder_26oct_168,product_N-WA-3S5100,สำเร็จรูป สาทร ชั้น 2,สาทร ชั้น 2,300,900,เล่ม
stock_reorder_26oct_169,product_N-WA-3D850,สำเร็จรูป สาทร ชั้น 2,สาทร ชั้น 2,30,90,เล่ม
stock_reorder_26oct_170,product_N-WA-3D8100,สำเร็จรูป สาทร ชั้น 2,สาทร ชั้น 2,20,60,เล่ม
stock_reorder_26oct_171,product_N-WA-3D550,สำเร็จรูป สาทร ชั้น 2,สาทร ชั้น 2,300,900,เล่ม
stock_reorder_26oct_172,product_135239,สำเร็จรูป สาทร ชั้น 2,สาทร ชั้น 2,1400,4200,เล่ม
stock_reorder_26oct_173,product_N-WA-3D5200,สำเร็จรูป สาทร ชั้น 2,สาทร ชั้น 2,50,150,เล่ม
stock_reorder_26oct_174,product_N-WA-3D5150,สำเร็จรูป สาทร ชั้น 2,สาทร ชั้น 2,50,150,เล่ม
stock_reorder_26oct_175,product_N-WA-3D5100,สำเร็จรูป สาทร ชั้น 2,สาทร ชั้น 2,300,900,เล่ม
stock_reorder_26oct_176,product_N-WA-2S850,สำเร็จรูป สาทร ชั้น 2,สาทร ชั้น 2,40,120,เล่ม
stock_reorder_26oct_177,product_N-WA-2S8100,สำเร็จรูป สาทร ชั้น 2,สาทร ชั้น 2,20,60,เล่ม
stock_reorder_26oct_178,product_N-WA-2S550,สำเร็จรูป สาทร ชั้น 2,สาทร ชั้น 2,800,2400,เล่ม
stock_reorder_26oct_179,product_N-WA-2S5200,สำเร็จรูป สาทร ชั้น 2,สาทร ชั้น 2,20,60,เล่ม
stock_reorder_26oct_180,product_N-WA-2S5150,สำเร็จรูป สาทร ชั้น 2,สาทร ชั้น 2,20,60,เล่ม
stock_reorder_26oct_181,product_N-WA-2S5100,สำเร็จรูป สาทร ชั้น 2,สาทร ชั้น 2,250,750,เล่ม
stock_reorder_26oct_182,product_N-WA-2D850,สำเร็จรูป สาทร ชั้น 2,สาทร ชั้น 2,20,60,เล่ม
stock_reorder_26oct_183,product_N-WA-2D8100,สำเร็จรูป สาทร ชั้น 2,สาทร ชั้น 2,20,60,เล่ม
stock_reorder_26oct_184,product_N-WA-2D550,สำเร็จรูป สาทร ชั้น 2,สาทร ชั้น 2,700,2100,เล่ม
stock_reorder_26oct_185,product_135230,สำเร็จรูป สาทร ชั้น 2,สาทร ชั้น 2,1300,3900,เล่ม
stock_reorder_26oct_186,product_N-WA-2D5200,สำเร็จรูป สาทร ชั้น 2,สาทร ชั้น 2,50,150,เล่ม
stock_reorder_26oct_187,product_N-WA-2D5150,สำเร็จรูป สาทร ชั้น 2,สาทร ชั้น 2,30,90,เล่ม
stock_reorder_26oct_188,product_N-WA-2D5100,สำเร็จรูป สาทร ชั้น 2,สาทร ชั้น 2,200,600,เล่ม
stock_reorder_26oct_189,product_N-WA-10D550,สำเร็จรูป สาทร ชั้น 2,สาทร ชั้น 2,300,900,เล่ม
stock_reorder_26oct_190,product_N-WA-10D5200,สำเร็จรูป สาทร ชั้น 2,สาทร ชั้น 2,10,30,เล่ม
stock_reorder_26oct_191,product_N-WA-10D5150,สำเร็จรูป สาทร ชั้น 2,สาทร ชั้น 2,10,30,เล่ม
stock_reorder_26oct_192,product_N-WA-10D5100,สำเร็จรูป สาทร ชั้น 2,สาทร ชั้น 2,200,600,เล่ม
stock_reorder_26oct_193,product_N-GA-12D4100,สำเร็จรูป สาทร ชั้น 2,สาทร ชั้น 2,20,60,เล่ม
stock_reorder_26oct_194,product_N-GA-12D450,สำเร็จรูป สาทร ชั้น 2,สาทร ชั้น 2,10,30,เล่ม
stock_reorder_26oct_195,product_N-GA-14D4100,สำเร็จรูป สาทร ชั้น 2,สาทร ชั้น 2,50,150,เล่ม
stock_reorder_26oct_196,product_N-GA-14D450,สำเร็จรูป สาทร ชั้น 2,สาทร ชั้น 2,50,150,เล่ม
stock_reorder_26oct_197,product_N-GA-16D3100,สำเร็จรูป สาทร ชั้น 2,สาทร ชั้น 2,10,30,เล่ม
stock_reorder_26oct_198,product_N-GA-16D350,สำเร็จรูป สาทร ชั้น 2,สาทร ชั้น 2,10,30,เล่ม
stock_reorder_26oct_199,product_N-GA-18D3100,สำเร็จรูป สาทร ชั้น 2,สาทร ชั้น 2,10,30,เล่ม
stock_reorder_26oct_200,product_N-GA-18D350,สำเร็จรูป สาทร ชั้น 2,สาทร ชั้น 2,10,30,เล่ม
stock_reorder_26oct_201,product_N-GA-21D3100,สำเร็จรูป สาทร ชั้น 2,สาทร ชั้น 2,50,150,เล่ม
stock_reorder_26oct_202,product_N-GA-21D350,สำเร็จรูป สาทร ชั้น 2,สาทร ชั้น 2,50,150,เล่ม
stock_reorder_26oct_203,product_N-GA-3S550,สำเร็จรูป สาทร ชั้น 2,สาทร ชั้น 2,5,15,เล่ม
stock_reorder_26oct_204,product_N-GA-3S5100,สำเร็จรูป สาทร ชั้น 2,สาทร ชั้น 2,5,15,เล่ม
stock_reorder_26oct_205,product_N-GA-3D550,สำเร็จรูป สาทร ชั้น 2,สาทร ชั้น 2,5,15,เล่ม
stock_reorder_26oct_206,product_N-GA-3D5100,สำเร็จรูป สาทร ชั้น 2,สาทร ชั้น 2,5,15,เล่ม
stock_reorder_26oct_207,product_N-GA-2D550,สำเร็จรูป สาทร ชั้น 2,สาทร ชั้น 2,5,15,เล่ม
stock_reorder_26oct_208,product_N-GA-516D3100,สำเร็จรูป สาทร ชั้น 2,สาทร ชั้น 2,5,15,เล่ม
stock_reorder_26oct_209,product_N-GA-516D350,สำเร็จรูป สาทร ชั้น 2,สาทร ชั้น 2,5,15,เล่ม
stock_reorder_26oct_210,product_N-MIS-CTM1120,สำเร็จรูป สาทร ชั้น 2,สาทร ชั้น 2,4000,12000,เล่ม
stock_reorder_26oct_211,product_N-MIS-CTB1120,สำเร็จรูป สาทร ชั้น 2,สาทร ชั้น 2,2000,6000,เล่ม
stock_reorder_26oct_212,product_N-MIS-PEON18100,สำเร็จรูป สาทร ชั้น 2,สาทร ชั้น 2,300,900,เล่ม
stock_reorder_26oct_213,product_N-MIS-DW1830,สำเร็จรูป สาทร ชั้น 2,สาทร ชั้น 2,4000,12000,เล่ม
stock_reorder_26oct_214,product_N-MIS-PEON1850,สำเร็จรูป สาทร ชั้น 2,สาทร ชั้น 2,300,900,เล่ม
stock_reorder_26oct_215,__export__.product_product_6942,สำเร็จรูป สาทร ชั้น 2,สาทร ชั้น 2,300,900,เล่ม
stock_reorder_26oct_216,product_N-MIS-TAA440,สำเร็จรูป สาทร ชั้น 2,สาทร ชั้น 2,300,900,เล่ม
stock_reorder_26oct_217,product_N-MIS-GLA440,สำเร็จรูป สาทร ชั้น 2,สาทร ชั้น 2,300,900,เล่ม
stock_reorder_26oct_218,product_N-MIS-TANO1,สำเร็จรูป สาทร ชั้น 2,สาทร ชั้น 2,5,15,เล่ม
stock_reorder_26oct_219,product_N-MIS-TANO2,สำเร็จรูป สาทร ชั้น 2,สาทร ชั้น 2,5,15,เล่ม
stock_reorder_26oct_220,product_N-MIS-MV810100,สำเร็จรูป สาทร ชั้น 2,สาทร ชั้น 2,2000,6000,เล่ม
stock_reorder_26oct_221,product_N-MIS-GB01,สำเร็จรูป สาทร ชั้น 2,สาทร ชั้น 2,5000,15000,เล่ม
stock_reorder_26oct_222,product_N-MIS-CTB02,สำเร็จรูป สาทร ชั้น 2,สาทร ชั้น 2,2000,6000,เล่ม
stock_reorder_26oct_223,product_N-MIS-CTM01,สำเร็จรูป สาทร ชั้น 2,สาทร ชั้น 2,2000,6000,เล่ม
stock_reorder_26oct_224,product_N-MIS-NO333,สำเร็จรูป สาทร ชั้น 2,สาทร ชั้น 2,20000,60000,เล่ม
stock_reorder_26oct_225,product_N-MIS-NO940,สำเร็จรูป สาทร ชั้น 2,สาทร ชั้น 2,1000,3000,เล่ม
stock_reorder_26oct_226,product_124950,สำเร็จรูป สาทร ชั้น 2,สาทร ชั้น 2,5000,15000,เล่ม
stock_reorder_26oct_227,product_N-MIS-UNI980,สำเร็จรูป สาทร ชั้น 2,สาทร ชั้น 2,5000,15000,เล่ม
stock_reorder_26oct_228,product_N-HVC-55G4100,สำเร็จรูป สาทร ชั้น 2,สาทร ชั้น 2,100,300,เล่ม
stock_reorder_26oct_229,product_N-HVC-55G5100,สำเร็จรูป สาทร ชั้น 2,สาทร ชั้น 2,500,1500,เล่ม
stock_reorder_26oct_230,product_482482,สำเร็จรูป สาทร ชั้น 2,สาทร ชั้น 2,1000,3000,เล่ม
stock_reorder_26oct_231,product_N-HVT-100G4100,สำเร็จรูป สาทร ชั้น 2,สาทร ชั้น 2,400,1200,เล่ม
stock_reorder_26oct_232,product_N-HVT-100G4150,สำเร็จรูป สาทร ชั้น 2,สาทร ชั้น 2,120,360,เล่ม
stock_reorder_26oct_233,product_N-HVT-100G4200,สำเร็จรูป สาทร ชั้น 2,สาทร ชั้น 2,200,600,เล่ม
stock_reorder_26oct_234,product_N-HVT-100G5100,สำเร็จรูป สาทร ชั้น 2,สาทร ชั้น 2,700,2100,เล่ม
stock_reorder_26oct_235,product_N-HVT-100G5150,สำเร็จรูป สาทร ชั้น 2,สาทร ชั้น 2,200,600,เล่ม
stock_reorder_26oct_236,product_N-HVT-100G5200,สำเร็จรูป สาทร ชั้น 2,สาทร ชั้น 2,200,600,เล่ม
stock_reorder_26oct_237,product_N-HVT-100G550,สำเร็จรูป สาทร ชั้น 2,สาทร ชั้น 2,400,1200,เล่ม
stock_reorder_26oct_238,product_N-HVT-100G8100,สำเร็จรูป สาทร ชั้น 2,สาทร ชั้น 2,100,300,เล่ม
stock_reorder_26oct_239,product_N-HVT-70G5150,สำเร็จรูป สาทร ชั้น 2,สาทร ชั้น 2,500,1500,เล่ม
stock_reorder_26oct_240,product_N-HVT-70G5200,สำเร็จรูป สาทร ชั้น 2,สาทร ชั้น 2,800,2400,เล่ม
stock_reorder_26oct_241,product_N-HVT-70G8100,สำเร็จรูป สาทร ชั้น 2,สาทร ชั้น 2,1000,3000,เล่ม
stock_reorder_26oct_242,product_N-HVT-80G4100,สำเร็จรูป สาทร ชั้น 2,สาทร ชั้น 2,1000,3000,เล่ม
stock_reorder_26oct_243,product_140001,สำเร็จรูป สาทร ชั้น 2,สาทร ชั้น 2,1300,3900,เล่ม
stock_reorder_26oct_244,product_N-HVT-80G4150,สำเร็จรูป สาทร ชั้น 2,สาทร ชั้น 2,400,1200,เล่ม
stock_reorder_26oct_245,product_N-HVT-80G4200,สำเร็จรูป สาทร ชั้น 2,สาทร ชั้น 2,400,1200,เล่ม
stock_reorder_26oct_246,product_N-HV-201006,สำเร็จรูป สาทร ชั้น 2,สาทร ชั้น 2,2000,6000,เล่ม
stock_reorder_26oct_247,product_444059,สำเร็จรูป สาทร ชั้น 2,สาทร ชั้น 2,2000,6000,เล่ม
stock_reorder_26oct_248,product_N-HV-121006,สำเร็จรูป สาทร ชั้น 2,สาทร ชั้น 2,2500,7500,เล่ม
stock_reorder_26oct_249,product_444058,สำเร็จรูป สาทร ชั้น 2,สาทร ชั้น 2,2000,6000,เล่ม
stock_reorder_26oct_250,product_N-BV-2706,สำเร็จรูป สาทร ชั้น 2,สาทร ชั้น 2,1000,3000,เล่ม
stock_reorder_26oct_251,product_N-BV-2706-1,สำเร็จรูป สาทร ชั้น 2,สาทร ชั้น 2,3000,9000,เล่ม
stock_reorder_26oct_252,product_N-HV-91006,สำเร็จรูป สาทร ชั้น 2,สาทร ชั้น 2,1000,3000,เล่ม
stock_reorder_26oct_253,product_N-HV-51007,สำเร็จรูป สาทร ชั้น 2,สาทร ชั้น 2,5000,15000,เล่ม
stock_reorder_26oct_254,product_N-HV-51007-1,สำเร็จรูป สาทร ชั้น 2,สาทร ชั้น 2,2500,7500,เล่ม
stock_reorder_26oct_255,product_26000,สำเร็จรูป สาทร ชั้น 2,สาทร ชั้น 2,3000,9000,เล่ม
stock_reorder_26oct_256,product_N-HV-91007,สำเร็จรูป สาทร ชั้น 2,สาทร ชั้น 2,100,300,เล่ม
stock_reorder_26oct_257,product_N-HVDW-A51007,สำเร็จรูป สาทร ชั้น 2,สาทร ชั้น 2,2500,7500,เล่ม
stock_reorder_26oct_258,__export__.product_product_6722,สำเร็จรูป สาทร ชั้น 2,สาทร ชั้น 2,1000,3000,เล่ม
stock_reorder_26oct_259,product_444057,สำเร็จรูป สาทร ชั้น 2,สาทร ชั้น 2,1000,3000,เล่ม
stock_reorder_26oct_260,product_N-HVS-100G18100,สำเร็จรูป สาทร ชั้น 2,สาทร ชั้น 2,300,900,เล่ม
stock_reorder_26oct_261,product_N-HVS-100G5100,สำเร็จรูป สาทร ชั้น 2,สาทร ชั้น 2,800,2400,เล่ม
stock_reorder_26oct_262,product_N-HVS-100G5150,สำเร็จรูป สาทร ชั้น 2,สาทร ชั้น 2,50,150,เล่ม
stock_reorder_26oct_263,product_N-HVS-100G5200,สำเร็จรูป สาทร ชั้น 2,สาทร ชั้น 2,50,150,เล่ม
stock_reorder_26oct_264,product_N-HVS-100G8100,สำเร็จรูป สาทร ชั้น 2,สาทร ชั้น 2,700,2100,เล่ม
stock_reorder_26oct_265,product_N-HVS-100G8150,สำเร็จรูป สาทร ชั้น 2,สาทร ชั้น 2,50,150,เล่ม
stock_reorder_26oct_266,product_N-HVS-100G8200,สำเร็จรูป สาทร ชั้น 2,สาทร ชั้น 2,50,150,เล่ม
stock_reorder_26oct_267,product_N-HVS-100G9100,สำเร็จรูป สาทร ชั้น 2,สาทร ชั้น 2,1200,3600,เล่ม
stock_reorder_26oct_268,product_N-HVS-100G9150,สำเร็จรูป สาทร ชั้น 2,สาทร ชั้น 2,20,60,เล่ม
stock_reorder_26oct_269,product_N-HVS-100G9200,สำเร็จรูป สาทร ชั้น 2,สาทร ชั้น 2,50,150,เล่ม
stock_reorder_26oct_270,product_N-BL-2260,สำเร็จรูป สาทร ชั้น 2,สาทร ชั้น 2,300,900,เล่ม
stock_reorder_26oct_271,product_N-BL-260C,สำเร็จรูป สาทร ชั้น 2,สาทร ชั้น 2,3000,9000,เล่ม
stock_reorder_26oct_272,product_N-BL-270PVC,สำเร็จรูป สาทร ชั้น 2,สาทร ชั้น 2,1000,3000,เล่ม
stock_reorder_26oct_273,product_N-BL-4260,สำเร็จรูป สาทร ชั้น 2,สาทร ชั้น 2,100,300,เล่ม
stock_reorder_26oct_274,product_N-BL-452C,สำเร็จรูป สาทร ชั้น 2,สาทร ชั้น 2,500,1500,เล่ม
stock_reorder_26oct_275,product_N-BL-480,สำเร็จรูป สาทร ชั้น 2,สาทร ชั้น 2,1000,3000,เล่ม
stock_reorder_26oct_276,product_N-BL-250C,สำเร็จรูป สาทร ชั้น 2,สาทร ชั้น 2,300,900,เล่ม
stock_reorder_26oct_277,product_N-PPT-9306,สำเร็จรูป สาทร ชั้น 2,สาทร ชั้น 2,2000,6000,เล่ม
stock_reorder_26oct_278,product_N-PPN-16607,สำเร็จรูป สาทร ชั้น 2,สาทร ชั้น 2,7000,21000,เล่ม
stock_reorder_26oct_279,product_143720,สำเร็จรูป สาทร ชั้น 2,สาทร ชั้น 2,2000,6000,เล่ม
stock_reorder_26oct_280,product_N-PPT-32307,สำเร็จรูป สาทร ชั้น 2,สาทร ชั้น 2,2000,6000,เล่ม
stock_reorder_26oct_281,product_444029,สำเร็จรูป สาทร ชั้น 2,สาทร ชั้น 2,10000,30000,เล่ม
stock_reorder_26oct_282,product_N-PPT-8307,สำเร็จรูป สาทร ชั้น 2,สาทร ชั้น 2,2000,6000,เล่ม
stock_reorder_26oct_283,product_N-PPT-8307-1,สำเร็จรูป สาทร ชั้น 2,สาทร ชั้น 2,3000,9000,เล่ม
stock_reorder_26oct_284,product_N-PPB-8607,สำเร็จรูป สาทร ชั้น 2,สาทร ชั้น 2,1500,4500,เล่ม
stock_reorder_26oct_285,product_N-PPW-8607,สำเร็จรูป สาทร ชั้น 2,สาทร ชั้น 2,2000,6000,เล่ม
stock_reorder_26oct_286,product_N-PPW-8607-1,สำเร็จรูป สาทร ชั้น 2,สาทร ชั้น 2,2000,6000,เล่ม
stock_reorder_26oct_287,product_N-PPW-A51007,สำเร็จรูป สาทร ชั้น 2,สาทร ชั้น 2,2000,6000,เล่ม
stock_reorder_26oct_288,product_2800541,สำเร็จรูป สาทร ชั้น 2,สาทร ชั้น 2,500,1500,เล่ม
stock_reorder_26oct_289,product_N-PPW-A51007-1,สำเร็จรูป สาทร ชั้น 2,สาทร ชั้น 2,1000,3000,เล่ม
stock_reorder_26oct_290,product_N-PPB-A5607,สำเร็จรูป สาทร ชั้น 2,สาทร ชั้น 2,1500,4500,เล่ม
stock_reorder_26oct_291,product_N-PPBD-A5607,สำเร็จรูป สาทร ชั้น 2,สาทร ชั้น 2,1500,4500,เล่ม
stock_reorder_26oct_292,product_N-PPW-A6407,สำเร็จรูป สาทร ชั้น 2,สาทร ชั้น 2,1000,3000,เล่ม
stock_reorder_26oct_293,product_N-PPW-A6407-1,สำเร็จรูป สาทร ชั้น 2,สาทร ชั้น 2,3000,9000,เล่ม
stock_reorder_26oct_294,product_N-PPW-A7607,สำเร็จรูป สาทร ชั้น 2,สาทร ชั้น 2,4000,12000,เล่ม
stock_reorder_26oct_295,product_N-PPW-A7607-1,สำเร็จรูป สาทร ชั้น 2,สาทร ชั้น 2,3000,9000,เล่ม
stock_reorder_26oct_296,product_2249447,สำเร็จรูป สาทร ชั้น 2,สาทร ชั้น 2,1000,3000,เล่ม
stock_reorder_26oct_297,product_1908008,สำเร็จรูป สาทร ชั้น 2,สาทร ชั้น 2,2000,6000,เล่ม
stock_reorder_26oct_298,product_N-PVC-A58080,สำเร็จรูป สาทร ชั้น 2,สาทร ชั้น 2,1000,3000,เล่ม
stock_reorder_26oct_299,product_N-PP-1660POOH,สำเร็จรูป สาทร ชั้น 2,สาทร ชั้น 2,3000,9000,เล่ม
stock_reorder_26oct_300,product_N-PP-1660MICKEY,สำเร็จรูป สาทร ชั้น 2,สาทร ชั้น 2,1500,4500,เล่ม
stock_reorder_26oct_301,product_N-PP-860POOR,สำเร็จรูป สาทร ชั้น 2,สาทร ชั้น 2,1000,3000,เล่ม
stock_reorder_26oct_302,product_N-PP-860MICKEY,สำเร็จรูป สาทร ชั้น 2,สาทร ชั้น 2,1000,3000,เล่ม
stock_reorder_26oct_303,product_1908007,สำเร็จรูป สาทร ชั้น 2,สาทร ชั้น 2,1000,3000,เล่ม
stock_reorder_26oct_304,product_N-PPW-OF-8507-1,สำเร็จรูป สาทร ชั้น 2,สาทร ชั้น 2,1000,3000,เล่ม
stock_reorder_26oct_305,product_N-PPW-OF-A5807-1,สำเร็จรูป สาทร ชั้น 2,สาทร ชั้น 2,1000,3000,เล่ม
stock_reorder_26oct_306,product_N-PPW-OF-A6807-1,สำเร็จรูป สาทร ชั้น 2,สาทร ชั้น 2,500,1500,เล่ม
stock_reorder_26oct_307,__export__.product_product_6949,สำเร็จรูป สาทร ชั้น 2,สาทร ชั้น 2,300,900,เล่ม
stock_reorder_26oct_308,product_N-AF5,สำเร็จรูป สาทร ชั้น 2,สาทร ชั้น 2,15000,45000,เล่ม
stock_reorder_26oct_309,product_N-AF10,สำเร็จรูป สาทร ชั้น 2,สาทร ชั้น 2,5000,15000,เล่ม
stock_reorder_26oct_310,product_N-FA6306,สำเร็จรูป สาทร ชั้น 2,สาทร ชั้น 2,12000,36000,เล่ม
stock_reorder_26oct_311,product_N-FA7306,สำเร็จรูป สาทร ชั้น 2,สาทร ชั้น 2,15000,45000,เล่ม
stock_reorder_26oct_312,product_N-830POOH,สำเร็จรูป สาทร ชั้น 2,สาทร ชั้น 2,2000,6000,เล่ม
stock_reorder_26oct_313,product_N-8MICKEY,สำเร็จรูป สาทร ชั้น 2,สาทร ชั้น 2,2000,6000,เล่ม
stock_reorder_26oct_314,product_N-AF5-1,สำเร็จรูป สาทร ชั้น 2,สาทร ชั้น 2,5000,15000,เล่ม
stock_reorder_26oct_315,product_N-918GP,สำเร็จรูป สาทร ชั้น 2,สาทร ชั้น 2,2000,6000,เล่ม
stock_reorder_26oct_316,product_N-918POOH,สำเร็จรูป สาทร ชั้น 2,สาทร ชั้น 2,8000,24000,เล่ม
stock_reorder_26oct_317,product_N-NV2506CC,สำเร็จรูป สาทร ชั้น 2,สาทร ชั้น 2,1500,4500,เล่ม
stock_reorder_26oct_318,product_N-AF10PB,สำเร็จรูป สาทร ชั้น 2,สาทร ชั้น 2,5000,15000,เล่ม
stock_reorder_26oct_319,product_N-NV-8307,สำเร็จรูป สาทร ชั้น 2,สาทร ชั้น 2,2000,6000,เล่ม
stock_reorder_26oct_320,product_N-PBF-8407,สำเร็จรูป สาทร ชั้น 2,สาทร ชั้น 2,2000,6000,เล่ม
stock_reorder_26oct_321,product_N-NV-9407,สำเร็จรูป สาทร ชั้น 2,สาทร ชั้น 2,5000,15000,เล่ม
stock_reorder_26oct_322,product_N-DWF8407,สำเร็จรูป สาทร ชั้น 2,สาทร ชั้น 2,2000,6000,เล่ม
stock_reorder_26oct_323,product_N-PN-G940,สำเร็จรูป สาทร ชั้น 2,สาทร ชั้น 2,10000,30000,เล่ม
stock_reorder_26oct_324,product_N-PN-G980,สำเร็จรูป สาทร ชั้น 2,สาทร ชั้น 2,8000,24000,เล่ม
stock_reorder_26oct_325,product_N-PN-5L940,สำเร็จรูป สาทร ชั้น 2,สาทร ชั้น 2,15000,45000,เล่ม
stock_reorder_26oct_326,product_N-PN-5L980,สำเร็จรูป สาทร ชั้น 2,สาทร ชั้น 2,10000,30000,เล่ม
stock_reorder_26oct_327,product_N-PN-HW930,สำเร็จรูป สาทร ชั้น 2,สาทร ชั้น 2,2000,6000,เล่ม
stock_reorder_26oct_328,product_N-PN-S940,สำเร็จรูป สาทร ชั้น 2,สาทร ชั้น 2,50000,150000,เล่ม
stock_reorder_26oct_329,product_N-PN-H940,สำเร็จรูป สาทร ชั้น 2,สาทร ชั้น 2,20000,60000,เล่ม
stock_reorder_26oct_330,product_N-PN-S980,สำเร็จรูป สาทร ชั้น 2,สาทร ชั้น 2,20000,60000,เล่ม
stock_reorder_26oct_331,product_N-PN-H980,สำเร็จรูป สาทร ชั้น 2,สาทร ชั้น 2,10000,30000,เล่ม
stock_reorder_26oct_332,product_N-D410,สำเร็จรูป สาทร ชั้น 2,สาทร ชั้น 2,10000,30000,เล่ม
stock_reorder_26oct_333,product_N-D810,สำเร็จรูป สาทร ชั้น 2,สาทร ชั้น 2,15000,45000,เล่ม
stock_reorder_26oct_334,product_950950,สำเร็จรูป สาทร ชั้น 2,สาทร ชั้น 2,15000,45000,เล่ม
stock_reorder_26oct_335,product_N-DV-410150,สำเร็จรูป สาทร ชั้น 2,สาทร ชั้น 2,5000,15000,เล่ม
stock_reorder_26oct_336,product_N-D-614,สำเร็จรูป สาทร ชั้น 2,สาทร ชั้น 2,2000,6000,เล่ม
stock_reorder_26oct_337,product_N-D-640,สำเร็จรูป สาทร ชั้น 2,สาทร ชั้น 2,300,900,เล่ม
