id,name,inventory_line_id/location_id,inventory_line_id/product_id/id,ปป,inventory_line_id/product_qty,inventory_line_id/product_uom
physical_inventory_floor1_reset7,นับสต๊อกกระดาษ ชั้น 1 วันที่ 19-Aug-13,สาทร ชั้น 1,product_MSH,กบเหลาดินสอ,,อัน
,,สาทร ชั้น 1,product_P-GB-230G-31*21dot5,กระดาษกล่องเทาขาว 230แกรม 31*21.5นิ้ว 500แผ่น,,รีม
,,สาทร ชั้น 1,product_P-GB-230G-31*43,กระดาษกล่องเทาขาว 230แกรม 31*43นิ้ว 500แผ่น,,รีม
,,สาทร ชั้น 1,product_P-GB-250G-31*21dot5,กระดาษกล่องเทาขาว 250แกรม 31*21.5นิ้ว 500แผ่น,,รีม
,,สาทร ชั้น 1,product_P-GB-250G-31*43,กระดาษกล่องเทาขาว 250แกรม 31*43นิ้ว 500แผ่น,,รีม
,,สาทร ชั้น 1,product_P-GB-270G-31*21dot5,กระดาษกล่องเทาขาว 270แกรม 31*21.5นิ้ว 500แผ่น,,รีม
,,สาทร ชั้น 1,product_P-GB-270G-31*43,กระดาษกล่องเทาขาว 270แกรม 31*43นิ้ว 500แผ่น,,รีม
,,สาทร ชั้น 1,product_P-GB-290G-31*21dot5,กระดาษกล่องเทาขาว 290แกรม 31*21.5นิ้ว 500แผ่น,,รีม
,,สาทร ชั้น 1,product_P-GB-290G-31*43,กระดาษกล่องเทาขาว 290แกรม 31*43นิ้ว 500แผ่น,,รีม
,,สาทร ชั้น 1,product_P-GB-310G-31*21dot5,กระดาษกล่องเทาขาว 310แกรม 31*21.5นิ้ว 500แผ่น,,รีม
,,สาทร ชั้น 1,product_P-GB-310G-31*43,กระดาษกล่องเทาขาว 310แกรม 31*43นิ้ว 500แผ่น,,รีม
,,สาทร ชั้น 1,product_P-GB-350G-31*21dot5,กระดาษกล่องเทาขาว 350แกรม 31*21.5นิ้ว 500แผ่น,,รีม
,,สาทร ชั้น 1,product_P-GB-350G-31*43,กระดาษกล่องเทาขาว 350แกรม 31*43นิ้ว 500แผ่น,,รีม
,,สาทร ชั้น 1,product_P-GB-400G-31*21dot5,กระดาษกล่องเทาขาว 400แกรม 31*21.5นิ้ว 500แผ่น,,รีม
,,สาทร ชั้น 1,product_P-GB-400G-31*43,กระดาษกล่องเทาขาว 400แกรม 31*43นิ้ว 500แผ่น,,รีม
,,สาทร ชั้น 1,product_P-GB-450G-31*21dot5,กระดาษกล่องเทาขาว 450แกรม 31*21.5นิ้ว 500แผ่น,,รีม
,,สาทร ชั้น 1,product_P-GB-450G-31*43,กระดาษกล่องเทาขาว 450แกรม 31*43นิ้ว 500แผ่น,,รีม
,,สาทร ชั้น 1,product_P-GB-500G-31*21dot5,กระดาษกล่องเทาขาว 500แกรม 31*21.5นิ้ว 500แผ่น,,รีม
,,สาทร ชั้น 1,product_P-GB-500G-31*43,กระดาษกล่องเทาขาว 500แกรม 31*43นิ้ว 500แผ่น,,รีม
,,สาทร ชั้น 1,product_P-WCL-3*5,"กระดาษการ์ดขาวตีเส้น 3*5นิ้ว 210แกรม 1,000แผ่น",,ห่อ
,,สาทร ชั้น 1,product_P-WCL-4*6,กระดาษการ์ดขาวตีเส้น 4*6นิ้ว 210แกรม 500แผ่น,,ห่อ
,,สาทร ชั้น 1,product_P-WCL-5*8,กระดาษการ์ดขาวตีเส้น 5*8นิ้ว 210แกรม 500แผ่น,,ห่อ
,,สาทร ชั้น 1,product_P-CWF-078,กระดาษการ์ดสี 31*21.5นิ้ว 120แกรม 500แผ่น สีฟ้า ,,รีม
,,สาทร ชั้น 1,product_P-CWF-082,กระดาษการ์ดสี 31*21.5นิ้ว 120แกรม 500แผ่น สีส้ม ,,รีม
,,สาทร ชั้น 1,product_P-CWF-084,กระดาษการ์ดสี 31*21.5นิ้ว 120แกรม 500แผ่น สีครีม ,,รีม
,,สาทร ชั้น 1,product_P-CWF-079,กระดาษการ์ดสี 31*21.5นิ้ว 120แกรม 500แผ่น สีชมพู ,,รีม
,,สาทร ชั้น 1,product_P-CWF-083,กระดาษการ์ดสี 31*21.5นิ้ว 120แกรม 500แผ่น สีม่วง ,,รีม
,,สาทร ชั้น 1,product_P-CWF-080,กระดาษการ์ดสี 31*21.5นิ้ว 120แกรม 500แผ่น สีเขียว ,,รีม
,,สาทร ชั้น 1,product_P-CWF-081,กระดาษการ์ดสี 31*21.5นิ้ว 120แกรม 500แผ่น สีเหลือง ,,รีม
,,สาทร ชั้น 1,product_P-CWF-085,กระดาษการ์ดสี 31*21.5นิ้ว 150แกรม 500แผ่น สีฟ้า ,,รีม
,,สาทร ชั้น 1,product_P-CWF-086,กระดาษการ์ดสี 31*21.5นิ้ว 150แกรม 500แผ่น สีชมพู ,,รีม
,,สาทร ชั้น 1,product_P-CWF-087,กระดาษการ์ดสี 31*21.5นิ้ว 150แกรม 500แผ่น สีเขียว ,,รีม
,,สาทร ชั้น 1,product_P-CWF-088,กระดาษการ์ดสี 31*21.5นิ้ว 150แกรม 500แผ่น สีเหลือง ,,รีม
,,สาทร ชั้น 1,product_P-CWF-067,กระดาษการ์ดสี 31*43นิ้ว 120แกรม 500แผ่น สีฟ้า ,,รีม
,,สาทร ชั้น 1,product_P-CWF-071,กระดาษการ์ดสี 31*43นิ้ว 120แกรม 500แผ่น สีส้ม ,,รีม
,,สาทร ชั้น 1,product_P-CWF-073,กระดาษการ์ดสี 31*43นิ้ว 120แกรม 500แผ่น สีครีม ,,รีม
,,สาทร ชั้น 1,product_P-CWF-068,กระดาษการ์ดสี 31*43นิ้ว 120แกรม 500แผ่น สีชมพู ,,รีม
,,สาทร ชั้น 1,product_P-CWF-072,กระดาษการ์ดสี 31*43นิ้ว 120แกรม 500แผ่น สีม่วง ,,รีม
,,สาทร ชั้น 1,product_P-CWF-069,กระดาษการ์ดสี 31*43นิ้ว 120แกรม 500แผ่น สีเขียว,,รีม
,,สาทร ชั้น 1,product_P-CWF-070,กระดาษการ์ดสี 31*43นิ้ว 120แกรม 500แผ่น สีเหลือง ,,รีม
,,สาทร ชั้น 1,product_P-CWF-074,กระดาษการ์ดสี 31*43นิ้ว 150แกรม 500แผ่น สีฟ้า ,,รีม
,,สาทร ชั้น 1,product_P-CWF-075,กระดาษการ์ดสี 31*43นิ้ว 150แกรม 500แผ่น สีชมพู ,,รีม
,,สาทร ชั้น 1,product_P-CWF-076,กระดาษการ์ดสี 31*43นิ้ว 150แกรม 500แผ่น สีเขียว ,,รีม
,,สาทร ชั้น 1,product_P-CWF-077,กระดาษการ์ดสี 31*43นิ้ว 150แกรม 500แผ่น สีเหลือง ,,รีม
,,สาทร ชั้น 1,product_P-CWF-008,กระดาษการ์ดสี A4 120แกรม 180แผ่น สีฟ้า ,130,ห่อ
,,สาทร ชั้น 1,product_P-CWF-013,กระดาษการ์ดสี A4 120แกรม 180แผ่น สีส้ม ,6,ห่อ
,,สาทร ชั้น 1,product_P-CWF-014,กระดาษการ์ดสี A4 120แกรม 180แผ่น สีครีม ,755,ห่อ
,,สาทร ชั้น 1,product_P-CWF-009,กระดาษการ์ดสี A4 120แกรม 180แผ่น สีชมพู ,580,ห่อ
,,สาทร ชั้น 1,product_P-CWF-012,กระดาษการ์ดสี A4 120แกรม 180แผ่น สีม่วง ,144,ห่อ
,,สาทร ชั้น 1,product_P-CWF-010,กระดาษการ์ดสี A4 120แกรม 180แผ่น สีเขียว ,305,ห่อ
,,สาทร ชั้น 1,product_P-CWF-011,กระดาษการ์ดสี A4 120แกรม 180แผ่น สีเหลือง ,447,ห่อ
,,สาทร ชั้น 1,product_P-CWF-015,กระดาษการ์ดสี A4 120แกรม 200แผ่น สีฟ้า ,933,ห่อ
,,สาทร ชั้น 1,product_P-CWF-020,กระดาษการ์ดสี A4 120แกรม 200แผ่น สีส้ม ,284,ห่อ
,,สาทร ชั้น 1,product_P-CWF-021,กระดาษการ์ดสี A4 120แกรม 200แผ่น สีครีม ,572,ห่อ
,,สาทร ชั้น 1,product_P-CWF-016,กระดาษการ์ดสี A4 120แกรม 200แผ่น สีชมพู ,354,ห่อ
,,สาทร ชั้น 1,product_P-CWF-019,กระดาษการ์ดสี A4 120แกรม 200แผ่น สีม่วง ,470,ห่อ
,,สาทร ชั้น 1,product_P-CWF-017,กระดาษการ์ดสี A4 120แกรม 200แผ่น สีเขียว ,714,ห่อ
,,สาทร ชั้น 1,product_P-CWF-018,กระดาษการ์ดสี A4 120แกรม 200แผ่น สีเหลือง ,459,ห่อ
,,สาทร ชั้น 1,__export__.product_product_6685,เทสโก้ การ์ดสี A4 120แกรม 30 แผ่น,,ห่อ
,,สาทร ชั้น 1,product_P-CWF-001,กระดาษการ์ดสี A4 120แกรม 50แผ่น สีฟ้า ,200,ห่อ
,,สาทร ชั้น 1,product_P-CWF-006,กระดาษการ์ดสี A4 120แกรม 50แผ่น สีส้ม ,49,ห่อ
,,สาทร ชั้น 1,product_P-CWF-007,กระดาษการ์ดสี A4 120แกรม 50แผ่น สีครีม ,26,ห่อ
,,สาทร ชั้น 1,product_P-CWF-002,กระดาษการ์ดสี A4 120แกรม 50แผ่น สีชมพู ,200,ห่อ
,,สาทร ชั้น 1,product_P-CWF-005,กระดาษการ์ดสี A4 120แกรม 50แผ่น สีม่วง ,49,ห่อ
,,สาทร ชั้น 1,product_P-CWF-003,กระดาษการ์ดสี A4 120แกรม 50แผ่น สีเขียว ,200,ห่อ
,,สาทร ชั้น 1,product_P-CWF-004,กระดาษการ์ดสี A4 120แกรม 50แผ่น สีเหลือง ,200,ห่อ
,,สาทร ชั้น 1,product_P-CWF-041,กระดาษการ์ดสี A4 125แกรม 100แผ่น สีขาว ,,ห่อ
,,สาทร ชั้น 1,product_P-CWF-022,กระดาษการ์ดสี A4 150แกรม 180แผ่น สีฟ้า ,421,ห่อ
,,สาทร ชั้น 1,product_P-CWF-023,กระดาษการ์ดสี A4 150แกรม 180แผ่น สีชมพู ,41,ห่อ
,,สาทร ชั้น 1,product_P-CWF-024,กระดาษการ์ดสี A4 150แกรม 180แผ่น สีเขียว ,672,ห่อ
,,สาทร ชั้น 1,product_P-CWF-025,กระดาษการ์ดสี A4 150แกรม 180แผ่น สีเหลือง ,162,ห่อ
,,สาทร ชั้น 1,product_P-CWF-026,กระดาษการ์ดสี A4 150แกรม 200แผ่น สีฟ้า ,175,ห่อ
,,สาทร ชั้น 1,product_P-CWF-027,กระดาษการ์ดสี A4 150แกรม 200แผ่น สีชมพู ,472,ห่อ
,,สาทร ชั้น 1,product_P-CWF-028,กระดาษการ์ดสี A4 150แกรม 200แผ่น สีเขียว ,0,ห่อ
,,สาทร ชั้น 1,product_P-CWF-029,กระดาษการ์ดสี A4 150แกรม 200แผ่น สีเหลือง ,130,ห่อ
,,สาทร ชั้น 1,product_P-CWF-040,กระดาษการ์ดสี A4 160แกรม 100แผ่น สีขาว ,,ห่อ
,,สาทร ชั้น 1,product_P-CWF-039,กระดาษการ์ดสี A4 180แกรม 100แผ่น สีขาว ,,ห่อ
,,สาทร ชั้น 1,product_P-CWF-035,กระดาษการ์ดสี A4 180แกรม 100แผ่น สีฟ้า ,,ห่อ
,,สาทร ชั้น 1,product_P-CWF-036,กระดาษการ์ดสี A4 180แกรม 100แผ่น สีชมพู ,,ห่อ
,,สาทร ชั้น 1,product_P-CWF-037,กระดาษการ์ดสี A4 180แกรม 100แผ่น สีเขียว ,,ห่อ
,,สาทร ชั้น 1,product_P-CWF-038,กระดาษการ์ดสี A4 180แกรม 100แผ่น สีเหลือง ,,ห่อ
,,สาทร ชั้น 1,product_P-CWF-034,กระดาษการ์ดสี A4 210แกรม 100แผ่น สีขาว ,,ห่อ
,,สาทร ชั้น 1,product_P-CWF-030,กระดาษการ์ดสี A4 210แกรม 100แผ่น สีฟ้า ,,ห่อ
,,สาทร ชั้น 1,product_P-CWF-031,กระดาษการ์ดสี A4 210แกรม 100แผ่น สีชมพู ,,ห่อ
,,สาทร ชั้น 1,product_P-CWF-032,กระดาษการ์ดสี A4 210แกรม 100แผ่น สีเขียว ,,ห่อ
,,สาทร ชั้น 1,product_P-CWF-033,กระดาษการ์ดสี A4 210แกรม 100แผ่น สีเหลือง ,,ห่อ
,,สาทร ชั้น 1,product_P-CWF-042,กระดาษการ์ดสี F4 120แกรม 180แผ่น สีฟ้า ,,ห่อ
,,สาทร ชั้น 1,product_P-CWF-043,กระดาษการ์ดสี F4 120แกรม 180แผ่น สีชมพู ,,ห่อ
,,สาทร ชั้น 1,product_P-CWF-044,กระดาษการ์ดสี F4 120แกรม 180แผ่น สีเขียว ,,ห่อ
,,สาทร ชั้น 1,product_P-CWF-045,กระดาษการ์ดสี F4 120แกรม 180แผ่น สีเหลือง ,,ห่อ
,,สาทร ชั้น 1,product_P-CWF-046,กระดาษการ์ดสี F4 120แกรม 200แผ่น สีฟ้า ,,ห่อ
,,สาทร ชั้น 1,product_P-CWF-047,กระดาษการ์ดสี F4 120แกรม 200แผ่น สีชมพู ,,ห่อ
,,สาทร ชั้น 1,product_P-CWF-048,กระดาษการ์ดสี F4 120แกรม 200แผ่น สีเขียว ,,ห่อ
,,สาทร ชั้น 1,product_P-CWF-049,กระดาษการ์ดสี F4 120แกรม 200แผ่น สีเหลือง ,,ห่อ
,,สาทร ชั้น 1,product_P-CWF-050,กระดาษการ์ดสี F4 150แกรม 180แผ่น สีฟ้า ,,ห่อ
,,สาทร ชั้น 1,product_P-CWF-051,กระดาษการ์ดสี F4 150แกรม 180แผ่น สีชมพู ,,ห่อ
,,สาทร ชั้น 1,product_P-CWF-052,กระดาษการ์ดสี F4 150แกรม 180แผ่น สีเขียว ,,ห่อ
,,สาทร ชั้น 1,product_P-CWF-053,กระดาษการ์ดสี F4 150แกรม 180แผ่น สีเหลือง,,ห่อ
,,สาทร ชั้น 1,product_P-CWF-054,กระดาษการ์ดสี F4 150แกรม 200แผ่น สีฟ้า ,,ห่อ
,,สาทร ชั้น 1,product_P-CWF-055,กระดาษการ์ดสี F4 150แกรม 200แผ่น สีชมพู ,,ห่อ
,,สาทร ชั้น 1,product_P-CWF-056,กระดาษการ์ดสี F4 150แกรม 200แผ่น สีเขียว ,,ห่อ
,,สาทร ชั้น 1,product_P-CWF-057,กระดาษการ์ดสี F4 150แกรม 200แผ่น สีเหลือง ,,ห่อ
,,สาทร ชั้น 1,product_P-CWF-062,กระดาษการ์ดสี F4 180แกรม 100แผ่น สีขาว ,,ห่อ
,,สาทร ชั้น 1,product_P-CWF-058,กระดาษการ์ดสี F4 180แกรม 100แผ่น สีฟ้า ,,ห่อ
,,สาทร ชั้น 1,product_P-CWF-059,กระดาษการ์ดสี F4 180แกรม 100แผ่น สีชมพู ,,ห่อ
,,สาทร ชั้น 1,product_P-CWF-060,กระดาษการ์ดสี F4 180แกรม 100แผ่น สีเขียว ,,ห่อ
,,สาทร ชั้น 1,product_P-CWF-061,กระดาษการ์ดสี F4 180แกรม 100แผ่น สีเหลือง ,,ห่อ
,,สาทร ชั้น 1,product_P-CWF-063,กระดาษการ์ดสี F4 210แกรม 100แผ่น สีฟ้า ,,ห่อ
,,สาทร ชั้น 1,product_P-CWF-064,กระดาษการ์ดสี F4 210แกรม 100แผ่น สีชมพู ,,ห่อ
,,สาทร ชั้น 1,product_P-CWF-065,กระดาษการ์ดสี F4 210แกรม 100แผ่น สีเขียว ,,ห่อ
,,สาทร ชั้น 1,product_P-CWF-066,กระดาษการ์ดสี F4 210แกรม 100แผ่น สีเหลือง ,,ห่อ
,,สาทร ชั้น 1,product_235301,Q-BIZ กระดาษการ์ดสีครีม 110g A4 100 ผ. ,0,ห่อ
,,สาทร ชั้น 1,product_235302,Q-BIZ กระดาษการ์ดสีม่วง 110g A4 100 ผ. ,340,ห่อ
,,สาทร ชั้น 1,product_95056,Q-BIZ กระดาษการ์ดสี 110g A4 200 ผ. (คละสี),260,ห่อ
,,สาทร ชั้น 1,product_P-HB-NO10-A,กระดาษแข็ง เบอร์10 90แผ่น เกรดA,,ห่อ
,,สาทร ชั้น 1,product_P-HB-NO10-B,กระดาษแข็ง เบอร์10 90แผ่น เกรดB,,ห่อ
,,สาทร ชั้น 1,product_P-HB-NO12-A,กระดาษแข็ง เบอร์12 75แผ่น เกรดA,,ห่อ
,,สาทร ชั้น 1,product_P-HB-NO12-B,กระดาษแข็ง เบอร์12 75แผ่น เกรดB,,ห่อ
,,สาทร ชั้น 1,product_P-HB-NO16-A,กระดาษแข็ง เบอร์16 55แผ่น เกรดA ,,ห่อ
,,สาทร ชั้น 1,product_P-HB-NO16-B,กระดาษแข็ง เบอร์16 55แผ่น เกรดB,,ห่อ
,,สาทร ชั้น 1,product_P-HB-NO20-A,กระดาษแข็ง เบอร์20 45แผ่น เกรดA ,,ห่อ
,,สาทร ชั้น 1,product_P-HB-NO20-B,กระดาษแข็ง เบอร์20 45แผ่น เกรดB,,ห่อ
,,สาทร ชั้น 1,product_P-HB-NO24-A,กระดาษแข็ง เบอร์24 37แผ่น เกรดA,,ห่อ
,,สาทร ชั้น 1,product_P-HB-NO24-B,กระดาษแข็ง เบอร์24 37แผ่น เกรดB,,ห่อ
,,สาทร ชั้น 1,product_P-HB-NO32-A,กระดาษแข็ง เบอร์32 27แผ่น เกรดA,,ห่อ
,,สาทร ชั้น 1,product_P-HB-NO32-B,กระดาษแข็ง เบอร์32 27แผ่น เกรดB,,ห่อ
,,สาทร ชั้น 1,product_P-HB-NO8-A,กระดาษแข็ง เบอร์8 110แผ่น เกรดA,,ห่อ
,,สาทร ชั้น 1,product_P-HB-NO8-B,กระดาษแข็ง เบอร์8 110แผ่น เกรดB,,ห่อ
,,สาทร ชั้น 1,product_P-ANS-100,กระดาษคำตอบ 100ข้อ 50แกรม 200แผ่น,,ห่อ
,,สาทร ชั้น 1,product_P-ANS-120,กระดาษคำตอบ 120ข้อ 50แกรม 200แผ่น,,ห่อ
,,สาทร ชั้น 1,product_P-ANS-60,กระดาษคำตอบ 60ข้อ 50แกรม 200แผ่น,,ห่อ
,,สาทร ชั้น 1,product_P-ANS-80,กระดาษคำตอบ 80ข้อ 50แกรม 200แผ่น,,ห่อ
,,สาทร ชั้น 1,product_P-PC-A3-70G-300S,กระดาษถ่ายเอกสาร A3 70แกรม 300แผ่น Venus,,ห่อ
,,สาทร ชั้น 1,product_P-PC-A3-70G-500S,กระดาษถ่ายเอกสาร A3 70แกรม 500แผ่น Venus,,ห่อ
,,สาทร ชั้น 1,product_P-PC-A3-80G-300S,กระดาษถ่ายเอกสาร A3 80แกรม 300แผ่น Venus,,ห่อ
,,สาทร ชั้น 1,product_P-PC-A3-80G-500S,กระดาษถ่ายเอกสาร A3 80แกรม 500แผ่น Venus,,ห่อ
,,สาทร ชั้น 1,product_P-PC-A4-70G-300S,กระดาษถ่ายเอกสาร A4 70แกรม 300แผ่น Venus,390,ห่อ
,,สาทร ชั้น 1,product_P-PC-A4-70G-400S,กระดาษถ่ายเอกสาร A4 70แกรม 400แผ่น Venus,,ห่อ
,,สาทร ชั้น 1,product_P-PC-A4-70G-500S-CLP,กระดาษถ่ายเอกสาร A4 70แกรม 500แผ่น Copy & Laser Paper,1160,ห่อ
,,สาทร ชั้น 1,product_P-PC-A4-70G-500S-IDEAMAX,กระดาษถ่ายเอกสาร A4 70แกรม 500แผ่น Idea max,310,ห่อ
,,สาทร ชั้น 1,product_P-PC-A4-70G-500S-PPC,กระดาษถ่ายเอกสาร A4 70แกรม 500แผ่น PPC,435,ห่อ
,,สาทร ชั้น 1,product_P-PC-A4-70G-500S,กระดาษถ่ายเอกสาร A4 70แกรม 500แผ่น Venus,80,ห่อ
,,สาทร ชั้น 1,product_P-PC-A4-80G-300S,กระดาษถ่ายเอกสาร A4 80แกรม 300แผ่น Venus,535,ห่อ
,,สาทร ชั้น 1,product_P-PC-A4-80G-400S,กระดาษถ่ายเอกสาร A4 80แกรม 400แผ่น Venus,,ห่อ
,,สาทร ชั้น 1,product_P-PC-A4-80G-500S-IDEAWORK,กระดาษถ่ายเอกสาร A4 80แกรม 500แผ่น Idea work,465,ห่อ
,,สาทร ชั้น 1,product_P-PC-A4-80G-500S-PPC,กระดาษถ่ายเอกสาร A4 80แกรม 500แผ่น PPC,185,ห่อ
,,สาทร ชั้น 1,product_P-PC-A4-80G-500S,กระดาษถ่ายเอกสาร A4 80แกรม 500แผ่น Venus,365,ห่อ
,,สาทร ชั้น 1,product_P-PC-F4-70G-300S,กระดาษถ่ายเอกสาร F4 70แกรม 300แผ่น Venus,,ห่อ
,,สาทร ชั้น 1,product_P-PC-F4-70G-500S,กระดาษถ่ายเอกสาร F4 70แกรม 500แผ่น Venus,,ห่อ
,,สาทร ชั้น 1,product_P-PC-F4-80G-300S,กระดาษถ่ายเอกสาร F4 80แกรม 300แผ่น Venus,,ห่อ
,,สาทร ชั้น 1,product_P-PC-F4-80G-500S,กระดาษถ่ายเอกสาร F4 80แกรม 500แผ่น Venus,,ห่อ
,,สาทร ชั้น 1,product_P-PCWF-033,กระดาษถ่ายเอกสารสีสะท้อนแสง A4 80แกรม 100แผ่น เบอร์17สีชมพู,,ห่อ
,,สาทร ชั้น 1,product_P-PCWF-034,กระดาษถ่ายเอกสารสีสะท้อนแสง A4 80แกรม 100แผ่น เบอร์18สีโอรส,65,ห่อ
,,สาทร ชั้น 1,product_P-PCWF-035,กระดาษถ่ายเอกสารสีสะท้อนแสง A4 80แกรม 100แผ่น เบอร์19สีส้ม,65,ห่อ
,,สาทร ชั้น 1,product_P-PCWF-036,กระดาษถ่ายเอกสารสีสะท้อนแสง A4 80แกรม 100แผ่น เบอร์20สีเขียว,207,ห่อ
,,สาทร ชั้น 1,product_P-PCWF-037,กระดาษถ่ายเอกสารสีสะท้อนแสง A4 80แกรม 100แผ่น เบอร์21สีเหลือง,65,ห่อ
,,สาทร ชั้น 1,product_P-PCWF-SR-001,กระดาษถ่ายเอกสารสี A4 80แกรม 500แผ่น เบอร์1 สำโรง,,ห่อ
,,สาทร ชั้น 1,product_P-PCWF-017,กระดาษถ่ายเอกสารสี A4 80แกรม 500แผ่น เบอร์1สีฟ้าเข้ม,192,ห่อ
,,สาทร ชั้น 1,product_P-PCWF-026,กระดาษถ่ายเอกสารสี A4 80แกรม 500แผ่น เบอร์10สีม่วง,173,ห่อ
,,สาทร ชั้น 1,product_P-PCWF-027,กระดาษถ่ายเอกสารสี A4 80แกรม 500แผ่น เบอร์11สีไข่ไก่,241,ห่อ
,,สาทร ชั้น 1,product_P-PCWF-028,กระดาษถ่ายเอกสารสี A4 80แกรม 500แผ่น เบอร์12สีเหลืองเข้ม,435,ห่อ
,,สาทร ชั้น 1,product_P-PCWF-029,กระดาษถ่ายเอกสารสี A4 80แกรม 500แผ่น เบอร์13สีฟ้า,143,ห่อ
,,สาทร ชั้น 1,product_P-PCWF-030,กระดาษถ่ายเอกสารสี A4 80แกรม 500แผ่น เบอร์14สีเขียว,126,ห่อ
,,สาทร ชั้น 1,product_P-PCWF-031,กระดาษถ่ายเอกสารสี A4 80แกรม 500แผ่น เบอร์15สีส้ม,263,ห่อ
,,สาทร ชั้น 1,product_P-PCWF-032,กระดาษถ่ายเอกสารสี A4 80แกรม 500แผ่น เบอร์16สีแดง,556,ห่อ
,,สาทร ชั้น 1,product_P-PCWF-038,กระดาษถ่ายเอกสารสีสะท้อนแสง A4 80แกรม 500แผ่น เบอร์17สีชมพู,0,ห่อ
,,สาทร ชั้น 1,product_P-PCWF-039,กระดาษถ่ายเอกสารสีสะท้อนแสง A4 80แกรม 500แผ่น เบอร์18สีโอรส,43,ห่อ
,,สาทร ชั้น 1,product_P-PCWF-040,กระดาษถ่ายเอกสารสีสะท้อนแสง A4 80แกรม 500แผ่น เบอร์19สีส้ม,172,ห่อ
,,สาทร ชั้น 1,product_P-PCWF-SR-002,กระดาษถ่ายเอกสารสี A4 80แกรม 500แผ่น เบอร์2 สำโรง,,ห่อ
,,สาทร ชั้น 1,product_P-PCWF-018,กระดาษถ่ายเอกสารสี A4 80แกรม 500แผ่น เบอร์2สีเขียวเข้ม,0,ห่อ
,,สาทร ชั้น 1,product_P-PCWF-041,กระดาษถ่ายเอกสารสีสะท้อนแสง A4 80แกรม 500แผ่น เบอร์20สีเขียว,0,ห่อ
,,สาทร ชั้น 1,product_P-PCWF-042,กระดาษถ่ายเอกสารสีสะท้อนแสง A4 80แกรม 500แผ่น เบอร์21สีเหลือง,149,ห่อ
,,สาทร ชั้น 1,product_P-PCWF-SR-003,กระดาษถ่ายเอกสารสี A4 80แกรม 500แผ่น เบอร์3 สำโรง,,ห่อ
,,สาทร ชั้น 1,product_P-PCWF-019,กระดาษถ่ายเอกสารสี A4 80แกรม 500แผ่น เบอร์3สีเหลือง,0,ห่อ
,,สาทร ชั้น 1,product_P-PCWF-SR-004,กระดาษถ่ายเอกสารสี A4 80แกรม 500แผ่น เบอร์4 สำโรง,,ห่อ
,,สาทร ชั้น 1,product_P-PCWF-020,กระดาษถ่ายเอกสารสี A4 80แกรม 500แผ่น เบอร์4สีชมพูเข้ม,0,ห่อ
,,สาทร ชั้น 1,product_P-PCWF-SR-005,กระดาษถ่ายเอกสารสี A4 80แกรม 500แผ่น เบอร์5 สำโรง,,ห่อ
,,สาทร ชั้น 1,product_P-PCWF-021,กระดาษถ่ายเอกสารสี A4 80แกรม 500แผ่น เบอร์5สีชมพูอ่อน,161,ห่อ
,,สาทร ชั้น 1,product_P-PCWF-SR-006,กระดาษถ่ายเอกสารสี A4 80แกรม 500แผ่น เบอร์6 สำโรง,,ห่อ
,,สาทร ชั้น 1,product_P-PCWF-022,กระดาษถ่ายเอกสารสี A4 80แกรม 500แผ่น เบอร์6สีฟ้าอ่อน,79,ห่อ
,,สาทร ชั้น 1,product_P-PCWF-SR-007,กระดาษถ่ายเอกสารสี A4 80แกรม 500แผ่น เบอร์7 สำโรง,,ห่อ
,,สาทร ชั้น 1,product_P-PCWF-023,กระดาษถ่ายเอกสารสี A4 80แกรม 500แผ่น เบอร์7สีครีม,223,ห่อ
,,สาทร ชั้น 1,product_P-PCWF-SR-008,กระดาษถ่ายเอกสารสี A4 80แกรม 500แผ่น เบอร์8 สำโรง,,ห่อ
,,สาทร ชั้น 1,product_P-PCWF-024,กระดาษถ่ายเอกสารสี A4 80แกรม 500แผ่น เบอร์8สีเขียวอ่อน,35,ห่อ
,,สาทร ชั้น 1,product_P-PCWF-025,กระดาษถ่ายเอกสารสี A4 80แกรม 500แผ่น เบอร์9สีส้มโอรส,29,ห่อ
,,สาทร ชั้น 1,product_P-PCWF-001,กระดาษถ่ายเอกสารสี A4 80แกรม 50แผ่น เบอร์1สีฟ้าเข้ม,940,ห่อ
,,สาทร ชั้น 1,product_P-PCWF-010,กระดาษถ่ายเอกสารสี A4 80แกรม 50แผ่น เบอร์10สีม่วง,260,ห่อ
,,สาทร ชั้น 1,product_P-PCWF-011,กระดาษถ่ายเอกสารสี A4 80แกรม 50แผ่น เบอร์11สีไข่ไก่,290,ห่อ
,,สาทร ชั้น 1,product_P-PCWF-012,กระดาษถ่ายเอกสารสี A4 80แกรม 50แผ่น เบอร์12สีเหลืองเข้ม,420,ห่อ
,,สาทร ชั้น 1,product_P-PCWF-013,กระดาษถ่ายเอกสารสี A4 80แกรม 50แผ่น เบอร์13สีฟ้า,45,ห่อ
,,สาทร ชั้น 1,product_P-PCWF-014,กระดาษถ่ายเอกสารสี A4 80แกรม 50แผ่น เบอร์14สีเขียว,60,ห่อ
,,สาทร ชั้น 1,product_P-PCWF-015,กระดาษถ่ายเอกสารสี A4 80แกรม 50แผ่น เบอร์15สีส้ม,0,ห่อ
,,สาทร ชั้น 1,product_P-PCWF-016,กระดาษถ่ายเอกสารสี A4 80แกรม 50แผ่น เบอร์16สีแดง,65,ห่อ
,,สาทร ชั้น 1,product_P-PCWF-002,กระดาษถ่ายเอกสารสี A4 80แกรม 50แผ่น เบอร์2สีเขียวเข้ม,136,ห่อ
,,สาทร ชั้น 1,product_P-PCWF-003,กระดาษถ่ายเอกสารสี A4 80แกรม 50แผ่น เบอร์3สีเหลือง,180,ห่อ
,,สาทร ชั้น 1,product_P-PCWF-004,กระดาษถ่ายเอกสารสี A4 80แกรม 50แผ่น เบอร์4สีชมพูเข้ม,434,ห่อ
,,สาทร ชั้น 1,product_P-PCWF-005,กระดาษถ่ายเอกสารสี A4 80แกรม 50แผ่น เบอร์5สีชมพูอ่อน,490,ห่อ
,,สาทร ชั้น 1,product_P-PCWF-006,กระดาษถ่ายเอกสารสี A4 80แกรม 50แผ่น เบอร์6สีฟ้าอ่อน,60,ห่อ
,,สาทร ชั้น 1,product_P-PCWF-007,กระดาษถ่ายเอกสารสี A4 80แกรม 50แผ่น เบอร์7สีครีม,290,ห่อ
,,สาทร ชั้น 1,product_P-PCWF-008,กระดาษถ่ายเอกสารสี A4 80แกรม 50แผ่น เบอร์8สีเขียวอ่อน,511,ห่อ
,,สาทร ชั้น 1,product_P-PCWF-009,กระดาษถ่ายเอกสารสี A4 80แกรม 50แผ่น เบอร์9สีส้มโอรส,35,ห่อ
,,สาทร ชั้น 1,product_235307,Q-BIZ กระดาษถ่ายเอกสารสีม่วง 80g A4 100 แผ่น No.10,260,ห่อ
,,สาทร ชั้น 1,product_235308,Q-BIZ กระดาษถ่ายเอกสารสีเหลืองทอง 80g A4 100 แผ่น No.11,280,ห่อ
,,สาทร ชั้น 1,product_112477,Q-BIZ กรดาษถ่ายเอกสารสีเหลือง 80g A4 100 แผ่น No.12,260,ห่อ
,,สาทร ชั้น 1,product_112480,Q-BIZ กรดาษถ่ายเอกสารสีฟ้า 80g A4 100 แผ่น No.13,760,ห่อ
,,สาทร ชั้น 1,product_112488,Q-BIZ กรดาษถ่ายเอกสารสีเขียว 80g A4 100 แผ่น No.14,1080,ห่อ
,,สาทร ชั้น 1,product_112493,Q-BIZ กรดาษถ่ายเอกสารสีส้ม 80g A4 100 แผ่น No.15,420,ห่อ
,,สาทร ชั้น 1,product_112507,Q-BIZ กรดาษถ่ายเอกสารสีแดง 80g A4 100 แผ่น No.16,720,ห่อ
,,สาทร ชั้น 1,product_94809,Q-BIZ กระดาษถ่ายเอกสารสีเข้ม 80g A4 200 ผ.(คละสีNo.12-15),740,ห่อ
,,สาทร ชั้น 1,product_157360,Q-BIZ กรดาษถ่ายเอกสารสี 80g A4 200 แผ่น (คละสีNo.1-4),540,ห่อ
,,สาทร ชั้น 1,product_P-RC-35*47,กระดาษน้ำตาล 35*47นิ้ว 110แกรม เกรดA,,รีม
,,สาทร ชั้น 1,product_2800679,กระดาษโน้ต70 แกรม 280แผ่น แพ็ค4A,,เล่ม
,,สาทร ชั้น 1,product_2800680,กระดาษโน้ต70 แกรม 280แผ่น แพ็ค4B,,เล่ม
,,สาทร ชั้น 1,product_2800684,To do list  70 แกรม 60 แผ่นA,,เล่ม
,,สาทร ชั้น 1,product_2800685,To do list  70 แกรม 60 แผ่นB,,เล่ม
,,สาทร ชั้น 1,product_P-LG-008,กระดาษบัญชีเนื้อเขียว 2รู แยกประเภท,,ห่อ
,,สาทร ชั้น 1,product_P-LG-001,กระดาษบัญชีเนื้อเขียว 2รู 2ช่อง,,ห่อ
,,สาทร ชั้น 1,product_P-LG-002,กระดาษบัญชีเนื้อเขียว 2รู 3ช่อง,,ห่อ
,,สาทร ชั้น 1,product_P-LG-013,กระดาษบัญชีเนื้อเขียว 26รู สต็อก,,ห่อ
,,สาทร ชั้น 1,product_P-LG-011,กระดาษบัญชีเนื้อเขียว 26รู ธรรมดา,,ห่อ
,,สาทร ชั้น 1,product_P-LG-009,กระดาษบัญชีเนื้อเขียว 26รู แยกประเภท,,ห่อ
,,สาทร ชั้น 1,product_P-LG-003,กระดาษบัญชีเนื้อเขียว 26รู 2ช่อง,,ห่อ
,,สาทร ชั้น 1,product_P-LG-004,กระดาษบัญชีเนื้อเขียว 26รู 3ช่อง,,ห่อ
,,สาทร ชั้น 1,product_P-LG-014,กระดาษบัญชีเนื้อเขียว 30รู สต็อก,,ห่อ
,,สาทร ชั้น 1,product_P-LG-012,กระดาษบัญชีเนื้อเขียว 30รู ธรรมดา,,ห่อ
,,สาทร ชั้น 1,product_P-LG-010,กระดาษบัญชีเนื้อเขียว 30รู แยกประเภท,,ห่อ
,,สาทร ชั้น 1,product_P-LG-005,กระดาษบัญชีเนื้อเขียว 30รู 2ช่อง,,ห่อ
,,สาทร ชั้น 1,product_P-LG-006,กระดาษบัญชีเนื้อเขียว 30รู 3ช่อง,,ห่อ
,,สาทร ชั้น 1,product_P-LG-007,กระดาษบัญชีเนื้อเขียว 30รู 4ช่อง,,ห่อ
,,สาทร ชั้น 1,product_P-TCWF-025,กระดาษแบ๊งค์สี 31*43นิ้ว 55แกรม 500แผ่น สีฟ้า,,รีม
,,สาทร ชั้น 1,product_P-TCWF-026,กระดาษแบ๊งค์สี 31*43นิ้ว 55แกรม 500แผ่น สีชมพู,,รีม
,,สาทร ชั้น 1,product_P-TCWF-027,กระดาษแบ๊งค์สี 31*43นิ้ว 55แกรม 500แผ่น สีเขียว,,รีม
,,สาทร ชั้น 1,product_P-TCWF-028,กระดาษแบ๊งค์สี 31*43นิ้ว 55แกรม 500แผ่น สีเหลือง,,รีม
,,สาทร ชั้น 1,product_P-TCWF-001,กระดาษแบ๊งค์สี A4 55แกรม 300แผ่น สีฟ้า,,ห่อ
,,สาทร ชั้น 1,product_P-TCWF-002,กระดาษแบ๊งค์สี A4 55แกรม 300แผ่น สีชมพู,,ห่อ
,,สาทร ชั้น 1,product_P-TCWF-003,กระดาษแบ๊งค์สี A4 55แกรม 300แผ่น สีเขียว,,ห่อ
,,สาทร ชั้น 1,product_P-TCWF-004,กระดาษแบ๊งค์สี A4 55แกรม 300แผ่น สีเหลือง,,ห่อ
,,สาทร ชั้น 1,product_P-TCWF-005,กระดาษแบ๊งค์สี A4 55แกรม 400แผ่น สีฟ้า,,ห่อ
,,สาทร ชั้น 1,product_P-TCWF-006,กระดาษแบ๊งค์สี A4 55แกรม 400แผ่น สีชมพู,,ห่อ
,,สาทร ชั้น 1,product_P-TCWF-007,กระดาษแบ๊งค์สี A4 55แกรม 400แผ่น สีเขียว,,ห่อ
,,สาทร ชั้น 1,product_P-TCWF-008,กระดาษแบ๊งค์สี A4 55แกรม 400แผ่น สีเหลือง,,ห่อ
,,สาทร ชั้น 1,product_P-TCWF-009,กระดาษแบ๊งค์สี A4 55แกรม 500แผ่น สีฟ้า,,ห่อ
,,สาทร ชั้น 1,product_P-TCWF-010,กระดาษแบ๊งค์สี A4 55แกรม 500แผ่น สีชมพู,,ห่อ
,,สาทร ชั้น 1,product_P-TCWF-011,กระดาษแบ๊งค์สี A4 55แกรม 500แผ่น สีเขียว,,ห่อ
,,สาทร ชั้น 1,product_P-TCWF-012,กระดาษแบ๊งค์สี A4 55แกรม 500แผ่น สีเหลือง,,ห่อ
,,สาทร ชั้น 1,product_P-TCWF-013,กระดาษแบ๊งค์สี F4 55แกรม 300แผ่น สีฟ้า,,ห่อ
,,สาทร ชั้น 1,product_P-TCWF-014,กระดาษแบ๊งค์สี F4 55แกรม 300แผ่น สีชมพู,,ห่อ
,,สาทร ชั้น 1,product_P-TCWF-015,กระดาษแบ๊งค์สี F4 55แกรม 300แผ่น สีเขียว,,ห่อ
,,สาทร ชั้น 1,product_P-TCWF-016,กระดาษแบ๊งค์สี F4 55แกรม 300แผ่น สีเหลือง,,ห่อ
,,สาทร ชั้น 1,product_P-TCWF-017,กระดาษแบ๊งค์สี F4 55แกรม 400แผ่น สีฟ้า,,ห่อ
,,สาทร ชั้น 1,product_P-TCWF-018,กระดาษแบ๊งค์สี F4 55แกรม 400แผ่น สีชมพู,,ห่อ
,,สาทร ชั้น 1,product_P-TCWF-019,กระดาษแบ๊งค์สี F4 55แกรม 400แผ่น สีเขียว,,ห่อ
,,สาทร ชั้น 1,product_P-TCWF-020,กระดาษแบ๊งค์สี F4 55แกรม 400แผ่น สีเหลือง,,ห่อ
,,สาทร ชั้น 1,product_P-TCWF-021,กระดาษแบ๊งค์สี F4 55แกรม 500แผ่น สีฟ้า,,ห่อ
,,สาทร ชั้น 1,product_P-TCWF-022,กระดาษแบ๊งค์สี F4 55แกรม 500แผ่น สีชมพู,,ห่อ
,,สาทร ชั้น 1,product_P-TCWF-023,กระดาษแบ๊งค์สี F4 55แกรม 500แผ่น สีเขียว,,ห่อ
,,สาทร ชั้น 1,product_P-TCWF-024,กระดาษแบ๊งค์สี F4 55แกรม 500แผ่น สีเหลือง,,ห่อ
,,สาทร ชั้น 1,product_182501,กระดาษแบงค์สี OFM A4 55G P250 สีฟ้า ,,ห่อ
,,สาทร ชั้น 1,product_182503,กระดาษแบงค์สี OFM A4 55G P250 สีชมพู ,,ห่อ
,,สาทร ชั้น 1,product_182502,กระดาษแบงค์สี OFM A4 55G P250 สีเขียว ,,ห่อ
,,สาทร ชั้น 1,product_182504,กระดาษแบงค์สี OFM A4 55G P250 สีเหลือง ,,ห่อ
,,สาทร ชั้น 1,product_P-NP-31*43,กระดาษปรู๊ฟขาว 31*43นิ้ว 47แกรม,,รีม
,,สาทร ชั้น 1,product_P-WF-100G,กระดาษปอนด์ขาว 100แกรม 500แผ่น,,รีม
,,สาทร ชั้น 1,product_P-WF-60G,กระดาษปอนด์ขาว 60แกรม 500แผ่น,,รีม
,,สาทร ชั้น 1,product_P-WF-70G,กระดาษปอนด์ขาว 70แกรม 500แผ่น,,รีม
,,สาทร ชั้น 1,product_P-WF-80G,กระดาษปอนด์ขาว 80แกรม 500แผ่น,,รีม
,,สาทร ชั้น 1,product_P-PT-HM,กระดาษโปสเตอร์แข็ง คละสี,15000,แผ่น
,,สาทร ชั้น 1,product_P-PT-041,กระดาษโปสเตอร์แข็ง หน้าเดี่ยว เบอร์1สีแดงเข้ม,0,แผ่น
,,สาทร ชั้น 1,product_P-PT-1SM,กระดาษโปสเตอร์อ่อน 1หน้า คละสี,0,แผ่น
,,สาทร ชั้น 1,product_P-PT-050,กระดาษโปสเตอร์แข็ง หน้าเดี่ยว เบอร์10สีชมพูอ่อน,5000,แผ่น
,,สาทร ชั้น 1,product_P-PT-051,กระดาษโปสเตอร์แข็ง หน้าเดี่ยว เบอร์11สีฟ้าเข้ม,3250,แผ่น
,,สาทร ชั้น 1,product_P-PT-001,กระดาษโปสเตอร์อ่อน 1หน้า เบอร์1สีแดงเข้ม,8000,แผ่น
,,สาทร ชั้น 1,product_P-PT-010,กระดาษโปสเตอร์อ่อน 1หน้า เบอร์10สีชมพูอ่อน,0,แผ่น
,,สาทร ชั้น 1,product_P-PT-011,กระดาษโปสเตอร์อ่อน 1หน้า เบอร์11สีฟ้าเข้ม,6000,แผ่น
,,สาทร ชั้น 1,product_P-PT-012,กระดาษโปสเตอร์อ่อน 1หน้า เบอร์12สีฟ้ากลาง,8500,แผ่น
,,สาทร ชั้น 1,product_P-PT-013,กระดาษโปสเตอร์อ่อน 1หน้า เบอร์13สีฟ้าอ่อน,8000,แผ่น
,,สาทร ชั้น 1,product_P-PT-014,กระดาษโปสเตอร์อ่อน 1หน้า เบอร์14สีม่วงเข้ม,3800,แผ่น
,,สาทร ชั้น 1,product_P-PT-015,กระดาษโปสเตอร์อ่อน 1หน้า เบอร์15สีม่วงอ่อน,6100,แผ่น
,,สาทร ชั้น 1,product_P-PT-016,กระดาษโปสเตอร์อ่อน 1หน้า เบอร์16สีชมพูเข้ม,3900,แผ่น
,,สาทร ชั้น 1,product_P-PT-017,กระดาษโปสเตอร์อ่อน 1หน้า เบอร์17สีชมพูกลาง,700,แผ่น
,,สาทร ชั้น 1,product_P-PT-018,กระดาษโปสเตอร์อ่อน 1หน้า เบอร์18สีน้ำตาล,2800,แผ่น
,,สาทร ชั้น 1,product_P-PT-019,กระดาษโปสเตอร์อ่อน 1หน้า เบอร์19สีดำ,2900,แผ่น
,,สาทร ชั้น 1,product_P-PT-052,กระดาษโปสเตอร์แข็ง หน้าเดี่ยว เบอร์12สีฟ้ากลาง,5000,แผ่น
,,สาทร ชั้น 1,product_P-PT-002,กระดาษโปสเตอร์อ่อน 1หน้า เบอร์2สีแดงอ่อน,0,แผ่น
,,สาทร ชั้น 1,product_P-PT-020,กระดาษโปสเตอร์อ่อน 1หน้า เบอร์20สีเทา,4100,แผ่น
,,สาทร ชั้น 1,product_P-PT-053,กระดาษโปสเตอร์แข็ง หน้าเดี่ยว เบอร์13สีฟ้าอ่อน,8000,แผ่น
,,สาทร ชั้น 1,product_P-PT-003,กระดาษโปสเตอร์อ่อน 1หน้า เบอร์3สีส้ม,3000,แผ่น
,,สาทร ชั้น 1,product_P-PT-054,กระดาษโปสเตอร์แข็ง หน้าเดี่ยว เบอร์14สีม่วงเข้ม,3100,แผ่น
,,สาทร ชั้น 1,product_P-PT-004,กระดาษโปสเตอร์อ่อน 1หน้า เบอร์4สีเหลืองเข้ม,1300,แผ่น
,,สาทร ชั้น 1,product_P-PT-055,กระดาษโปสเตอร์แข็ง หน้าเดี่ยว เบอร์15สีม่วงอ่อน,1800,แผ่น
,,สาทร ชั้น 1,product_P-PT-005,กระดาษโปสเตอร์อ่อน 1หน้า เบอร์5สีเหลืองอ่อน,4800,แผ่น
,,สาทร ชั้น 1,product_P-PT-056,กระดาษโปสเตอร์แข็ง หน้าเดี่ยว เบอร์16สีชมพูเข้ม,200,แผ่น
,,สาทร ชั้น 1,product_P-PT-006,กระดาษโปสเตอร์อ่อน 1หน้า เบอร์6สีครีม,5800,แผ่น
,,สาทร ชั้น 1,product_P-PT-057,กระดาษโปสเตอร์แข็ง หน้าเดี่ยว เบอร์17สีชมพูกลาง,200,แผ่น
,,สาทร ชั้น 1,product_P-PT-007,กระดาษโปสเตอร์อ่อน 1หน้า เบอร์7สีเขียวเข้ม,3000,แผ่น
,,สาทร ชั้น 1,product_P-PT-058,กระดาษโปสเตอร์แข็ง หน้าเดี่ยว เบอร์18สีน้ำตาล,0,แผ่น
,,สาทร ชั้น 1,product_P-PT-008,กระดาษโปสเตอร์อ่อน 1หน้า เบอร์8สีเขียวกลาง,7400,แผ่น
,,สาทร ชั้น 1,product_P-PT-059,กระดาษโปสเตอร์แข็ง หน้าเดี่ยว เบอร์19สีดำ,2200,แผ่น
,,สาทร ชั้น 1,product_P-PT-009,กระดาษโปสเตอร์อ่อน 1หน้า เบอร์9สีเขียวอ่อน,2100,แผ่น
,,สาทร ชั้น 1,product_P-PT-042,กระดาษโปสเตอร์แข็ง หน้าเดี่ยว เบอร์2สีแดงอ่อน,3500,แผ่น
,,สาทร ชั้น 1,product_P-PT-2SM,กระดาษโปสเตอร์อ่อน 2หน้า คละสี,7600,แผ่น
,,สาทร ชั้น 1,product_P-PT-060,กระดาษโปสเตอร์แข็ง หน้าเดี่ยว เบอร์20สีเทา,1500,แผ่น
,,สาทร ชั้น 1,product_P-PT-021,กระดาษโปสเตอร์อ่อน 2หน้า เบอร์1สีแดงเข้ม,0,แผ่น
,,สาทร ชั้น 1,product_P-PT-030,กระดาษโปสเตอร์อ่อน 2หน้า เบอร์10สีชมพูอ่อน,1000,แผ่น
,,สาทร ชั้น 1,product_P-PT-031,กระดาษโปสเตอร์อ่อน 2หน้า เบอร์11สีฟ้าเข้ม,0,แผ่น
,,สาทร ชั้น 1,product_P-PT-032,กระดาษโปสเตอร์อ่อน 2หน้า เบอร์12สีฟ้ากลาง,0,แผ่น
,,สาทร ชั้น 1,product_P-PT-033,กระดาษโปสเตอร์อ่อน 2หน้า เบอร์13สีฟ้าอ่อน,0,แผ่น
,,สาทร ชั้น 1,product_P-PT-034,กระดาษโปสเตอร์อ่อน 2หน้า เบอร์14สีม่วงเข้ม,0,แผ่น
,,สาทร ชั้น 1,product_P-PT-035,กระดาษโปสเตอร์อ่อน 2หน้า เบอร์15สีม่วงอ่อน,1500,แผ่น
,,สาทร ชั้น 1,product_P-PT-036,กระดาษโปสเตอร์อ่อน 2หน้า เบอร์16สีชมพูเข้ม,1100,แผ่น
,,สาทร ชั้น 1,product_P-PT-037,กระดาษโปสเตอร์อ่อน 2หน้า เบอร์17สีชมพูกลาง,5500,แผ่น
,,สาทร ชั้น 1,product_P-PT-038,กระดาษโปสเตอร์อ่อน 2หน้า เบอร์18สีน้ำตาล,5000,แผ่น
,,สาทร ชั้น 1,product_P-PT-039,กระดาษโปสเตอร์อ่อน 2หน้า เบอร์19สีดำ,0,แผ่น
,,สาทร ชั้น 1,product_P-PT-022,กระดาษโปสเตอร์อ่อน 2หน้า เบอร์2สีแดงอ่อน,4600,แผ่น
,,สาทร ชั้น 1,product_P-PT-040,กระดาษโปสเตอร์อ่อน 2หน้า เบอร์20สีเทา,800,แผ่น
,,สาทร ชั้น 1,product_P-PT-023,กระดาษโปสเตอร์อ่อน 2หน้า เบอร์3สีส้ม,4000,แผ่น
,,สาทร ชั้น 1,product_P-PT-024,กระดาษโปสเตอร์อ่อน 2หน้า เบอร์4สีเหลืองเข้ม,2400,แผ่น
,,สาทร ชั้น 1,product_P-PT-025,กระดาษโปสเตอร์อ่อน 2หน้า เบอร์5สีเหลืองอ่อน,4500,แผ่น
,,สาทร ชั้น 1,product_P-PT-026,กระดาษโปสเตอร์อ่อน 2หน้า เบอร์6สีครีม,800,แผ่น
,,สาทร ชั้น 1,product_P-PT-027,กระดาษโปสเตอร์อ่อน 2หน้า เบอร์7สีเขียวเข้ม,4100,แผ่น
,,สาทร ชั้น 1,product_P-PT-028,กระดาษโปสเตอร์อ่อน 2หน้า เบอร์8สีเขียวกลาง,4500,แผ่น
,,สาทร ชั้น 1,product_P-PT-029,กระดาษโปสเตอร์อ่อน 2หน้า เบอร์9สีเขียวอ่อน,0,แผ่น
,,สาทร ชั้น 1,product_P-PT-043,กระดาษโปสเตอร์แข็ง หน้าเดี่ยว เบอร์3สีส้ม,2250,แผ่น
,,สาทร ชั้น 1,product_P-PT-044,กระดาษโปสเตอร์แข็ง หน้าเดี่ยว เบอร์4สีเหลืองเข้ม,550,แผ่น
,,สาทร ชั้น 1,product_P-PT-045,กระดาษโปสเตอร์แข็ง หน้าเดี่ยว เบอร์5สีเหลืองอ่อน,750,แผ่น
,,สาทร ชั้น 1,product_P-PT-046,กระดาษโปสเตอร์แข็ง หน้าเดี่ยว เบอร์6สีครีม,4900,แผ่น
,,สาทร ชั้น 1,product_P-PT-047,กระดาษโปสเตอร์แข็ง หน้าเดี่ยว เบอร์7สีเขียวเข้ม,2900,แผ่น
,,สาทร ชั้น 1,product_P-PT-048,กระดาษโปสเตอร์แข็ง หน้าเดี่ยว เบอร์8สีเขียวกลาง,3500,แผ่น
,,สาทร ชั้น 1,product_P-PT-049,กระดาษโปสเตอร์แข็ง หน้าเดี่ยว เบอร์9สีเขียวอ่อน,2100,แผ่น
,,สาทร ชั้น 1,product_P-FS-NO150,กระดาษฟุลสแก๊ป เบอร์150 100แกรม 480คู่,,ห่อ
,,สาทร ชั้น 1,product_P-FS-NO34,กระดาษฟุลสแก๊ป เบอร์34 60แกรม 480คู่,,ห่อ
,,สาทร ชั้น 1,product_P-FS-NO36,กระดาษฟุลสแก๊ป เบอร์36 70แกรม 480คู่,,ห่อ
,,สาทร ชั้น 1,product_139364,Q-BIZ กระดาษฟุลสแก๊ป No.34 120 แผ่น,,ห่อ
,,สาทร ชั้น 1,product_P-FP-PANDA,กระดาษแฟกซ์ แพนด้า 210มม.*22หลา,,ม้วน
,,สาทร ชั้น 1,product_P-FP-VENUS,กระดาษแฟกซ์ วีนัส 210มม.*30หลา,,ม้วน
,,สาทร ชั้น 1,product_1801611,เทสโก้ กระดาษรายงานมีเส้นA4/100 60แกรม,,แผ่น
,,สาทร ชั้น 1,product_P-RP-A4-70G,กระดาษรายงาน A4 70แกรม 200แผ่น,,ห่อ
,,สาทร ชั้น 1,product_P-DP-B-001,กระดาษโรเนียวปอนด์ A4 60แกรม 300แผ่น Value,,ห่อ
,,สาทร ชั้น 1,product_P-DP-A-015,กระดาษโรเนียวปรู๊ฟใน A4 60แกรม 300แผ่น Value,,ห่อ
,,สาทร ชั้น 1,product_P-DP-A-001,กระดาษโรเนียวปอนด์ A4 60แกรม 300แผ่น Venus,,ห่อ
,,สาทร ชั้น 1,product_P-DP-A-013,กระดาษโรเนียวปรู๊ฟใน A4 60แกรม 300แผ่น Venus,198,ห่อ
,,สาทร ชั้น 1,product_P-DP-A-019,กระดาษโรเนียวปรู๊ฟนอก A4 60แกรม 300แผ่น Venus,,ห่อ
,,สาทร ชั้น 1,product_P-DP-B-004,กระดาษโรเนียวปอนด์ A4 60แกรม 500แผ่น Value,,ห่อ
,,สาทร ชั้น 1,product_P-DP-A-016,กระดาษโรเนียวปรู๊ฟใน A4 60แกรม 500แผ่น Value,,ห่อ
,,สาทร ชั้น 1,product_P-DP-A-004,กระดาษโรเนียวปอนด์ A4 60แกรม 500แผ่น Venus,,ห่อ
,,สาทร ชั้น 1,product_P-DP-A-014,กระดาษโรเนียวปรู๊ฟใน A4 60แกรม 500แผ่น Venus,411,ห่อ
,,สาทร ชั้น 1,product_P-DP-A-020,กระดาษโรเนียวปรู๊ฟนอก A4 60แกรม 500แผ่น Venus,,ห่อ
,,สาทร ชั้น 1,product_P-DP-B-002,กระดาษโรเนียวปอนด์ A4 70แกรม 300แผ่น Value,114,ห่อ
,,สาทร ชั้น 1,product_P-DP-A-002,กระดาษโรเนียวปอนด์ A4 70แกรม 300แผ่น Venus,200,ห่อ
,,สาทร ชั้น 1,product_P-DP-B-005,กระดาษโรเนียวปอนด์ A4 70แกรม 500แผ่น Value,117,ห่อ
,,สาทร ชั้น 1,product_P-DP-A-005,กระดาษโรเนียวปอนด์ A4 70แกรม 500แผ่น Venus,334,ห่อ
,,สาทร ชั้น 1,product_P-DP-B-003,กระดาษโรเนียวปอนด์ A4 80แกรม 300แผ่น Value,117,ห่อ
,,สาทร ชั้น 1,product_P-DP-A-003,กระดาษโรเนียวปอนด์ A4 80แกรม 300แผ่น Venus,220,ห่อ
,,สาทร ชั้น 1,product_P-DP-B-006,กระดาษโรเนียวปอนด์ A4 80แกรม 500แผ่น Value,,ห่อ
,,สาทร ชั้น 1,product_P-DP-A-006,กระดาษโรเนียวปอนด์ A4 80แกรม 500แผ่น Venus,,ห่อ
,,สาทร ชั้น 1,product_P-DP-B-007,กระดาษโรเนียวปอนด์ F4 60แกรม 300แผ่น Value,,ห่อ
,,สาทร ชั้น 1,product_P-DP-B-013,กระดาษโรเนียวปรู๊ฟใน F4 60แกรม 300แผ่น Value,,ห่อ
,,สาทร ชั้น 1,product_P-DP-A-007,กระดาษโรเนียวปอนด์ F4 60แกรม 300แผ่น Venus,,ห่อ
,,สาทร ชั้น 1,product_P-DP-A-017,กระดาษโรเนียวปรู๊ฟใน F4 60แกรม 300แผ่น Venus,,ห่อ
,,สาทร ชั้น 1,product_P-DP-B-010,กระดาษโรเนียวปอนด์ F4 60แกรม 500แผ่น Value,,ห่อ
,,สาทร ชั้น 1,product_P-DP-B-014,กระดาษโรเนียวปรู๊ฟใน F4 60แกรม 500แผ่น Value,,ห่อ
,,สาทร ชั้น 1,product_P-DP-A-010,กระดาษโรเนียวปอนด์ F4 60แกรม 500แผ่น Venus,,ห่อ
,,สาทร ชั้น 1,product_P-DP-A-018,กระดาษโรเนียวปรู๊ฟใน F4 60แกรม 500แผ่น Venus,,ห่อ
,,สาทร ชั้น 1,product_P-DP-B-008,กระดาษโรเนียวปอนด์ F4 70แกรม 300แผ่น Value,,ห่อ
,,สาทร ชั้น 1,product_P-DP-A-008,กระดาษโรเนียวปอนด์ F4 70แกรม 300แผ่น Venus,,ห่อ
,,สาทร ชั้น 1,product_P-DP-B-011,กระดาษโรเนียวปอนด์ F4 70แกรม 500แผ่น Value,,ห่อ
,,สาทร ชั้น 1,product_P-DP-A-011,กระดาษโรเนียวปอนด์ F4 70แกรม 500แผ่น Venus,,ห่อ
,,สาทร ชั้น 1,product_P-DP-B-009,กระดาษโรเนียวปอนด์ F4 80แกรม 300แผ่น Value,,ห่อ
,,สาทร ชั้น 1,product_P-DP-A-009,กระดาษโรเนียวปอนด์ F4 80แกรม 300แผ่น Venus,,ห่อ
,,สาทร ชั้น 1,product_P-DP-B-012,กระดาษโรเนียวปอนด์ F4 80แกรม 500แผ่น Value,,ห่อ
,,สาทร ชั้น 1,product_P-DP-A-012,กระดาษโรเนียวปอนด์ F4 80แกรม 500แผ่น Venus,,ห่อ
,,สาทร ชั้น 1,product_147372,Q-BIZ กระดาษโรเนียวปรู๊ฟ F4  1*300 แผ่น,301,ห่อ
,,สาทร ชั้น 1,product_P-DW-31*21dot5-120G,กระดาษวาดเขียน 31*21.5นิ้ว 120แกรม 500แผ่น,,รีม
,,สาทร ชั้น 1,product_P-DW-31*21dot5-150G,กระดาษวาดเขียน 31*21.5นิ้ว 150แกรม 500แผ่น,,รีม
,,สาทร ชั้น 1,product_P-DW-31*43-120G,กระดาษวาดเขียน 31*43นิ้ว 120แกรม 500แผ่น,,รีม
,,สาทร ชั้น 1,product_P-DW-31*43-150G,กระดาษวาดเขียน 31*43นิ้ว 150แกรม 500แผ่น,,รีม
,,สาทร ชั้น 1,product_P-DW-56*79-200G,กระดาษวาดเขียน 56*79ซม. 200แกรม 500แผ่น นอก,,รีม
,,สาทร ชั้น 1,product_P-SC-5*8,กระดาษบัญชีสต๊อกการ์ด 5*8นิ้ว 110แกรม 500แผ่น,,ห่อ
,,สาทร ชั้น 1,product_P-SC-6*8,กระดาษบัญชีสต๊อกการ์ด 6*8นิ้ว 110แกรม 500แผ่น,,ห่อ
,,สาทร ชั้น 1,product_P-WS-NO65-200,กระดาษสอบ เบอร์65 60แกรม 200แผ่น,,ห่อ
,,สาทร ชั้น 1,product_P-WS-NO65-300,กระดาษสอบ เบอร์65 60แกรม 300แผ่น,,ห่อ
,,สาทร ชั้น 1,product_P-GW-100,กระดาษห่อของขวัญ 1*100แผ่น คละลาย ,,ห่อ
,,สาทร ชั้น 1,product_P-GW-125,กระดาษห่อของขวัญ 1*125แผ่น ,,ห่อ
,,สาทร ชั้น 1,product_P-NB,กล่องกระดาษโน๊ต 8.5*9.5*3ซม.,,กล่อง
,,สาทร ชั้น 1,product_MSA,ดินน้ำมันปอนด์ ตราผึ้ง,,โหล
,,สาทร ชั้น 1,product_MSE,ดินสอดำ,,แท่ง
,,สาทร ชั้น 1,product_MSB-002,เทมเพลท ก.ข.ค.กลาง,,โหล
,,สาทร ชั้น 1,product_MSB-003,เทมเพลท ก.ข.ค.เล็ก,,โหล
,,สาทร ชั้น 1,product_MSB-001,เทมเพลท ก.ข.ค.ใหญ่,,โหล
,,สาทร ชั้น 1,product_MSB-004,เทมเพลท ABC ใหญ่,,โหล
,,สาทร ชั้น 1,product_MSB-005,เทมเพลท ABC กลาง No.600,,โหล
,,สาทร ชั้น 1,product_MSB-NO900,เทมเพลท No.900,,โหล
,,สาทร ชั้น 1,product_MSB-NO901,เทมเพลท No.901,,โหล
,,สาทร ชั้น 1,product_MSB-NO902,เทมเพลท No.902,,โหล
,,สาทร ชั้น 1,product_MSB-NO903,เทมเพลท No.903,,โหล
,,สาทร ชั้น 1,product_MSB-NO904,เทมเพลท No.904,,โหล
,,สาทร ชั้น 1,product_MSB-NO905,เทมเพลท No.905,,โหล
,,สาทร ชั้น 1,product_MSB-NO906,เทมเพลท No.906,,โหล
,,สาทร ชั้น 1,product_MSB-NO907,เทมเพลท No.907,,โหล
,,สาทร ชั้น 1,product_MSB-NO908,เทมเพลท No.908,,โหล
,,สาทร ชั้น 1,product_MSB-NO909,เทมเพลท No.909,,โหล
,,สาทร ชั้น 1,product_MSB-NO910,เทมเพลท No.910,,โหล
,,สาทร ชั้น 1,product_MSJ-NO2,บัตรรถ No.2 ตราเพชร,,เล่ม
,,สาทร ชั้น 1,product_MSJ-NO3,บัตรรถ No.3 ตราเพชร,,เล่ม
,,สาทร ชั้น 1,product_1185085,"เทสโก้แวลู บัตรลงเวลา "" ไซโก้ ""  ",,แผ่น
,,สาทร ชั้น 1,product_1185096,"เทสโก้แวลู บัตรลงเวลา "" อามาโน่ ""  ",,แผ่น
,,สาทร ชั้น 1,product_P-TC-SAIKO,บัตรลงเวลา ไซโก้ 400แกรม 100แผ่น,,ห่อ
,,สาทร ชั้น 1,product_P-TC-AMANO,บัตรลงเวลา อามาโน่ 400แกรม 100แผ่น,,ห่อ
,,สาทร ชั้น 1,product_172584,บัตรตอกเวลา OD #AMANO ,,เล่ม
,,สาทร ชั้น 1,product_MSK-005,ใบวางบิล 2ชั้น ตราเพชร,,เล่ม
,,สาทร ชั้น 1,product_MSK-002,บิลเงินสด 2ชั้น ตราเพชร,,เล่ม
,,สาทร ชั้น 1,product_MSK-006,ใบเสร็จรับเงิน 2ชั้น ตราเพชร,,เล่ม
,,สาทร ชั้น 1,product_MSK-004,ใบส่งของชั่วคราว 2ชั้น ตราเพชร,,เล่ม
,,สาทร ชั้น 1,product_MSK-001,บิลเงินสด 3ชั้น ตราเพชร,,เล่ม
,,สาทร ชั้น 1,product_MSK-003,ใบส่งของชั่วคราว 3ชั้น ตราเพชร,,เล่ม
,,สาทร ชั้น 1,product_MSK-007,ใบรับรองหักภาษี ณ ที่จ่าย4ชั้น ตราเพชร,,เล่ม
,,สาทร ชั้น 1,product_MSL-001,บิลเงินสด 2ชั้น เบอร์0 วีนัส,,เล่ม
,,สาทร ชั้น 1,product_MSL-002,บิลเงินสด 2ชั้น เบอร์1 วีนัส,,เล่ม
,,สาทร ชั้น 1,product_MSL-003,บิลเงินสด 2ชั้น เบอร์2 วีนัส,,เล่ม
,,สาทร ชั้น 1,product_MSL-004,บิลเงินสด 2ชั้น เบอร์3 วีนัส,,เล่ม
,,สาทร ชั้น 1,product_MSL-005,ใบส่งของ 3ชั้น เบอร์0 วีนัส,,เล่ม
,,สาทร ชั้น 1,product_MSL-006,ใบส่งของ 3ชั้น เบอร์1 วีนัส,,เล่ม
,,สาทร ชั้น 1,product_MSL-007,ใบส่งของ 3ชั้น เบอร์2 วีนัส,,เล่ม
,,สาทร ชั้น 1,product_MSL-008,ใบส่งของ 3ชั้น เบอร์3 วีนัส,,เล่ม
,,สาทร ชั้น 1,product_P-FC-002,ปกรายงาน A4 150แกรม 50แผ่น ลายเรียบ,,ห่อ
,,สาทร ชั้น 1,product_P-FC-003,ปกรายงาน A4 150แกรม 50แผ่น ลายหนังช้าง,,ห่อ
,,สาทร ชั้น 1,product_P-FC-001,ปกรายงาน A4 150แกรม 50แผ่น ลายแฟนซีMH-FC-150,,ห่อ
,,สาทร ชั้น 1,product_132067,ปกรายงานแฟนซี A4  150g,,ห่อ
,,สาทร ชั้น 1,product_94679,ปกรายงานพิมพ์ลาย A4  150g  50 แผ่น,,ห่อ
,,สาทร ชั้น 1,product_94692,ปกรายงานพิมพ์หนังช้าง A4  150g  50 แผ่น,,ห่อ
,,สาทร ชั้น 1,product_P-FC-004,ปกรายงาน A4 180แกรม 50แผ่น ลายมุก,,ห่อ
,,สาทร ชั้น 1,product_P-FC-A4-2T,ปกรายงาน A4 180แกรม 50แผ่น ลายทูโทน2T-180,,ห่อ
,,สาทร ชั้น 1,product_94796,ปกรายงานลายมุก A4  180g  50 แผ่น,,ห่อ
,,สาทร ชั้น 1,product_182499,กระดาษทำปกลายแฟนซี OFM A4 150G P25 ,,ห่อ
,,สาทร ชั้น 1,product_182500,กระดาษทำปกลายแฟนซี OFM A4 150G P50 ,,ห่อ
,,สาทร ชั้น 1,product_MSD,ปากกาเคมี,,ด้าม
,,สาทร ชั้น 1,product_MSC-RD,ปากกาลูกลื่น หมึกแดง,,ด้าม
,,สาทร ชั้น 1,product_MSC-BL,ปากกาลูกลื่น หมึกน้ำเงิน,,ด้าม
,,สาทร ชั้น 1,product_MSF,ไม้บรรทัด,,อัน
,,สาทร ชั้น 1,product_MSG,ยางลบ,,อัน
,,สาทร ชั้น 1,__export__.product_product_6887,แฟ้มสั่งทำ,,เล่ม
,,สาทร ชั้น 1,product_MSI-010,สีฝุ่น สีดำ,,โหล
,,สาทร ชั้น 1,product_MSI-012,สีฝุ่น สีทอง,,โหล
,,สาทร ชั้น 1,product_MSI-007,สีฝุ่น สีฟ้า,,โหล
,,สาทร ชั้น 1,product_MSI-006,สีฝุ่น สีแดง,,โหล
,,สาทร ชั้น 1,product_MSI-004,สีฝุ่น สีชมพู,,โหล
,,สาทร ชั้น 1,product_MSI-011,สีฝุ่น สีเงิน,,โหล
,,สาทร ชั้น 1,product_MSI-002,สีฝุ่น สีน้ำตาล,,โหล
,,สาทร ชั้น 1,product_MSI-003,สีฝุ่น สีส้มแก่,,โหล
,,สาทร ชั้น 1,product_MSI-005,สีฝุ่น สีเงินสด,,โหล
,,สาทร ชั้น 1,product_MSI-001,สีฝุ่น สีน้ำเงิน,,โหล
,,สาทร ชั้น 1,product_MSI-008,สีฝุ่น สีเขียวแก่,,โหล
,,สาทร ชั้น 1,product_MSI-009,สีฝุ่น สีเหลืองสด,,โหล
