id,name,product_main_code,pieces_per_uom,active,sale_ok,purchase_ok,type,procure_method,supply_method,list_price,cost_method,standard_price,categ_id,uom_id,uom_po_id,valuation
rawmat_WF-50-23_5*33-BU-B,กระดาษปอนด์ 50แกรม(B) 23.5x33 นิ้ว บูรพา,WF-50-23.5*33-BU-B,500,TRUE,FALSE,TRUE,Stockable Product,Make to Stock,Buy,,Standard Price,,กระดาษปอนด์ (rm),รีม,รีม,Real Time (automated)
rawmat_WF-50-25*31-BU-B,กระดาษปอนด์ 50แกรม(B) 25x31 นิ้ว บูรพา,WF-50-25*31-BU-B,500,TRUE,FALSE,TRUE,Stockable Product,Make to Stock,Buy,,Standard Price,,กระดาษปอนด์ (rm),รีม,รีม,Real Time (automated)
rawmat_WF-50-28*40-BU-B,กระดาษปอนด์ 50แกรม(B) 28x40 นิ้ว บูรพา,WF-50-28*40-BU-B,500,TRUE,FALSE,TRUE,Stockable Product,Make to Stock,Buy,,Standard Price,,กระดาษปอนด์ (rm),รีม,รีม,Real Time (automated)
rawmat_WF-50-26*33-BU-B,กระดาษปอนด์ 50แกรม(B) 26*33 นิ้ว บูรพา,WF-50-26*33-BU-B,500,TRUE,FALSE,TRUE,Stockable Product,Make to Stock,Buy,,Standard Price,,กระดาษปอนด์ (rm),รีม,รีม,Real Time (automated)
rawmat_WF-50-31*43-BU-B,กระดาษปอนด์ 50แกรม(B) 31*43 นิ้ว บูรพา,WF-50-31*43-BU-B,500,TRUE,FALSE,TRUE,Stockable Product,Make to Stock,Buy,,Standard Price,,กระดาษปอนด์ (rm),รีม,รีม,Real Time (automated)
rawmat_WF-55-25*31-BU-B,กระดาษปอนด์ 55แกรม(B) 25*31 นิ้ว บูรพา,WF-55-25*31-BU-B,500,TRUE,FALSE,TRUE,Stockable Product,Make to Stock,Buy,,Standard Price,,กระดาษปอนด์ (rm),รีม,รีม,Real Time (automated)
rawmat_WF-55-26*33-BU-B,กระดาษปอนด์ 55แกรม(B) 26*33 นิ้ว บูรพา,WF-55-26*33-BU-B,500,TRUE,FALSE,TRUE,Stockable Product,Make to Stock,Buy,,Standard Price,,กระดาษปอนด์ (rm),รีม,รีม,Real Time (automated)
rawmat_WF-55-30*40-BU-B,กระดาษปอนด์ 55แกรม(B) 30*40 นิ้ว บูรพา,WF-55-30*40-BU-B,500,TRUE,FALSE,TRUE,Stockable Product,Make to Stock,Buy,,Standard Price,,กระดาษปอนด์ (rm),รีม,รีม,Real Time (automated)
rawmat_WF-60-24*34-SCG,กระดาษปอนด์ 60แกรม 24x34 นิ้ว SCG,WF-60-24*34-SCG,500,TRUE,FALSE,TRUE,Stockable Product,Make to Stock,Buy,,Standard Price,,กระดาษปอนด์ (rm),รีม,รีม,Real Time (automated)
rawmat_WF-60-24*35-SCG,กระดาษปอนด์ 60แกรม 24x35 นิ้ว SCG,WF-60-24*35-SCG,500,TRUE,FALSE,TRUE,Stockable Product,Make to Stock,Buy,,Standard Price,,กระดาษปอนด์ (rm),รีม,รีม,Real Time (automated)
rawmat_WF-60-24*35-AA,กระดาษปอนด์ 60แกรม 24x35 นิ้ว AA,WF-60-24*35-AA,500,TRUE,FALSE,TRUE,Stockable Product,Make to Stock,Buy,,Standard Price,,กระดาษปอนด์ (rm),รีม,รีม,Real Time (automated)
rawmat_WF-60-26_5*38_5-SCG,กระดาษปอนด์ 60แกรม 26.5x38.5 นิ้ว SCG,WF-60-26.5*38.5-SCG,500,TRUE,FALSE,TRUE,Stockable Product,Make to Stock,Buy,,Standard Price,,กระดาษปอนด์ (rm),รีม,รีม,Real Time (automated)
rawmat_WF-60-27*38_5-SCG,กระดาษปอนด์ 60แกรม 27x38.5 นิ้ว SCG,WF-60-27*38.5-SCG,500,TRUE,FALSE,TRUE,Stockable Product,Make to Stock,Buy,,Standard Price,,กระดาษปอนด์ (rm),รีม,รีม,Real Time (automated)
rawmat_WF-60-27*34*SCG,กระดาษปอนด์ 60แกรม 27x34 นิ้ว SCG,WF-60-27*34*SCG,500,TRUE,FALSE,TRUE,Stockable Product,Make to Stock,Buy,,Standard Price,,กระดาษปอนด์ (rm),รีม,รีม,Real Time (automated)
rawmat_WF-60-28_5*38_5-SCG,กระดาษปอนด์ 60แกรม 28.5x38.5 นิ้ว SCG,WF-60-28.5*38.5-SCG,500,TRUE,FALSE,TRUE,Stockable Product,Make to Stock,Buy,,Standard Price,,กระดาษปอนด์ (rm),รีม,รีม,Real Time (automated)
rawmat_WF-60-31*43-SCG,กระดาษปอนด์ 60แกรม 31*43 นิ้ว SCG,WF-60-31*43-SCG,500,TRUE,FALSE,TRUE,Stockable Product,Make to Stock,Buy,,Standard Price,,กระดาษปอนด์ (rm),รีม,รีม,Real Time (automated)
rawmat_WF-60-31*43-AA,กระดาษปอนด์ 60แกรม 31*43 นิ้ว AA,WF-60-31*43-AA,500,TRUE,FALSE,TRUE,Stockable Product,Make to Stock,Buy,,Standard Price,,กระดาษปอนด์ (rm),รีม,รีม,Real Time (automated)
rawmat_WF-70-24*35-AA,กระดาษปอนด์ 70แกรม 24*35 นิ้ว AA,WF-70-24*35-AA,500,TRUE,FALSE,TRUE,Stockable Product,Make to Stock,Buy,,Standard Price,,กระดาษปอนด์ (rm),รีม,รีม,Real Time (automated)
rawmat_WF-70-24*35-SCG,กระดาษปอนด์ 70แกรม 24*35 นิ้ว SCG,WF-70-24*35-SCG,500,TRUE,FALSE,TRUE,Stockable Product,Make to Stock,Buy,,Standard Price,,กระดาษปอนด์ (rm),รีม,รีม,Real Time (automated)
rawmat_WF-70-24*34-SCG,กระดาษปอนด์ 70แกรม 24*34 นิ้ว SCG,WF-70-24*34-SCG,500,TRUE,FALSE,TRUE,Stockable Product,Make to Stock,Buy,,Standard Price,,กระดาษปอนด์ (rm),รีม,รีม,Real Time (automated)
rawmat_WF-70-26*33-SCG,กระดาษปอนด์ 70แกรม 26*33 นิ้ว SCG,WF-70-26*33-SCG,500,TRUE,FALSE,TRUE,Stockable Product,Make to Stock,Buy,,Standard Price,,กระดาษปอนด์ (rm),รีม,รีม,Real Time (automated)
rawmat_WF-26_5*38_5-AA,กระดาษปอนด์ 70แกรม 26.5*38.5 นิ้ว AA,WF-26.5*38.5-AA,500,TRUE,FALSE,TRUE,Stockable Product,Make to Stock,Buy,,Standard Price,,กระดาษปอนด์ (rm),รีม,รีม,Real Time (automated)
rawmat_WF-26_5*38_5-SCG,กระดาษปอนด์ 70แกรม 26.5*38.5 นิ้ว SCG,WF-26.5*38.5-SCG,500,TRUE,FALSE,TRUE,Stockable Product,Make to Stock,Buy,,Standard Price,,กระดาษปอนด์ (rm),รีม,รีม,Real Time (automated)
rawmat_WF-70-27*34-SCG,กระดาษปอนด์ 70แกรม 27*34 นิ้ว SCG,WF-70-27*34-SCG,500,TRUE,FALSE,TRUE,Stockable Product,Make to Stock,Buy,,Standard Price,,กระดาษปอนด์ (rm),รีม,รีม,Real Time (automated)
rawmat_WF-70-27*34-AA,กระดาษปอนด์ 70แกรม 27*34 นิ้ว AA,WF-70-27*34-AA,500,TRUE,FALSE,TRUE,Stockable Product,Make to Stock,Buy,,Standard Price,,กระดาษปอนด์ (rm),รีม,รีม,Real Time (automated)
rawmat_WF-70-28*40-SCG,กระดาษปอนด์ 70แกรม 28*40 นิ้ว SCG,WF-70-28*40-SCG,500,TRUE,FALSE,TRUE,Stockable Product,Make to Stock,Buy,,Standard Price,,กระดาษปอนด์ (rm),รีม,รีม,Real Time (automated)
rawmat_WF-70-31*43-SCG,กระดาษปอนด์ 70แกรม 31*43 นิ้ว SCG,WF-70-31*43-SCG,500,TRUE,FALSE,TRUE,Stockable Product,Make to Stock,Buy,,Standard Price,,กระดาษปอนด์ (rm),รีม,รีม,Real Time (automated)
rawmat_WF-60-24*35-SCG,กระดาษปอนด์ 80แกรม 24*35 นิ้ว SCG,WF-60-24*35-SCG,500,TRUE,FALSE,TRUE,Stockable Product,Make to Stock,Buy,,Standard Price,,กระดาษปอนด์ (rm),รีม,รีม,Real Time (automated)
rawmat_WF-80-27*34-BU,กระดาษปอนด์ 80แกรม 27*34 นิ้ว บูรพา,WF-80-27*34-BU,500,TRUE,FALSE,TRUE,Stockable Product,Make to Stock,Buy,,Standard Price,,กระดาษปอนด์ (rm),รีม,รีม,Real Time (automated)
rawmat_WF-80-31*43-SCG,กระดาษปอนด์ 80แกรม 31*43 นิ้ว SCG,WF-80-31*43-SCG,250,TRUE,FALSE,TRUE,Stockable Product,Make to Stock,Buy,,Standard Price,,กระดาษปอนด์ (rm),รีม,รีม,Real Time (automated)
rawmat_WF-100-24*35-AA,กระดาษปอนด์ 100แกรม 24*35 นิ้ว AA,WF-100-24*35-AA,250,TRUE,FALSE,TRUE,Stockable Product,Make to Stock,Buy,,Standard Price,,กระดาษปอนด์ (rm),รีม,รีม,Real Time (automated)
rawmat_WF-100-24*35-SCG,กระดาษปอนด์ 100แกรม 24*35 นิ้ว SCG,WF-100-24*35-SCG,250,TRUE,FALSE,TRUE,Stockable Product,Make to Stock,Buy,,Standard Price,,กระดาษปอนด์ (rm),รีม,รีม,Real Time (automated)
rawmat_WF-100-24_5*39-SCG,กระดาษปอนด์ 100แกรม 24.5*39 นิ้ว SCG,WF-100-24.5*39-SCG,500,TRUE,FALSE,TRUE,Stockable Product,Make to Stock,Buy,,Standard Price,,กระดาษปอนด์ (rm),รีม,รีม,Real Time (automated)
rawmat_WF-100-26*33-SCG,กระดาษปอนด์ 100แกรม 26*33 นิ้ว SCG,WF-100-26*33-SCG,500,TRUE,FALSE,TRUE,Stockable Product,Make to Stock,Buy,,Standard Price,,กระดาษปอนด์ (rm),รีม,รีม,Real Time (automated)
rawmat_WF-100-27*34-SCG,กระดาษปอนด์ 100แกรม 27*34 นิ้ว SCG,WF-100-27*34-SCG,500,TRUE,FALSE,TRUE,Stockable Product,Make to Stock,Buy,,Standard Price,,กระดาษปอนด์ (rm),รีม,รีม,Real Time (automated)
rawmat_WF-100-28*40-SCG,กระดาษปอนด์ 100แกรม 28*40 นิ้ว SCG,WF-100-28*40-SCG,250,TRUE,FALSE,TRUE,Stockable Product,Make to Stock,Buy,,Standard Price,,กระดาษปอนด์ (rm),รีม,รีม,Real Time (automated)
rawmat_WF-100-28*40-INDO,กระดาษปอนด์ 100แกรม 28*40 นิ้ว INDO,WF-100-28*40-INDO,250,TRUE,FALSE,TRUE,Stockable Product,Make to Stock,Buy,,Standard Price,,กระดาษปอนด์ (rm),รีม,รีม,Real Time (automated)
rawmat_WF-100-31*43-SCG,กระดาษปอนด์ 100แกรม 31*43 นิ้ว SCG,WF-100-31*43-SCG,250,TRUE,FALSE,TRUE,Stockable Product,Make to Stock,Buy,,Standard Price,,กระดาษปอนด์ (rm),รีม,รีม,Real Time (automated)
rawmat_WF-120-24*35-SCG,กระดาษปอนด์ 120แกรม 24*35 นิ้ว SCG,WF-120-24*35-SCG,250,TRUE,FALSE,TRUE,Stockable Product,Make to Stock,Buy,,Standard Price,,กระดาษปอนด์ (rm),รีม,รีม,Real Time (automated)
rawmat_WF-120-31*43-SCG,กระดาษปอนด์ 120แกรม 31*43 นิ้ว SCG,WF-120-31*43-SCG,250,TRUE,FALSE,TRUE,Stockable Product,Make to Stock,Buy,,Standard Price,,กระดาษปอนด์ (rm),รีม,รีม,Real Time (automated)
rawmat_NPR-70-31*43-SCG,กระดาษโน๊ตโปร 70แกรม 31*43 นิ้ว SCG,NPR-70-31*43-SCG,500,TRUE,FALSE,TRUE,Stockable Product,Make to Stock,Buy,,Standard Price,,กระดาษโน๊ตโปร (rm),รีม,รีม,Real Time (automated)
rawmat_NPR-80-20*25-SCG,กระดาษโน๊ตโปร 80แกรม 20*25 นิ้ว SCG,NPR-80-20*25-SCG,,TRUE,FALSE,TRUE,Stockable Product,Make to Stock,Buy,,Standard Price,,กระดาษโน๊ตโปร (rm),แผ่น,แผ่น,Real Time (automated)
rawmat_GC-110-31*43-SCG,ดราฟท์เขียว 110แกรม 31*43 นิ้ว SCG,GC-110-31*43-SCG,250,TRUE,FALSE,TRUE,Stockable Product,Make to Stock,Buy,,Standard Price,,ดราฟท์เขียว (rm),รีม,รีม,Real Time (automated)
rawmat_GC-110-19*34-SCG,ดราฟท์เขียว 110แกรม 19*34 นิ้ว SCG,GC-110-19*34-SCG,250,TRUE,FALSE,TRUE,Stockable Product,Make to Stock,Buy,,Standard Price,,ดราฟท์เขียว (rm),รีม,รีม,Real Time (automated)
rawmat_GC-110-34*40_5-SCG,ดราฟท์เขียว 110แกรม 34*40.5 นิ้ว SCG,GC-110-34*40.5-SCG,250,TRUE,FALSE,TRUE,Stockable Product,Make to Stock,Buy,,Standard Price,,ดราฟท์เขียว (rm),รีม,รีม,Real Time (automated)
rawmat_GR-65-24*35-SCG,กระดาษถนอมสายตา 65แกรม 24*35 นิ้ว SCG,GR-65-24*35-SCG,500,TRUE,FALSE,TRUE,Stockable Product,Make to Stock,Buy,,Standard Price,,กระดาษถนอมสายตา (rm),รีม,รีม,Real Time (automated)
rawmat_GR-65-31*43-SCG,กระดาษถนอมสายตา 65แกรม 31*43 นิ้ว SCG,GR-65-31*43-SCG,500,TRUE,FALSE,TRUE,Stockable Product,Make to Stock,Buy,,Standard Price,,กระดาษถนอมสายตา (rm),รีม,รีม,Real Time (automated)
rawmat_GR-75-24*35-SCG,กระดาษถนอมสายตา 75แกรม 24*35 นิ้ว SCG,GR-75-24*35-SCG,500,TRUE,FALSE,TRUE,Stockable Product,Make to Stock,Buy,,Standard Price,,กระดาษถนอมสายตา (rm),รีม,รีม,Real Time (automated)
rawmat_GR-75-31*43-SCG,กระดาษถนอมสายตา 75แกรม 31*43 นิ้ว SCG,GR-75-31*43-SCG,500,TRUE,FALSE,TRUE,Stockable Product,Make to Stock,Buy,,Standard Price,,กระดาษถนอมสายตา (rm),รีม,รีม,Real Time (automated)
rawmat_GB-8A-27*31-RT,กระดาษแข็ง เบอร์8 A 27*31 นิ้ว เหรียญไทย,GB-8A-27*31-RT,110,TRUE,FALSE,TRUE,Stockable Product,Make to Stock,Buy,,Standard Price,,กระดาษแข็ง (rm),รีม,รีม,Real Time (automated)
rawmat_GB-10A-27*31-RT,กระดาษแข็ง เบอร์10 A 27*31 นิ้ว เหรียญไทย,GB-10A-27*31-RT,90,TRUE,FALSE,TRUE,Stockable Product,Make to Stock,Buy,,Standard Price,,กระดาษแข็ง (rm),รีม,รีม,Real Time (automated)
rawmat_GB-12A-41*20_5-BU,กระดาษแข็ง เบอร์12 A 41*20.5 นิ้ว บูรพา,GB-12A-41*20.5-BU,40,TRUE,FALSE,TRUE,Stockable Product,Make to Stock,Buy,,Standard Price,,กระดาษแข็ง (rm),รีม,รีม,Real Time (automated)
rawmat_GB-12A-33_5*46_5-BU,กระดาษแข็ง เบอร์12 A 33.5*46.5 นิ้ว บูรพา,GB-12A-33.5*46.5-BU,40,TRUE,FALSE,TRUE,Stockable Product,Make to Stock,Buy,,Standard Price,,กระดาษแข็ง (rm),รีม,รีม,Real Time (automated)
rawmat_GB-12A-27*31-RT,กระดาษแข็ง เบอร์12 A 27*31 นิ้ว เหรียญไทย,GB-12A-27*31-RT,75,TRUE,FALSE,TRUE,Stockable Product,Make to Stock,Buy,,Standard Price,,กระดาษแข็ง (rm),รีม,รีม,Real Time (automated)
rawmat_GB-16A-25*34-BU,กระดาษแข็ง เบอร์16 A 25*34 นิ้ว บูรพา,GB-16A-25*34-BU,56,TRUE,FALSE,TRUE,Stockable Product,Make to Stock,Buy,,Standard Price,,กระดาษแข็ง (rm),รีม,รีม,Real Time (automated)
rawmat_GB-16A-27*31-RT,กระดาษแข็ง เบอร์16 A 27*31 นิ้ว เหรียญไทย,GB-16A-27*31-RT,57,TRUE,FALSE,TRUE,Stockable Product,Make to Stock,Buy,,Standard Price,,กระดาษแข็ง (rm),รีม,รีม,Real Time (automated)
rawmat_GB-20A-27*31-RT,กระดาษแข็ง เบอร์20 A 27*31 นิ้ว เหรียญไทย,GB-20A-27*31-RT,45,TRUE,FALSE,TRUE,Stockable Product,Make to Stock,Buy,,Standard Price,,กระดาษแข็ง (rm),รีม,รีม,Real Time (automated)
rawmat_GB-20A-25-34-BU,กระดาษแข็ง เบอร์20 A 25*34 นิ้ว บูรพา,GB-20A-25-34-BU,45,TRUE,FALSE,TRUE,Stockable Product,Make to Stock,Buy,,Standard Price,,กระดาษแข็ง (rm),รีม,รีม,Real Time (automated)
rawmat_GB-24A-27*31-RT,กระดาษแข็ง เบอร์24 A 27*31 นิ้ว เหรียญไทย,GB-24A-27*31-RT,37,TRUE,FALSE,TRUE,Stockable Product,Make to Stock,Buy,,Standard Price,,กระดาษแข็ง (rm),รีม,รีม,Real Time (automated)
rawmat_GB-28A-27*31-RT,กระดาษแข็ง เบอร์28 A 27*31 นิ้ว เหรียญไทย,GB-28A-27*31-RT,32,TRUE,FALSE,TRUE,Stockable Product,Make to Stock,Buy,,Standard Price,,กระดาษแข็ง (rm),รีม,รีม,Real Time (automated)
rawmat_GB-32A-27*31-RT,กระดาษแข็ง เบอร์32 A 27*31 นิ้ว เหรียญไทย,GB-32A-27*31-RT,28,TRUE,FALSE,TRUE,Stockable Product,Make to Stock,Buy,,Standard Price,,กระดาษแข็ง (rm),รีม,รีม,Real Time (automated)
rawmat_GB-8B-27*31-KPB,กระดาษแข็ง เบอร์8 B 27*31 นิ้ว กิจไพบูลย์,GB-8B-27*31-KPB,112,TRUE,FALSE,TRUE,Stockable Product,Make to Stock,Buy,,Standard Price,,กระดาษแข็ง (rm),รีม,รีม,Real Time (automated)
rawmat_GB-8B-31*43-KPB,กระดาษแข็ง เบอร์8 B 31*43 นิ้ว กิจไพบูลย์,GB-8B-31*43-KPB,70,TRUE,FALSE,TRUE,Stockable Product,Make to Stock,Buy,,Standard Price,,กระดาษแข็ง (rm),รีม,รีม,Real Time (automated)
rawmat_GB-10B-27*31-KPB,กระดาษแข็ง เบอร์10 B 27*31 นิ้ว กิจไพบูลย์,GB-10B-27*31-KPB,89,TRUE,FALSE,TRUE,Stockable Product,Make to Stock,Buy,,Standard Price,,กระดาษแข็ง (rm),รีม,รีม,Real Time (automated)
rawmat_GB-12B-24*34-KPB,กระดาษแข็ง เบอร์12 B 24*34 นิ้ว กิจไพบูลย์,GB-12B-24*34-KPB,81,TRUE,FALSE,TRUE,Stockable Product,Make to Stock,Buy,,Standard Price,,กระดาษแข็ง (rm),รีม,รีม,Real Time (automated)
rawmat_GB-12B-27*31-KPB,กระดาษแข็ง เบอร์12 B 27*31 นิ้ว กิจไพบูลย์,GB-12B-27*31-KPB,81,TRUE,FALSE,TRUE,Stockable Product,Make to Stock,Buy,,Standard Price,,กระดาษแข็ง (rm),รีม,รีม,Real Time (automated)
rawmat_GB-16B-21*31-KPB,กระดาษแข็ง เบอร์16 B 21*31 นิ้ว กิจไพบูลย์,GB-16B-21*31-KPB,75,TRUE,FALSE,TRUE,Stockable Product,Make to Stock,Buy,,Standard Price,,กระดาษแข็ง (rm),รีม,รีม,Real Time (automated)
rawmat_GB-16B-22_5*31-KPB,กระดาษแข็ง เบอร์16 B 22.5*31 นิ้ว กิจไพบูลย์,GB-16B-22.5*31-KPB,70,TRUE,FALSE,TRUE,Stockable Product,Make to Stock,Buy,,Standard Price,,กระดาษแข็ง (rm),รีม,รีม,Real Time (automated)
rawmat_GB-16B-27*31-KPB,กระดาษแข็ง เบอร์16 B 27*31 นิ้ว กิจไพบูลย์,GB-16B-27*31-KPB,57,TRUE,FALSE,TRUE,Stockable Product,Make to Stock,Buy,,Standard Price,,กระดาษแข็ง (rm),รีม,รีม,Real Time (automated)
rawmat_GB-16B-24*34-KPB,กระดาษแข็ง เบอร์16 B 24*34 นิ้ว กิจไพบูลย์,GB-16B-24*34-KPB,55,TRUE,FALSE,TRUE,Stockable Product,Make to Stock,Buy,,Standard Price,,กระดาษแข็ง (rm),รีม,รีม,Real Time (automated)
rawmat_GB-16B-24*35-KPB,กระดาษแข็ง เบอร์16 B 24*35 นิ้ว กิจไพบูลย์,GB-16B-24*35-KPB,55,TRUE,FALSE,TRUE,Stockable Product,Make to Stock,Buy,,Standard Price,,กระดาษแข็ง (rm),รีม,รีม,Real Time (automated)
rawmat_GB-16B-26_5*32_5-KPB,กระดาษแข็ง เบอร์16 B 26.5*32.5 นิ้ว กิจไพบูลย์,GB-16B-26.5*32.5-KPB,58,TRUE,FALSE,TRUE,Stockable Product,Make to Stock,Buy,,Standard Price,,กระดาษแข็ง (rm),รีม,รีม,Real Time (automated)
rawmat_GB-16B-31_5*34-KPB,กระดาษแข็ง เบอร์16 B 31.5*34 นิ้ว กิจไพบูลย์,GB-16B-31.5*34-KPB,58,TRUE,FALSE,TRUE,Stockable Product,Make to Stock,Buy,,Standard Price,,กระดาษแข็ง (rm),รีม,รีม,Real Time (automated)
rawmat_GB-16B-31*43-KPB,กระดาษแข็ง เบอร์16 B 31*43 นิ้ว กิจไพบูลย์,GB-16B-31*43-KPB,35,TRUE,FALSE,TRUE,Stockable Product,Make to Stock,Buy,,Standard Price,,กระดาษแข็ง (rm),รีม,รีม,Real Time (automated)
rawmat_GB-20B-27*31-KPB,กระดาษแข็ง เบอร์20 B 27*31 นิ้ว กิจไพบูลย์,GB-20B-27*31-KPB,45,TRUE,FALSE,TRUE,Stockable Product,Make to Stock,Buy,,Standard Price,,กระดาษแข็ง (rm),รีม,รีม,Real Time (automated)
rawmat_GB-20B-26_5*32_5-KPB,กระดาษแข็ง เบอร์20 B 26.5*32.5 นิ้ว กิจไพบูลย์,GB-20B-26.5*32.5-KPB,45,TRUE,FALSE,TRUE,Stockable Product,Make to Stock,Buy,,Standard Price,,กระดาษแข็ง (rm),รีม,รีม,Real Time (automated)
rawmat_GB-20B-30*32-KPB,กระดาษแข็ง เบอร์20 B 30*32 นิ้ว กิจไพบูลย์,GB-20B-30*32-KPB,45,TRUE,FALSE,TRUE,Stockable Product,Make to Stock,Buy,,Standard Price,,กระดาษแข็ง (rm),รีม,รีม,Real Time (automated)
rawmat_NP-49-24*25-SHIN,กระดาษปรุ๊ฟขาว 49แกรม 24*35 นิ้ว ชินโฮ,NP-49-24*25-SHIN,500,TRUE,FALSE,TRUE,Stockable Product,Make to Stock,Buy,,Standard Price,,กระดาษปรุ๊ฟขาว (rm),รีม,รีม,Real Time (automated)
rawmat_NP-50-31*43-PM,กระดาษปรุ๊ฟขาว 50แกรม 31*43 นิ้ว พรีเมียม,NP-50-31*43-PM,500,TRUE,FALSE,TRUE,Stockable Product,Make to Stock,Buy,,Standard Price,,กระดาษปรุ๊ฟขาว (rm),รีม,รีม,Real Time (automated)
rawmat_CR-110-35*47-KT,กระดาษน้ำตาล 110แกรม 35*47นิ้ว กรุงไทย,CR-110-35*47-KT,125,TRUE,FALSE,TRUE,Stockable Product,Make to Stock,Buy,,Standard Price,,กระดาษน้ำตาล (rm),รีม,รีม,Real Time (automated)
rawmat_ST-106*70-C_A_S_,สติกเกอร์ขาวเงา 106*70 ซม. C.A.S.,ST-106*70-C.A.S.,100,TRUE,FALSE,TRUE,Stockable Product,Make to Stock,Buy,,Standard Price,,สติกเกอร์ (rm),แผ่น,แผ่น,Real Time (automated)
rawmat_DP-80-31*43-SS,กระดาษวาดเขียน 80แกรม 31*43 นิ้ว ศิริศักดิ์ ,DP-80-31*43-SS,500,TRUE,FALSE,TRUE,Stockable Product,Make to Stock,Buy,,Standard Price,,กระดาษวาดเขียน (rm),รีม,รีม,Real Time (automated)
rawmat_DP-90-25_5*42-SS,กระดาษวาดเขียน 90แกรม 25.5*42 นิ้ว ศิริศักดิ์ ,DP-90-25.5*42-SS,250,TRUE,FALSE,TRUE,Stockable Product,Make to Stock,Buy,,Standard Price,,กระดาษวาดเขียน (rm),รีม,รีม,Real Time (automated)
rawmat_DP-90-31*43-SS,กระดาษวาดเขียน 90แกรม 31*43 นิ้ว ศิริศักดิ์ ,DP-90-31*43-SS,250,TRUE,FALSE,TRUE,Stockable Product,Make to Stock,Buy,,Standard Price,,กระดาษวาดเขียน (rm),รีม,รีม,Real Time (automated)
rawmat_DP-120-31*43-SS,กระดาษวาดเขียน 120แกรม 31*43 นิ้ว ศิริศักดิ์ ,DP-120-31*43-SS,250,TRUE,FALSE,TRUE,Stockable Product,Make to Stock,Buy,,Standard Price,,กระดาษวาดเขียน (rm),รีม,รีม,Real Time (automated)
rawmat_DP-150-31*43-SS,กระดาษวาดเขียน 150แกรม 31*43 นิ้ว ศิริศักดิ์ ,DP-150-31*43-SS,250,TRUE,FALSE,TRUE,Stockable Product,Make to Stock,Buy,,Standard Price,,กระดาษวาดเขียน (rm),รีม,รีม,Real Time (automated)
rawmat_GW-230-31*43-TP,กระดาษกล่องเทาขาว 230แกรม 31*43 นิ้ว เทพพัฒนา,GW-230-31*43-TP,100,TRUE,FALSE,TRUE,Stockable Product,Make to Stock,Buy,,Standard Price,,กระดาษกล่องเทาขาว (rm),รีม,รีม,Real Time (automated)
rawmat_GW-250-31*43-TP,กระดาษกล่องเทาขาว 250แกรม 31*43 นิ้ว เทพพัฒนา,GW-250-31*43-TP,100,TRUE,FALSE,TRUE,Stockable Product,Make to Stock,Buy,,Standard Price,,กระดาษกล่องเทาขาว (rm),รีม,รีม,Real Time (automated)
rawmat_GW-270-31*43-TP,กระดาษกล่องเทาขาว 270แกรม 31*43 นิ้ว เทพพัฒนา,GW-270-31*43-TP,100,TRUE,FALSE,TRUE,Stockable Product,Make to Stock,Buy,,Standard Price,,กระดาษกล่องเทาขาว (rm),รีม,รีม,Real Time (automated)
rawmat_GW-310-31*43-TP,กระดาษกล่องเทาขาว 310แกรม 31*43 นิ้ว เทพพัฒนา,GW-310-31*43-TP,100,TRUE,FALSE,TRUE,Stockable Product,Make to Stock,Buy,,Standard Price,,กระดาษกล่องเทาขาว (rm),รีม,รีม,Real Time (automated)
rawmat_GW-350-31*43-TP,กระดาษกล่องเทาขาว 350แกรม 31*43 นิ้ว เทพพัฒนา,GW-350-31*43-TP,50,TRUE,FALSE,TRUE,Stockable Product,Make to Stock,Buy,,Standard Price,,กระดาษกล่องเทาขาว (rm),รีม,รีม,Real Time (automated)
rawmat_GW-400-31*43-TP,กระดาษกล่องเทาขาว 400แกรม 31*43 นิ้ว เทพพัฒนา,GW-400-31*43-TP,50,TRUE,FALSE,TRUE,Stockable Product,Make to Stock,Buy,,Standard Price,,กระดาษกล่องเทาขาว (rm),รีม,รีม,Real Time (automated)
rawmat_GW-450-31*43-TP,กระดาษกล่องเทาขาว 450แกรม 31*43 นิ้ว เทพพัฒนา,GW-450-31*43-TP,50,TRUE,FALSE,TRUE,Stockable Product,Make to Stock,Buy,,Standard Price,,กระดาษกล่องเทาขาว (rm),รีม,รีม,Real Time (automated)
rawmat_GW-500-31*43-TP,กระดาษกล่องเทาขาว 500แกรม 31*43 นิ้ว เทพพัฒนา,GW-500-31*43-TP,50,TRUE,FALSE,TRUE,Stockable Product,Make to Stock,Buy,,Standard Price,,กระดาษกล่องเทาขาว (rm),รีม,รีม,Real Time (automated)
rawmat_GBW-250-31*43-TP,กล่องแป้งหลังเทา 250แกรม 31*43 นิ้ว เทพพัฒนา,GBW-250-31*43-TP,100,TRUE,FALSE,TRUE,Stockable Product,Make to Stock,Buy,,Standard Price,,กล่องแป้งหลังเทา (rm),รีม,รีม,Real Time (automated)
rawmat_GBW-270-37*36-TP,กล่องแป้งหลังเทา 270แกรม 37*36 นิ้ว เทพพัฒนา,GBW-270-37*36-TP,100,TRUE,FALSE,TRUE,Stockable Product,Make to Stock,Buy,,Standard Price,,กล่องแป้งหลังเทา (rm),รีม,รีม,Real Time (automated)
rawmat_GBW-270-31*43-RT,กล่องแป้งหลังเทา 270แกรม 31*43 นิ้ว เหรียญไทย,GBW-270-31*43-RT,100,TRUE,FALSE,TRUE,Stockable Product,Make to Stock,Buy,,Standard Price,,กล่องแป้งหลังเทา (rm),รีม,รีม,Real Time (automated)
rawmat_GBW-310-31*43-C_A_S_,กล่องแป้งหลังเทา 310 แกรม 31*43 นิ้ว C.A.S.,GBW-310-31*43-C.A.S.,100,TRUE,FALSE,TRUE,Stockable Product,Make to Stock,Buy,,Standard Price,,กล่องแป้งหลังเทา (rm),รีม,รีม,Real Time (automated)
rawmat_GBW-350-31*43-C_A_S_,กล่องแป้งหลังเทา 350แกรม 31*43 นิ้ว C.A.S.,GBW-350-31*43-C.A.S.,100,TRUE,FALSE,TRUE,Stockable Product,Make to Stock,Buy,,Standard Price,,กล่องแป้งหลังเทา (rm),รีม,รีม,Real Time (automated)
rawmat_GBW-450-31*43-TCB,กล่องแป้งหลังเทา 450แกรม 31*43 นิ้ว TCB,GBW-450-31*43-TCB,50,TRUE,FALSE,TRUE,Stockable Product,Make to Stock,Buy,,Standard Price,,กล่องแป้งหลังเทา (rm),รีม,รีม,Real Time (automated)
rawmat_GBW-500-31*43-C_A_S_,กล่องแป้งหลังเทา 500แกรม 31*43 นิ้ว C.A.S.,GBW-500-31*43-C.A.S.,50,TRUE,FALSE,TRUE,Stockable Product,Make to Stock,Buy,,Standard Price,,กล่องแป้งหลังเทา (rm),รีม,รีม,Real Time (automated)
rawmat_WB-210-27_5*39-INDO,กล่องแป้งหลังขาว 210แกรม 27.5*39 นิ้ว INDO,WB-210-27.5*39-INDO,200,TRUE,FALSE,TRUE,Stockable Product,Make to Stock,Buy,,Standard Price,,กล่องแป้งหลังขาว (rm),รีม,รีม,Real Time (automated)
rawmat_WB-310-27_5*39-INDO,กล่องแป้งหลังขาว 310แกรม 27.5*39 นิ้ว INDO,WB-310-27.5*39-INDO,200,TRUE,FALSE,TRUE,Stockable Product,Make to Stock,Buy,,Standard Price,,กล่องแป้งหลังขาว (rm),รีม,รีม,Real Time (automated)
rawmat_WB-500-31*43-C_A_S_,กล่องแป้งหลังขาว 500แกรม 31*43 นิ้ว C.A.S.,WB-500-31*43-C.A.S.,50,TRUE,FALSE,TRUE,Stockable Product,Make to Stock,Buy,,Standard Price,,กล่องแป้งหลังขาว (rm),รีม,รีม,Real Time (automated)
rawmat_1SAC-210-31*31_5-C_A_S_,อาร์ตการ์ด 1 หน้า 210แกรม 31*31.5 นิ้ว C.A.S.,1SAC-210-31*31.5-C.A.S.,200,TRUE,FALSE,TRUE,Stockable Product,Make to Stock,Buy,,Standard Price,,การ์ดอาร์ต 1 หน้า (rm),รีม,รีม,Real Time (automated)
rawmat_1SAC-210-31*43-C_A_S_,อาร์ตการ์ด 1 หน้า 210แกรม 31*43 นิ้ว C.A.S.,1SAC-210-31*43-C.A.S.,100,TRUE,FALSE,TRUE,Stockable Product,Make to Stock,Buy,,Standard Price,,การ์ดอาร์ต 1 หน้า (rm),รีม,รีม,Real Time (automated)
rawmat_1SAC-230-25*36-C_A_S_,อาร์ตการ์ด 1 หน้า 230แกรม 25*36 นิ้ว C.A.S.,1SAC-230-25*36-C.A.S.,100,TRUE,FALSE,TRUE,Stockable Product,Make to Stock,Buy,,Standard Price,,การ์ดอาร์ต 1 หน้า (rm),รีม,รีม,Real Time (automated)
rawmat_1SAC-350-31*43-C_A_S_,อาร์ตการ์ด 1 หน้า 230แกรม 31*43 นิ้ว C.A.S.,1SAC-350-31*43-C.A.S.,100,TRUE,FALSE,TRUE,Stockable Product,Make to Stock,Buy,,Standard Price,,การ์ดอาร์ต 1 หน้า (rm),รีม,รีม,Real Time (automated)
rawmat_1SAC-350-31*43-NB,อาร์ตการ์ด 1 หน้า 350แกรม 31*43 นิ้ว NB,1SAC-350-31*43-NB,100,TRUE,FALSE,TRUE,Stockable Product,Make to Stock,Buy,,Standard Price,,การ์ดอาร์ต 1 หน้า (rm),รีม,รีม,Real Time (automated)
rawmat_1SAC-400-25*36-BL,อาร์ตการ์ด 1 หน้า 400แกรม 25*36 นิ้ว BL,1SAC-400-25*36-BL,100,TRUE,FALSE,TRUE,Stockable Product,Make to Stock,Buy,,Standard Price,,การ์ดอาร์ต 1 หน้า (rm),รีม,รีม,Real Time (automated)
rawmat_GAP-90-31*43-SCG,อาร์ตมัน 90แกรม 31*43 นิ้ว SCG,GAP-90-31*43-SCG,250,TRUE,FALSE,TRUE,Stockable Product,Make to Stock,Buy,,Standard Price,,อาร์ตมัน (rm),รีม,รีม,Real Time (automated)
rawmat_GAP-128-31*35-C_A_S_,อาร์ตมัน 128แกรม 31*35 นิ้ว C.A.S.,GAP-128-31*35-C.A.S.,250,TRUE,FALSE,TRUE,Stockable Product,Make to Stock,Buy,,Standard Price,,อาร์ตมัน (rm),รีม,รีม,Real Time (automated)
rawmat_GAP-128-31*43-C_A_S_,อาร์ตมัน 128แกรม 31*43 นิ้ว C.A.S.,GAP-128-31*43-C.A.S.,250,TRUE,FALSE,TRUE,Stockable Product,Make to Stock,Buy,,Standard Price,,อาร์ตมัน (rm),รีม,รีม,Real Time (automated)
rawmat_GAP-130-25*36-SCG,อาร์ตมัน 130แกรม 25*36 นิ้ว SCG,GAP-130-25*36-SCG,251,TRUE,FALSE,TRUE,Stockable Product,Make to Stock,Buy,,Standard Price,,อาร์ตมัน (rm),รีม,รีม,Real Time (automated)
rawmat_GAP-130-31*43-SCG,อาร์ตมัน 130แกรม 31*43 นิ้ว SCG,GAP-130-31*43-SCG,252,TRUE,FALSE,TRUE,Stockable Product,Make to Stock,Buy,,Standard Price,,อาร์ตมัน (rm),รีม,รีม,Real Time (automated)
rawmat_GAP-160-25*36-SCG,อาร์ตมัน 160แกรม 25*36 นิ้ว SCG,GAP-160-25*36-SCG,250,TRUE,FALSE,TRUE,Stockable Product,Make to Stock,Buy,,Standard Price,,อาร์ตมัน (rm),รีม,รีม,Real Time (automated)
rawmat_GAP-160-31*43-C_A_S_,อาร์ตมัน 160แกรม 31*43 นิ้ว C.A.S.,GAP-160-31*43-C.A.S.,250,TRUE,FALSE,TRUE,Stockable Product,Make to Stock,Buy,,Standard Price,,อาร์ตมัน (rm),รีม,รีม,Real Time (automated)
rawmat_2SAC-190-25*36-SCG,อาร์ตการ์ด 2 หน้า 190แกรม 25*36 นิ้ว SCG,2SAC-190-25*36-SCG,125,TRUE,FALSE,TRUE,Stockable Product,Make to Stock,Buy,,Standard Price,,อาร์ตการ์ด 2 หน้า (rm),รีม,รีม,Real Time (automated)
rawmat_2SAC-210-25*36-SCG,อาร์ตการ์ด 2 หน้า 210แกรม 25*36 นิ้ว SCG,2SAC-210-25*36-SCG,125,TRUE,FALSE,TRUE,Stockable Product,Make to Stock,Buy,,Standard Price,,อาร์ตการ์ด 2 หน้า (rm),รีม,รีม,Real Time (automated)
rawmat_2SAC-210-31*43-SCG,อาร์ตการ์ด 2 หน้า 210แกรม 31*43 นิ้ว SCG,2SAC-210-31*43-SCG,125,TRUE,FALSE,TRUE,Stockable Product,Make to Stock,Buy,,Standard Price,,อาร์ตการ์ด 2 หน้า (rm),รีม,รีม,Real Time (automated)
rawmat_2SAC-260-25*36-SCG,อาร์ตการ์ด 2 หน้า 260แกรม 25*36 นิ้ว SCG,2SAC-260-25*36-SCG,100,TRUE,FALSE,TRUE,Stockable Product,Make to Stock,Buy,,Standard Price,,อาร์ตการ์ด 2 หน้า (rm),รีม,รีม,Real Time (automated)
rawmat_2SAC-260-31*43-C_A_S_,อาร์ตการ์ด 2 หน้า 260แกรม 31*43 นิ้ว C.A.S.,2SAC-260-31*43-C.A.S.,125,TRUE,FALSE,TRUE,Stockable Product,Make to Stock,Buy,,Standard Price,,อาร์ตการ์ด 2 หน้า (rm),รีม,รีม,Real Time (automated)
rawmat_2SAC-310-25*36-C_A_S,อาร์ตการ์ด 2 หน้า 310แกรม 25*36 นิ้ว C.A.S.,2SAC-310-25*36-C.A.S,100,TRUE,FALSE,TRUE,Stockable Product,Make to Stock,Buy,,Standard Price,,อาร์ตการ์ด 2 หน้า (rm),รีม,รีม,Real Time (automated)
rawmat_2SAC-310-31*43-MU,อาร์ตการ์ด 2 หน้า 310แกรม 31*43 นิ้ว มูริม,2SAC-310-31*43-MU,100,TRUE,FALSE,TRUE,Stockable Product,Make to Stock,Buy,,Standard Price,,อาร์ตการ์ด 2 หน้า (rm),รีม,รีม,Real Time (automated)
rawmat_2SAC-350-25*36-C_A_S_,อาร์ตการ์ด 2 หน้า 350แกรม 25*36 นิ้ว C.A.S.,2SAC-350-25*36-C.A.S.,100,TRUE,FALSE,TRUE,Stockable Product,Make to Stock,Buy,,Standard Price,,อาร์ตการ์ด 2 หน้า (rm),รีม,รีม,Real Time (automated)
rawmat_MAC-300-31*43-PPL,อาร์ตการ์ดด้าน 2 หน้า 300แกรม 31*43 นิ้ว เปเปอร์แลนด์,MAC-300-31*43-PPL,100,TRUE,FALSE,TRUE,Stockable Product,Make to Stock,Buy,,Standard Price,,อาร์ตการ์ดด้าน 2 หน้า (rm),รีม,รีม,Real Time (automated)
rawmat_CWF-110-27_5*39-ฟ้า-INDO,กระดาษการ์ดสี 110แกรม 27.5*39 นิ้ว สีฟ้า INDO,CWF-110-27.5*39-ฟ้า-INDO,250,TRUE,FALSE,TRUE,Stockable Product,Make to Stock,Buy,,Standard Price,,กระดาษการ์ดสี (rm),รีม,รีม,Real Time (automated)
rawmat_CWF-110-27_5*39-เขียว-INDO,กระดาษการ์ดสี 110แกรม 27.5*39 นิ้ว สีเขียว INDO,CWF-110-27.5*39-เขียว-INDO,250,TRUE,FALSE,TRUE,Stockable Product,Make to Stock,Buy,,Standard Price,,กระดาษการ์ดสี (rm),รีม,รีม,Real Time (automated)
rawmat_CWF-110-27_5*39-ชมพู-INDO,กระดาษการ์ดสี 110แกรม 27.5*39 นิ้ว สีชมพู INDO,CWF-110-27.5*39-ชมพู-INDO,250,TRUE,FALSE,TRUE,Stockable Product,Make to Stock,Buy,,Standard Price,,กระดาษการ์ดสี (rm),รีม,รีม,Real Time (automated)
rawmat_CWF-110-27_5*39-เหลือง-INDO,กระดาษการ์ดสี 110แกรม 27.5*39 นิ้ว สีเหลือง INDO,CWF-110-27.5*39-เหลือง-INDO,250,TRUE,FALSE,TRUE,Stockable Product,Make to Stock,Buy,,Standard Price,,กระดาษการ์ดสี (rm),รีม,รีม,Real Time (automated)
rawmat_CWF-110-31*43-ชมพู-INDO,กระดาษการ์ดสี 110แกรม 31*43 นิ้ว สีชมพู INDO,CWF-110-31*43-ชมพู-INDO,250,TRUE,FALSE,TRUE,Stockable Product,Make to Stock,Buy,,Standard Price,,กระดาษการ์ดสี (rm),รีม,รีม,Real Time (automated)
rawmat_CWF-110-31*43-เขียว-INDO,กระดาษการ์ดสี 110แกรม 31*43 นิ้ว สีเขียว INDO,CWF-110-31*43-เขียว-INDO,250,TRUE,FALSE,TRUE,Stockable Product,Make to Stock,Buy,,Standard Price,,กระดาษการ์ดสี (rm),รีม,รีม,Real Time (automated)
rawmat_CWF-110-31*43-ฟ้า-INDO,กระดาษการ์ดสี 110แกรม 31*43 นิ้ว สีฟ้า INDO,CWF-110-31*43-ฟ้า-INDO,250,TRUE,FALSE,TRUE,Stockable Product,Make to Stock,Buy,,Standard Price,,กระดาษการ์ดสี (rm),รีม,รีม,Real Time (automated)
rawmat_CWF-110-31*43-เหลือง-INDO,กระดาษการ์ดสี 110แกรม 31*43 นิ้ว สีเหลือง INDO,CWF-110-31*43-เหลือง-INDO,250,TRUE,FALSE,TRUE,Stockable Product,Make to Stock,Buy,,Standard Price,,กระดาษการ์ดสี (rm),รีม,รีม,Real Time (automated)
rawmat_CWF-110-31*43-ฟ้า-SCG,กระดาษการ์ดสี 110แกรม 31*43 นิ้ว สีฟ้า SCG,CWF-110-31*43-ฟ้า-SCG,250,TRUE,FALSE,TRUE,Stockable Product,Make to Stock,Buy,,Standard Price,,กระดาษการ์ดสี (rm),รีม,รีม,Real Time (automated)
rawmat_CWF-110-31*43-ครีม-SCG,กระดาษการ์ดสี 110แกรม 31*43 นิ้ว สีครีม SCG,CWF-110-31*43-ครีม-SCG,250,TRUE,FALSE,TRUE,Stockable Product,Make to Stock,Buy,,Standard Price,,กระดาษการ์ดสี (rm),รีม,รีม,Real Time (automated)
rawmat_CWF-110-31*43-ม่วง-SCG,กระดาษการ์ดสี 110แกรม 31*43 นิ้ว สีม่วง SCG,CWF-110-31*43-ม่วง-SCG,250,TRUE,FALSE,TRUE,Stockable Product,Make to Stock,Buy,,Standard Price,,กระดาษการ์ดสี (rm),รีม,รีม,Real Time (automated)
rawmat_CWF-110-31*43-ส้ม-SCG,กระดาษการ์ดสี 110แกรม 31*43 นิ้ว สีส้ม SCG,CWF-110-31*43-ส้ม-SCG,250,TRUE,FALSE,TRUE,Stockable Product,Make to Stock,Buy,,Standard Price,,กระดาษการ์ดสี (rm),รีม,รีม,Real Time (automated)
rawmat_CWF-120-25_5*35_5-ขาว-INDO,กระดาษการ์ดสี 120แกรม 25.5*35.5 นิ้ว สีขาว INDO,CWF-120-25.5*35.5-ขาว-INDO,250,TRUE,FALSE,TRUE,Stockable Product,Make to Stock,Buy,,Standard Price,,กระดาษการ์ดสี (rm),รีม,รีม,Real Time (automated)
rawmat_CWF-120-31*43-ขาว-SCG,กระดาษการ์ดสี 120แกรม 31*43 นิ้ว สีขาว SCG,CWF-120-31*43-ขาว-SCG,250,TRUE,FALSE,TRUE,Stockable Product,Make to Stock,Buy,,Standard Price,,กระดาษการ์ดสี (rm),รีม,รีม,Real Time (automated)
rawmat_CWF-120-31*43-ชมพู-SCG,กระดาษการ์ดสี 120แกรม 31*43 นิ้ว สีชมพู SCG,CWF-120-31*43-ชมพู-SCG,250,TRUE,FALSE,TRUE,Stockable Product,Make to Stock,Buy,,Standard Price,,กระดาษการ์ดสี (rm),รีม,รีม,Real Time (automated)
rawmat_CWF-150-31*43-ฟ้า-SCG,กระดาษการ์ดสี 150แกรม 31*43 นิ้ว สีฟ้า SCG,CWF-150-31*43-ฟ้า-SCG,125,TRUE,FALSE,TRUE,Stockable Product,Make to Stock,Buy,,Standard Price,,กระดาษการ์ดสี (rm),รีม,รีม,Real Time (automated)
rawmat_CWF-150-31*43-ชมพู-SCG,กระดาษการ์ดสี 150แกรม 31*43 นิ้ว สีชมพู SCG,CWF-150-31*43-ชมพู-SCG,125,TRUE,FALSE,TRUE,Stockable Product,Make to Stock,Buy,,Standard Price,,กระดาษการ์ดสี (rm),รีม,รีม,Real Time (automated)
rawmat_CWF-150-31*43-เหลือง-SCG,กระดาษการ์ดสี 150แกรม 31*43 นิ้ว สีเหลือง SCG,CWF-150-31*43-เหลือง-SCG,125,TRUE,FALSE,TRUE,Stockable Product,Make to Stock,Buy,,Standard Price,,กระดาษการ์ดสี (rm),รีม,รีม,Real Time (automated)
rawmat_CWF-150-31*43-ฟ้า-SCG,กระดาษการ์ดสี 150แกรม 31*43 นิ้ว สีเขียว SCG,CWF-150-31*43-ฟ้า-SCG,125,TRUE,FALSE,TRUE,Stockable Product,Make to Stock,Buy,,Standard Price,,กระดาษการ์ดสี (rm),รีม,รีม,Real Time (automated)
rawmat_CWF-150-25*35_5-ขาว-SCG,กระดาษการ์ดสี 150แกรม 25*35.5 นิ้ว สีขาว SCG,CWF-150-25*35.5-ขาว-SCG,250,TRUE,FALSE,TRUE,Stockable Product,Make to Stock,Buy,,Standard Price,,กระดาษการ์ดสี (rm),รีม,รีม,Real Time (automated)
rawmat_CWF-180-31*43-ฟ้า-SCG,กระดาษการ์ดสี 180แกรม 31*43 นิ้ว สีฟ้า SCG,CWF-180-31*43-ฟ้า-SCG,125,TRUE,FALSE,TRUE,Stockable Product,Make to Stock,Buy,,Standard Price,,กระดาษการ์ดสี (rm),รีม,รีม,Real Time (automated)
rawmat_CWF-180-31*43-ชมพู-SCG,กระดาษการ์ดสี 180แกรม 31*43 นิ้ว สีชมพู SCG,CWF-180-31*43-ชมพู-SCG,125,TRUE,FALSE,TRUE,Stockable Product,Make to Stock,Buy,,Standard Price,,กระดาษการ์ดสี (rm),รีม,รีม,Real Time (automated)
rawmat_CWF-180-31*43-เขียว-SCG,กระดาษการ์ดสี 180แกรม 31*43 นิ้ว สีเขียว SCG,CWF-180-31*43-เขียว-SCG,125,TRUE,FALSE,TRUE,Stockable Product,Make to Stock,Buy,,Standard Price,,กระดาษการ์ดสี (rm),รีม,รีม,Real Time (automated)
rawmat_CWF-180-31*43-เหลือง-SCG,กระดาษการ์ดสี 180แกรม 31*43 นิ้ว สีเหลือง SCG,CWF-180-31*43-เหลือง-SCG,125,TRUE,FALSE,TRUE,Stockable Product,Make to Stock,Buy,,Standard Price,,กระดาษการ์ดสี (rm),รีม,รีม,Real Time (automated)
rawmat_CWF-180-25*35_5-ชมพู-SCG,กระดาษการ์ดสี 180แกรม 25*35.5 นิ้ว สีชมพู SCG,CWF-180-25*35.5-ชมพู-SCG,125,TRUE,FALSE,TRUE,Stockable Product,Make to Stock,Buy,,Standard Price,,กระดาษการ์ดสี (rm),รีม,รีม,Real Time (automated)
rawmat_CWF-180-25*35_5-เหลือง-SCG,กระดาษการ์ดสี 180แกรม 25*35.5 นิ้ว สีเหลือง SCG,CWF-180-25*35.5-เหลือง-SCG,125,TRUE,FALSE,TRUE,Stockable Product,Make to Stock,Buy,,Standard Price,,กระดาษการ์ดสี (rm),รีม,รีม,Real Time (automated)
rawmat_CWF-180-25*35_5-ฟ้า-SCG,กระดาษการ์ดสี 180แกรม 25*35.5 นิ้ว สีฟ้า SCG,CWF-180-25*35.5-ฟ้า-SCG,125,TRUE,FALSE,TRUE,Stockable Product,Make to Stock,Buy,,Standard Price,,กระดาษการ์ดสี (rm),รีม,รีม,Real Time (automated)
rawmat_CWF-180-25*35_5-ขาว-SCG,กระดาษการ์ดสี 180แกรม 25*35.5 นิ้ว สีขาว SCG,CWF-180-25*35.5-ขาว-SCG,250,TRUE,FALSE,TRUE,Stockable Product,Make to Stock,Buy,,Standard Price,,กระดาษการ์ดสี (rm),รีม,รีม,Real Time (automated)
rawmat_CWF-180-25*35_5-เขียว-SCG,กระดาษการ์ดสี 180แกรม 25*35.5 นิ้ว สีเขียว SCG,CWF-180-25*35.5-เขียว-SCG,125,TRUE,FALSE,TRUE,Stockable Product,Make to Stock,Buy,,Standard Price,,กระดาษการ์ดสี (rm),รีม,รีม,Real Time (automated)
rawmat_CWF-210-31*43-ฟ้า-SCG,กระดาษการ์ดสี 210แกรม 31*43 นิ้ว สีฟ้า SCG,CWF-210-31*43-ฟ้า-SCG,100,TRUE,FALSE,TRUE,Stockable Product,Make to Stock,Buy,,Standard Price,,กระดาษการ์ดสี (rm),รีม,รีม,Real Time (automated)
rawmat_CWF-210-31*43-ชมพู-SCG,กระดาษการ์ดสี 210แกรม 31*43 นิ้ว สีชมพู SCG,CWF-210-31*43-ชมพู-SCG,100,TRUE,FALSE,TRUE,Stockable Product,Make to Stock,Buy,,Standard Price,,กระดาษการ์ดสี (rm),รีม,รีม,Real Time (automated)
rawmat_CWF-210-31*43-เหลือง-SCG,กระดาษการ์ดสี 210แกรม 31*43 นิ้ว สีเหลือง SCG,CWF-210-31*43-เหลือง-SCG,100,TRUE,FALSE,TRUE,Stockable Product,Make to Stock,Buy,,Standard Price,,กระดาษการ์ดสี (rm),รีม,รีม,Real Time (automated)
rawmat_CWF-210-31*43-เขียว-SCG,กระดาษการ์ดสี 210แกรม 31*43 นิ้ว สีเขียว SCG,CWF-210-31*43-เขียว-SCG,100,TRUE,FALSE,TRUE,Stockable Product,Make to Stock,Buy,,Standard Price,,กระดาษการ์ดสี (rm),รีม,รีม,Real Time (automated)
rawmat_CWF-210-31*43-ขาว-SCG,กระดาษการ์ดสี 210แกรม 31*43 นิ้ว สีขาว SCG,CWF-210-31*43-ขาว-SCG,125,TRUE,FALSE,TRUE,Stockable Product,Make to Stock,Buy,,Standard Price,,กระดาษการ์ดสี (rm),รีม,รีม,Real Time (automated)
rawmat_CWF-210-31*43-ส้ม-KT,กระดาษการ์ดสี 210แกรม 31*43 นิ้ว สีส้ม กรุงไทย,CWF-210-31*43-ส้ม-KT,100,TRUE,FALSE,TRUE,Stockable Product,Make to Stock,Buy,,Standard Price,,กระดาษการ์ดสี (rm),รีม,รีม,Real Time (automated)
rawmat_CWF-230-31*43-ชมพู-KT,กระดาษการ์ดสี 230แกรม 31*43 นิ้ว สีชมพู กรุงไทย,CWF-230-31*43-ชมพู-KT,100,TRUE,FALSE,TRUE,Stockable Product,Make to Stock,Buy,,Standard Price,,กระดาษการ์ดสี (rm),รีม,รีม,Real Time (automated)
rawmat_CWF-230-31*43-ฟ้า-KT,กระดาษการ์ดสี 230แกรม 31*43 นิ้ว สีฟ้า กรุงไทย,CWF-230-31*43-ฟ้า-KT,100,TRUE,FALSE,TRUE,Stockable Product,Make to Stock,Buy,,Standard Price,,กระดาษการ์ดสี (rm),รีม,รีม,Real Time (automated)
rawmat_CWF-240-31*43-ฟ้า-SCG,กระดาษการ์ดสี 240แกรม 31*43 นิ้ว สีฟ้า SCG,CWF-240-31*43-ฟ้า-SCG,100,TRUE,FALSE,TRUE,Stockable Product,Make to Stock,Buy,,Standard Price,,กระดาษการ์ดสี (rm),รีม,รีม,Real Time (automated)
rawmat_CWF-240-31*43-ชมพู-SCG,กระดาษการ์ดสี 240แกรม 31*43 นิ้ว สีชมพู SCG,CWF-240-31*43-ชมพู-SCG,100,TRUE,FALSE,TRUE,Stockable Product,Make to Stock,Buy,,Standard Price,,กระดาษการ์ดสี (rm),รีม,รีม,Real Time (automated)
rawmat_CWF-240-31*43-เหลือง-SCG,กระดาษการ์ดสี 240แกรม 31*43 นิ้ว สีเหลือง SCG,CWF-240-31*43-เหลือง-SCG,100,TRUE,FALSE,TRUE,Stockable Product,Make to Stock,Buy,,Standard Price,,กระดาษการ์ดสี (rm),รีม,รีม,Real Time (automated)
rawmat_CWF-240-31*43-ขาว-SCG,กระดาษการ์ดสี 240แกรม 31*43 นิ้ว สีขาว SCG,CWF-240-31*43-ขาว-SCG,125,TRUE,FALSE,TRUE,Stockable Product,Make to Stock,Buy,,Standard Price,,กระดาษการ์ดสี (rm),รีม,รีม,Real Time (automated)
rawmat_CWF-240-31*43-เขียว-SCG,กระดาษการ์ดสี 240แกรม 31*43 นิ้ว สีเขียว SCG,CWF-240-31*43-เขียว-SCG,100,TRUE,FALSE,TRUE,Stockable Product,Make to Stock,Buy,,Standard Price,,กระดาษการ์ดสี (rm),รีม,รีม,Real Time (automated)
rawmat_CWF-350-31*43-ส้ม-KT,กระดาษการ์ดสี 350แกรม 31*43 นิ้ว สีส้ม กรุงไทย,CWF-350-31*43-ส้ม-KT,50,TRUE,FALSE,TRUE,Stockable Product,Make to Stock,Buy,,Standard Price,,กระดาษการ์ดสี (rm),รีม,รีม,Real Time (automated)
rawmat_CWF-350-31*43-เหลือง-KT,กระดาษการ์ดสี 350แกรม 31*43 นิ้ว สีเหลือง กรุงไทย,CWF-350-31*43-เหลือง-KT,50,TRUE,FALSE,TRUE,Stockable Product,Make to Stock,Buy,,Standard Price,,กระดาษการ์ดสี (rm),รีม,รีม,Real Time (automated)
rawmat_CWF-350-31*43-ฟ้า-KT,กระดาษการ์ดสี 350แกรม 31*43 นิ้ว สีฟ้า กรุงไทย,CWF-350-31*43-ฟ้า-KT,50,TRUE,FALSE,TRUE,Stockable Product,Make to Stock,Buy,,Standard Price,,กระดาษการ์ดสี (rm),รีม,รีม,Real Time (automated)
rawmat_CWF-350-31*43-เขียว-KT,กระดาษการ์ดสี 350แกรม 31*43 นิ้ว สีเขียว กรุงไทย,CWF-350-31*43-เขียว-KT,50,TRUE,FALSE,TRUE,Stockable Product,Make to Stock,Buy,,Standard Price,,กระดาษการ์ดสี (rm),รีม,รีม,Real Time (automated)
rawmat_CWF-350-31*43-ชมพู-KT,กระดาษการ์ดสี 350แกรม 31*43 นิ้ว สีชมพู กรุงไทย,CWF-350-31*43-ชมพู-KT,50,TRUE,FALSE,TRUE,Stockable Product,Make to Stock,Buy,,Standard Price,,กระดาษการ์ดสี (rm),รีม,รีม,Real Time (automated)
rawmat_BP-55-17_75*36_5-ชมพู,กระดาษแบงค์สี 55แกรม 17.75*36.5 นิ้ว สีชมพู,BP-55-17.75*36.5-ชมพู,500,TRUE,FALSE,TRUE,Stockable Product,Make to Stock,Buy,,Standard Price,,กระดาษแบงค์สี (rm),รีม,รีม,Real Time (automated)
rawmat_PP-DC-0_2-660*920-MIZ,พลาสติก PP ใสขุ่น 0.2 มม. 660*920 มม. มิซูยา,PP-DC-0.2-660*920-MIZ,164,TRUE,FALSE,TRUE,Stockable Product,Make to Stock,Buy,,Standard Price,,พลาสติก PP (rm),กก.,กก.,Real Time (automated)
rawmat_PP-MW-0_2-560*770-MIZ,พลาสติก PP ขาวนม 0.2 มม. 560*770 มม. มิซูยา,PP-MW-0.2-560*770-MIZ,237,TRUE,FALSE,TRUE,Stockable Product,Make to Stock,Buy,,Standard Price,,พลาสติก PP (rm),กก.,กก.,Real Time (automated)
rawmat_PP-MW-0_2-520*750-MIZ,พลาสติก PP ขาวนม 0.2 มม. 520*750 มม. มิซูยา,PP-MW-0.2-520*750-MIZ,271,TRUE,FALSE,TRUE,Stockable Product,Make to Stock,Buy,,Standard Price,,พลาสติก PP (rm),กก.,กก.,Real Time (automated)
rawmat_PP-DC-0_6-530*750-NR,พลาสติก PP ใสขุ่น 0.6 มม. 530*750 มม. นำรุ่ง,PP-DC-0.6-530*750-NR,73,TRUE,FALSE,TRUE,Stockable Product,Make to Stock,Buy,,Standard Price,,พลาสติก PP (rm),กก.,กก.,Real Time (automated)
rawmat_PP-MW-0_18-400*800-MIZ,พลาสติก PP ขาวนม 0.18 มม. 400*800 มม. มิซูยา,PP-MW-0.18-400*800-MIZ,331,TRUE,FALSE,TRUE,Stockable Product,Make to Stock,Buy,,Standard Price,,พลาสติก PP (rm),กก.,กก.,Real Time (automated)
rawmat_PP-MW-0_18-540*710-MIZ,พลาสติก PP ขาวนม 0.18 มม. 540*710 มม. มิซูยา,PP-MW-0.18-540*710-MIZ,316,TRUE,FALSE,TRUE,Stockable Product,Make to Stock,Buy,,Standard Price,,พลาสติก PP (rm),กก.,กก.,Real Time (automated)
rawmat_PP-MW-0_18-690*790-MIZ,พลาสติก PP ขาวนม 0.18 มม. 690*790 มม. มิซูยา,PP-MW-0.18-690*790-MIZ,187,TRUE,FALSE,TRUE,Stockable Product,Make to Stock,Buy,,Standard Price,,พลาสติก PP (rm),กก.,กก.,Real Time (automated)
rawmat_PP-MW-0_18-550*790-MIZ,พลาสติก PP ขาวนม 0.18 มม. 550*790 มม. มิซูยา,PP-MW-0.18-550*790-MIZ,250,TRUE,FALSE,TRUE,Stockable Product,Make to Stock,Buy,,Standard Price,,พลาสติก PP (rm),กก.,กก.,Real Time (automated)
rawmat_PP-WS-0_23-570*740-NR,พลาสติก PP ขาวเรียบลายทราย 0.23 มม. 570*740 นำรุ่ง,PP-WS-0.23-570*740-NR,213,TRUE,FALSE,TRUE,Stockable Product,Make to Stock,Buy,,Standard Price,,พลาสติก PP (rm),กก.,กก.,Real Time (automated)
rawmat_PP-WS-0_25-520*750-MIZ,พลาสติก PP ขาวเรียบลายทราย 0.25 มม. 520*750 มิซูยา,PP-WS-0.25-520*750-MIZ,211,TRUE,FALSE,TRUE,Stockable Product,Make to Stock,Buy,,Standard Price,,พลาสติก PP (rm),กก.,กก.,Real Time (automated)
rawmat_PP-DC-0_45-460*640-NR,พลาสติก PP ใส่ขุ่น 0.45 มม. 460*640 มม. นำรุ่ง,PP-DC-0.45-460*640-NR,125,TRUE,FALSE,TRUE,Stockable Product,Make to Stock,Buy,,Standard Price,,พลาสติก PP (rm),กก.,กก.,Real Time (automated)
rawmat_PP-OW-0_45-460*640-NR,พลาสติก PP ขาวทึบ 0.45 มม. 460*640 มม. นำรุ่ง,PP-OW-0.45-460*640-NR,88,TRUE,FALSE,TRUE,Stockable Product,Make to Stock,Buy,,Standard Price,,พลาสติก PP (rm),กก.,กก.,Real Time (automated)
rawmat_PP-OW-0_45-640*880-NR,พลาสติก PP ขาวทึบ 0.45 มม. 640*880 มม. นำรุ่ง,PP-OW-0.45-640*880-NR,65,TRUE,FALSE,TRUE,Stockable Product,Make to Stock,Buy,,Standard Price,,พลาสติก PP (rm),กก.,กก.,Real Time (automated)
rawmat_PP-OW-0_45-640*770-NR,พลาสติก PP ขาวทึบ 0.45 มม. 640*770 มม. นำรุ่ง,PP-OW-0.45-640*770-NR,30,TRUE,FALSE,TRUE,Stockable Product,Make to Stock,Buy,,Standard Price,,พลาสติก PP (rm),กก.,กก.,Real Time (automated)
rawmat_PP-OW-0_45-560*770-NR,พลาสติก PP ขาวทึบ 0.45 มม. 560*770 มม. นำรุ่ง,PP-OW-0.45-560*770-NR,82,TRUE,FALSE,TRUE,Stockable Product,Make to Stock,Buy,,Standard Price,,พลาสติก PP (rm),กก.,กก.,Real Time (automated)
rawmat_PP-BLK-0_45-460*640-MIZ,พลาสติก PP สีดำ 0.45 มม. 460*640 มม. มิซูยา,PP-BLK-0.45-460*640-MIZ,150,TRUE,FALSE,TRUE,Stockable Product,Make to Stock,Buy,,Standard Price,,พลาสติก PP (rm),กก.,กก.,Real Time (automated)
rawmat_PP-BLK-0_45-560*770-MIZ,พลาสติก PP สีดำ 0.45 มม. 560*770 มม. มิซูยา,PP-BLK-0.45-560*770-MIZ,100,TRUE,FALSE,TRUE,Stockable Product,Make to Stock,Buy,,Standard Price,,พลาสติก PP (rm),กก.,กก.,Real Time (automated)
rawmat_PP-B-0_45-460*770-NR,พลาสติก PP สีฟ้า 0.45 มม. 560*770 มม. นำรุ่ง,PP-B-0.45-460*770-NR,83,TRUE,FALSE,TRUE,Stockable Product,Make to Stock,Buy,,Standard Price,,พลาสติก PP (rm),กก.,กก.,Real Time (automated)
rawmat_PP-GR-0_45-460*770-NR,พลาสติก PP สีเขียว 0.45 มม. 560*770 มม. นำรุ่ง,PP-GR-0.45-460*770-NR,83,TRUE,FALSE,TRUE,Stockable Product,Make to Stock,Buy,,Standard Price,,พลาสติก PP (rm),กก.,กก.,Real Time (automated)
rawmat_PP-P-0_45-460*770-NR,พลาสติก PP สีชมพู 0.45 มม. 560*770 มม. นำรุ่ง,PP-P-0.45-460*770-NR,83,TRUE,FALSE,TRUE,Stockable Product,Make to Stock,Buy,,Standard Price,,พลาสติก PP (rm),กก.,กก.,Real Time (automated)
rawmat_PP-SP-0_55-560*770-MIZ,พลาสติก PP สีชมพูลายเส้น 0.55 มม. 560*770 มม. มิซูยา,PP-SP-0.55-560*770-MIZ,100,TRUE,FALSE,TRUE,Stockable Product,Make to Stock,Buy,,Standard Price,,พลาสติก PP (rm),กก.,กก.,Real Time (automated)
rawmat_PP-SB-0_55-560*770-MIZ,พลาสติก PP สีฟ้าลายเส้น 0.55 มม. 560*770 มม. มิซูยา,PP-SB-0.55-560*770-MIZ,100,TRUE,FALSE,TRUE,Stockable Product,Make to Stock,Buy,,Standard Price,,พลาสติก PP (rm),กก.,กก.,Real Time (automated)
rawmat_HOLO-KP42-15_5*2000,โฮโลแกรม ลายจุด 15.5 นิ้ว 390*2000 เมตร,HOLO-KP42-15.5*2000,,TRUE,FALSE,TRUE,Stockable Product,Make to Stock,Buy,,Standard Price,,โฮโลแกรม (rm),ม้วน,ม้วน,Real Time (automated)
rawmat_HOLO-KP42-25*2000,โฮโลแกรม ลายจุด 25 นิ้ว 630*2000 เมตร,HOLO-KP42-25*2000,,TRUE,FALSE,TRUE,Stockable Product,Make to Stock,Buy,,Standard Price,,โฮโลแกรม (rm),ม้วน,ม้วน,Real Time (automated)
rawmat_HOLO-KP07-25*2130,โฮโลแกรม ลายเส้น 25 นิ้ว 635*2130 เมตร,HOLO-KP07-25*2130,,TRUE,FALSE,TRUE,Stockable Product,Make to Stock,Buy,,Standard Price,,โฮโลแกรม (rm),ม้วน,ม้วน,Real Time (automated)
rawmat_HOLO-KP42-31*2000,โฮโลแกรม ลายจุด 31 นิ้ว 785*2000 เมตร,HOLO-KP42-31*2000,,TRUE,FALSE,TRUE,Stockable Product,Make to Stock,Buy,,Standard Price,,โฮโลแกรม (rm),ม้วน,ม้วน,Real Time (automated)
rawmat_EP-120-34*41-ครีม,กระดาษอัดลาย 120แกรม 34*41 นิ้ว  สีครีม สุขสวัสดิ์,EP-120-34*41-ครีม,250,TRUE,FALSE,TRUE,Stockable Product,Make to Stock,Buy,,Standard Price,,กระดาษอัดลาย (rm),รีม,รีม,Real Time (automated)
rawmat_EP-120-34*41-ชมพู,กระดาษอัดลาย 120แกรม 34*41 นิ้ว  สีชมพู สุขสวัสดิ์,EP-120-34*41-ชมพู,250,TRUE,FALSE,TRUE,Stockable Product,Make to Stock,Buy,,Standard Price,,กระดาษอัดลาย (rm),รีม,รีม,Real Time (automated)
rawmat_EP-120-34*41-เทา,กระดาษอัดลาย 120แกรม 34*41 นิ้ว  สีเทา สุขสวัสดิ์,EP-120-34*41-เทา,250,TRUE,FALSE,TRUE,Stockable Product,Make to Stock,Buy,,Standard Price,,กระดาษอัดลาย (rm),รีม,รีม,Real Time (automated)
rawmat_GAC-135-27_5*39-ขาวมุก-HK,กล่องแก้ว/ขาวมุก 135แกรม 27.5*39 นิ้ว ฮั่วกี่เปเปอร์,GAC-135-27.5*39-ขาวมุก-HK,250,TRUE,FALSE,TRUE,Stockable Product,Make to Stock,Buy,,Standard Price,,กล่องแก้ว (rm),รีม,รีม,Real Time (automated)
rawmat_GAC-250-17_7*25_1-เทาอ่อน-HK,กล่องแก้ว/เทาอ่อน 250แกรม 17.7*25.1 นิ้ว ฮั่วกี่เปเปอร์,GAC-250-17.7*25.1-เทาอ่อน-HK,100,TRUE,FALSE,TRUE,Stockable Product,Make to Stock,Buy,,Standard Price,,กล่องแก้ว (rm),รีม,รีม,Real Time (automated)
rawmat_GAC-250-19_6*27_5-เทา-HK,กล่องแก้ว/เทา 250แกรม 19.6*27.5 นิ้ว ฮั่วกี่เปเปอร์,GAC-250-19.6*27.5-เทา-HK,200,TRUE,FALSE,TRUE,Stockable Product,Make to Stock,Buy,,Standard Price,,กล่องแก้ว (rm),รีม,รีม,Real Time (automated)
rawmat_GAC-250-24_8*34_64-ขาว2หน้า-HK,กล่องแก้ว/ขาว2หน้า 250แกรม 24.8*34.64 นิ้ว ฮั่วกี่เปเปอร์,GAC-250-24.8*34.64-ขาว2หน้า-HK,100,TRUE,FALSE,TRUE,Stockable Product,Make to Stock,Buy,,Standard Price,,กล่องแก้ว (rm),รีม,รีม,Real Time (automated)
rawmat_GAC-250-27_5*39-น้ำเงินเข้ม-HK,กล่องแก้ว/น้ำเงินเข้ม 250แกรม 27.5*39.3 นิ้ว ฮั่วกี่เปเปอร์,GAC-250-27.5*39-น้ำเงินเข้ม-HK,100,TRUE,FALSE,TRUE,Stockable Product,Make to Stock,Buy,,Standard Price,,กล่องแก้ว (rm),รีม,รีม,Real Time (automated)
rawmat_GAC-250-27_5*39-ขาว2หน้า-HK,กล่องแก้ว/ขาว2หน้า 250แกรม 27.5*39.3 นิ้ว ฮั่วกี่เปเปอร์,GAC-250-27.5*39-ขาว2หน้า-HK,100,TRUE,FALSE,TRUE,Stockable Product,Make to Stock,Buy,,Standard Price,,กล่องแก้ว (rm),รีม,รีม,Real Time (automated)
rawmat_GAC-250-27_5*39_3-น้ำตาลเข้ม-HK,กล่องแก้ว/น้ำตาลเข้ม 250แกรม 27.5*39.3 นิ้ว ฮั่วกี่เปเปอร์,GAC-250-27.5*39.3-น้ำตาลเข้ม-HK,100,TRUE,FALSE,TRUE,Stockable Product,Make to Stock,Buy,,Standard Price,,กล่องแก้ว (rm),รีม,รีม,Real Time (automated)
rawmat_GAC-250-34_6*24_8-เทาเข้ม-HK,กล่องแก้ว/เทาเข้ม 250แกรม 34.6*24.8 นิ้ว ฮั่วกี่เปเปอร์,GAC-250-34.6*24.8-เทาเข้ม-HK,100,TRUE,FALSE,TRUE,Stockable Product,Make to Stock,Buy,,Standard Price,,กล่องแก้ว (rm),รีม,รีม,Real Time (automated)
rawmat_GAC-300-23_4*39_3-ขาวมุก-HK,กล่องแก้ว/ขาวมุก 300แกรม 23.4*39.3 นิ้ว ฮั่วกี่เปเปอร์,GAC-300-23.4*39.3-ขาวมุก-HK,100,TRUE,FALSE,TRUE,Stockable Product,Make to Stock,Buy,,Standard Price,,กล่องแก้ว (rm),รีม,รีม,Real Time (automated)
rawmat_GAC-300-29_5*44_8-ขาวมุก-HK,กล่องแก้ว/ขาวมุก 300แกรม 29.5*44.8 นิ้ว ฮั่วกี่เปเปอร์,GAC-300-29.5*44.8-ขาวมุก-HK,100,TRUE,FALSE,TRUE,Stockable Product,Make to Stock,Buy,,Standard Price,,กล่องแก้ว (rm),รีม,รีม,Real Time (automated)
rawmat_DW-NO_8-ดำ-C_A_S_,ห่วงกระดูกงู สีดำ เบอร์8 (1/2) C.A.S.,DW-NO.8-ดำ-C.A.S.,26000,TRUE,FALSE,TRUE,Stockable Product,Make to Stock,Buy,,Standard Price,,ลวดสี (rm),กล่อง,กล่อง,Real Time (automated)
rawmat_DW-NO_8-ขาว-C_A_S_,ห่วงกระดูกงู สีขาว เบอร์8 (1/2) C.A.S.,DW-NO.8-ขาว-C.A.S.,26000,TRUE,FALSE,TRUE,Stockable Product,Make to Stock,Buy,,Standard Price,,ลวดสี (rm),กล่อง,กล่อง,Real Time (automated)
rawmat_DW-NO_12-ดำ-C_A_S_,ห่วงกระดูกงู สีดำ เบอร์12 (3/4) C.A.S.,DW-NO.12-ดำ-C.A.S.,8000,TRUE,FALSE,TRUE,Stockable Product,Make to Stock,Buy,,Standard Price,,ลวดสี (rm),กล่อง,กล่อง,Real Time (automated)
rawmat_DW-NO_12-ขาว-C_A_S_,ห่วงกระดูกงู สีขาว เบอร์12 (3/4) C.A.S.,DW-NO.12-ขาว-C.A.S.,8000,TRUE,FALSE,TRUE,Stockable Product,Make to Stock,Buy,,Standard Price,,ลวดสี (rm),กล่อง,กล่อง,Real Time (automated)
rawmat_DW-NO_6-ขาว-SX,ห่วงกระดูกงู สีขาว เบอร์6 (3/8) ซันซิน,DW-NO.6-ขาว-SX,42000,TRUE,FALSE,TRUE,Stockable Product,Make to Stock,Buy,,Standard Price,,ลวดสี (rm),กล่อง,กล่อง,Real Time (automated)
rawmat_DW-NO_6-ดำ-SX,ห่วงกระดูกงู สีดำ เบอร์6 (3/8) ซันซิน,DW-NO.6-ดำ-SX,42000,TRUE,FALSE,TRUE,Stockable Product,Make to Stock,Buy,,Standard Price,,ลวดสี (rm),กล่อง,กล่อง,Real Time (automated)
rawmat_DW-NO_6-ดำ-C_A_S_,ห่วงกระดูกงู สีดำ เบอร์6 (3/8) C.A.S.,DW-NO.6-ดำ-C.A.S.,50000,TRUE,FALSE,TRUE,Stockable Product,Make to Stock,Buy,,Standard Price,,ลวดสี (rm),กล่อง,กล่อง,Real Time (automated)
rawmat_DW-NO_6-ขาว-C_A_S_,ห่วงกระดูกงู สีขาว เบอร์6 (3/8) C.A.S.,DW-NO.6-ขาว-C.A.S.,50000,TRUE,FALSE,TRUE,Stockable Product,Make to Stock,Buy,,Standard Price,,ลวดสี (rm),กล่อง,กล่อง,Real Time (automated)
rawmat_DW-NO_10-เงิน-C_A_S_,ห่วงกระดูกงู สีเงิน เบอร์10 (5/8) C.A.S.,DW-NO.10-เงิน-C.A.S.,9000,TRUE,FALSE,TRUE,Stockable Product,Make to Stock,Buy,,Standard Price,,ลวดสี (rm),กล่อง,กล่อง,Real Time (automated)
rawmat_DW-NO_10-ดำ-C_A_S_,ห่วงกระดูกงู สีดำ เบอร์10 (5/8) C.A.S.,DW-NO.10-ดำ-C.A.S.,9000,TRUE,FALSE,TRUE,Stockable Product,Make to Stock,Buy,,Standard Price,,ลวดสี (rm),กล่อง,กล่อง,Real Time (automated)
rawmat_DW-NO_10-ขาว-C_A_S_,ห่วงกระดูกงู สีขาว เบอร์10 (5/8) C.A.S.,DW-NO.10-ขาว-C.A.S.,9000,TRUE,FALSE,TRUE,Stockable Product,Make to Stock,Buy,,Standard Price,,ลวดสี (rm),กล่อง,กล่อง,Real Time (automated)
rawmat_DW-NO_5-ขาว-_C_A_S_,ห่วงกระดูกงู สีขาว เบอร์5 (5/16) C.A.S.,DW-NO.5-ขาว-.C.A.S.,64000,TRUE,FALSE,TRUE,Stockable Product,Make to Stock,Buy,,Standard Price,,ลวดสี (rm),กล่อง,กล่อง,Real Time (automated)
rawmat_DW-NO_5-ขาว-SX,ห่วงกระดูกงู สีขาว เบอร์5 (5/16) ซันซิน,DW-NO.5-ขาว-SX,58000,TRUE,FALSE,TRUE,Stockable Product,Make to Stock,Buy,,Standard Price,,ลวดสี (rm),กล่อง,กล่อง,Real Time (automated)
rawmat_DW-NO_1-ขาว-C_A_S_,ห่วงกระดูกงู สีขาว เบอร์1 (7/8) C.A.S.,DW-NO.1-ขาว-C.A.S.,32000,TRUE,FALSE,TRUE,Stockable Product,Make to Stock,Buy,,Standard Price,,ลวดสี (rm),กล่อง,กล่อง,Real Time (automated)
rawmat_DW-NO_1-ดำ-C_A_S_,ห่วงกระดูกงู สีดำ เบอร์1 (7/8) C.A.S.,DW-NO.1-ดำ-C.A.S.,32000,TRUE,FALSE,TRUE,Stockable Product,Make to Stock,Buy,,Standard Price,,ลวดสี (rm),กล่อง,กล่อง,Real Time (automated)
rawmat_DW-NO_7-เงิน-C_A_S_,ห่วงกระดูกงู สีเงิน เบอร์7 (7/16) C.A.S.,DW-NO.7-เงิน-C.A.S.,32000,TRUE,FALSE,TRUE,Stockable Product,Make to Stock,Buy,,Standard Price,,ลวดสี (rm),กล่อง,กล่อง,Real Time (automated)
rawmat_DW-NO_7-ขาวC_A_S_,ห่วงกระดูกงู สีขาว เบอร์7 (7/16) C.A.S.,DW-NO.7-ขาวC.A.S.,34500,TRUE,FALSE,TRUE,Stockable Product,Make to Stock,Buy,,Standard Price,,ลวดสี (rm),กล่อง,กล่อง,Real Time (automated)
rawmat_DW-NO_7-น้ำเงินC_A_S_,ห่วงกระดูกงู สีน้ำเงิน เบอร์7 (7/16) C.A.S.,DW-NO.7-น้ำเงินC.A.S.,32000,TRUE,FALSE,TRUE,Stockable Product,Make to Stock,Buy,,Standard Price,,ลวดสี (rm),กล่อง,กล่อง,Real Time (automated)
rawmat_DW-NO_7-ขาว-SX,ห่วงกระดูกงู สีขาว เบอร์7 (7/16) ซันซิน,DW-NO.7-ขาว-SX,28000,TRUE,FALSE,TRUE,Stockable Product,Make to Stock,Buy,,Standard Price,,ลวดสี (rm),กล่อง,กล่อง,Real Time (automated)
rawmat_DW-NO_7-ดำ-SX,ห่วงกระดูกงู สีดำ เบอร์7 (7/16) ซันซิน,DW-NO.7-ดำ-SX,28000,TRUE,FALSE,TRUE,Stockable Product,Make to Stock,Buy,,Standard Price,,ลวดสี (rm),กล่อง,กล่อง,Real Time (automated)
rawmat_DW-NO_9-ดำ-C_A_S_,ห่วงกระดูกงู สีดำ เบอร์9 (9/16) C.A.S.,DW-NO.9-ดำ-C.A.S.,21500,TRUE,FALSE,TRUE,Stockable Product,Make to Stock,Buy,,Standard Price,,ลวดสี (rm),กล่อง,กล่อง,Real Time (automated)
rawmat_DW-NO_9-ขาว-C_A_S_,ห่วงกระดูกงู สีขาว เบอร์9 (9/16) C.A.S.,DW-NO.9-ขาว-C.A.S.,21500,TRUE,FALSE,TRUE,Stockable Product,Make to Stock,Buy,,Standard Price,,ลวดสี (rm),กล่อง,กล่อง,Real Time (automated)
rawmat_DW-NO_9-ขาว-SX,ห่วงกระดูกงู สีขาว เบอร์9 (9/16) ซันซิน,DW-NO.9-ขาว-SX,18000,TRUE,FALSE,TRUE,Stockable Product,Make to Stock,Buy,,Standard Price,,ลวดสี (rm),กล่อง,กล่อง,Real Time (automated)
rawmat_DW-NO_9-เงินเงา-C_A_S_,ห่วงกระดูกงู สีเงินเงา เบอร์9 (9/16) C.A.S.,DW-NO.9-เงินเงา-C.A.S.,21000,TRUE,FALSE,TRUE,Stockable Product,Make to Stock,Buy,,Standard Price,,ลวดสี (rm),กล่อง,กล่อง,Real Time (automated)
rawmat_DW-NO_9-ดำ-SX,ห่วงกระดูกงู สีดำ เบอร์9 (9/16) ซันซิน,DW-NO.9-ดำ-SX,18000,TRUE,FALSE,TRUE,Stockable Product,Make to Stock,Buy,,Standard Price,,ลวดสี (rm),กล่อง,กล่อง,Real Time (automated)
rawmat_DW-NO_14-ดำ-C_A_S_,ห่วงกระดูกงู สีดำ เบอร์14 (7/8) C.A.S.,DW-NO.14-ดำ-C.A.S.,5000,TRUE,FALSE,TRUE,Stockable Product,Make to Stock,Buy,,Standard Price,,ลวดสี (rm),กล่อง,กล่อง,Real Time (automated)
rawmat_I-ดำเงา-TRS,หมึกชุด สีดำเงา-A ตั้งรังสรรค์,I-ดำเงา-TRS,,TRUE,FALSE,TRUE,Stockable Product,Make to Stock,Buy,,Standard Price,,หมึกพิมพ์ (rm),กระป๋อง,กระป๋อง,Real Time (automated)
rawmat_I-ฟ้าเงา-TRS,หมึกชุด สีฟ้าเงา-A ตั้งรังสรรค์,I-ฟ้าเงา-TRS,,TRUE,FALSE,TRUE,Stockable Product,Make to Stock,Buy,,Standard Price,,หมึกพิมพ์ (rm),กระป๋อง,กระป๋อง,Real Time (automated)
rawmat_I-เหลืองเงา-TRS,หมึกชุด สีเหลืองเงา-A ตั้งรังสรรค์,I-เหลืองเงา-TRS,,TRUE,FALSE,TRUE,Stockable Product,Make to Stock,Buy,,Standard Price,,หมึกพิมพ์ (rm),กระป๋อง,กระป๋อง,Real Time (automated)
rawmat_I-ดำเงา-PANO,หมึกชุด สีดำเงา-A พาโนรามา,I-ดำเงา-PANO,,TRUE,FALSE,TRUE,Stockable Product,Make to Stock,Buy,,Standard Price,,หมึกพิมพ์ (rm),กระป๋อง,กระป๋อง,Real Time (automated)
rawmat_I-แดง-TOYO,หมึกชุด สีแดง โดโยอิงค์,I-แดง-TOYO,,TRUE,FALSE,TRUE,Stockable Product,Make to Stock,Buy,,Standard Price,,หมึกพิมพ์ (rm),กระป๋อง,กระป๋อง,Real Time (automated)
rawmat_I-ฟ้า-TOYO,หมึกชุด สีฟ้า โตโยอิงค์,I-ฟ้า-TOYO,,TRUE,FALSE,TRUE,Stockable Product,Make to Stock,Buy,,Standard Price,,หมึกพิมพ์ (rm),กระป๋อง,กระป๋อง,Real Time (automated)
rawmat_I-ดำ-TOYO,หมึกชุด สีดำ โตโยอิงค์,I-ดำ-TOYO,,TRUE,FALSE,TRUE,Stockable Product,Make to Stock,Buy,,Standard Price,,หมึกพิมพ์ (rm),กระป๋อง,กระป๋อง,Real Time (automated)
rawmat_I-ขาวเงา-SCREEN,หมึกชุด สีขาวเงา สกรีนซัพพลาย,I-ขาวเงา-SCREEN,,TRUE,FALSE,TRUE,Stockable Product,Make to Stock,Buy,,Standard Price,,หมึกพิมพ์ (rm),กระป๋อง,กระป๋อง,Real Time (automated)
rawmat_I-น้ำเงิน-SCREEN,หมึกชุด สีน้ำเงิน สกรีนซัพพลาย,I-น้ำเงิน-SCREEN,,TRUE,FALSE,TRUE,Stockable Product,Make to Stock,Buy,,Standard Price,,หมึกพิมพ์ (rm),กระป๋อง,กระป๋อง,Real Time (automated)
rawmat_I-เขียว-SCREEN,หมึกชุด สีเขียว สกรีนซัพพลาย,I-เขียว-SCREEN,,TRUE,FALSE,TRUE,Stockable Product,Make to Stock,Buy,,Standard Price,,หมึกพิมพ์ (rm),กระป๋อง,กระป๋อง,Real Time (automated)
rawmat_I-แดงทอง-SCREEN,หมึกชุด สีแดงทอง สกรีนซัพพลาย,I-แดงทอง-SCREEN,,TRUE,FALSE,TRUE,Stockable Product,Make to Stock,Buy,,Standard Price,,หมึกพิมพ์ (rm),กระป๋อง,กระป๋อง,Real Time (automated)
rawmat_I-มีเดียม-SCREEN,มีเดียม สกรีนซัพพลาย,I-มีเดียม-SCREEN,,TRUE,FALSE,TRUE,Stockable Product,Make to Stock,Buy,,Standard Price,,หมึกพิมพ์ (rm),กระป๋อง,กระป๋อง,Real Time (automated)
rawmat_น้ำมันผสมหมึก สกรีนซัพพลาย,น้ำมันผสมหมึก สกรีนซัพพลาย,น้ำมันผสมหมึก สกรีนซัพพลาย,,TRUE,FALSE,TRUE,Stockable Product,Make to Stock,Buy,,Standard Price,,น้ำยาต่างๆ (rm),กระป๋อง,กระป๋อง,Real Time (automated)
rawmat_น้ำยาฟาวแท่น สกรีนซัพพลาย,น้ำยาฟาวแท่น สกรีนซัพพลาย,น้ำยาฟาวแท่น สกรีนซัพพลาย,,TRUE,FALSE,TRUE,Stockable Product,Make to Stock,Buy,,Standard Price,,น้ำยาต่างๆ (rm),กระป๋อง,กระป๋อง,Real Time (automated)
rawmat_น้ำยาล้างเพลท สกรีนซัพพลาย,น้ำยาล้างเพลท สกรีนซัพพลาย,น้ำยาล้างเพลท สกรีนซัพพลาย,,TRUE,FALSE,TRUE,Stockable Product,Make to Stock,Buy,,Standard Price,,น้ำยาต่างๆ (rm),กระป๋อง,กระป๋อง,Real Time (automated)
rawmat_น้ำยาเช็ดเพลท สกรีนซัพพลาย,น้ำยาเช็ดเพลท สกรีนซัพพลาย,น้ำยาเช็ดเพลท สกรีนซัพพลาย,,TRUE,FALSE,TRUE,Stockable Product,Make to Stock,Buy,,Standard Price,,น้ำยาต่างๆ (rm),กระป๋อง,กระป๋อง,Real Time (automated)
rawmat_น้ำยาเช็ดผ้ายาง สกรีนซัพพลาย,น้ำยาเช็ดผ้ายาง สกรีนซัพพลาย,น้ำยาเช็ดผ้ายาง สกรีนซัพพลาย,,TRUE,FALSE,TRUE,Stockable Product,Make to Stock,Buy,,Standard Price,,น้ำยาต่างๆ (rm),กระป๋อง,กระป๋อง,Real Time (automated)
rawmat_น้ำยาไดเออร์,น้ำยาไดเออร์,น้ำยาไดเออร์,,TRUE,FALSE,TRUE,Stockable Product,Make to Stock,Buy,,Standard Price,,น้ำยาต่างๆ (rm),ขวด,ขวด,Real Time (automated)
rawmat_วิคตอเรีย,วิคตอเรีย,วิคตอเรีย,,TRUE,FALSE,TRUE,Stockable Product,Make to Stock,Buy,,Standard Price,,น้ำยาต่างๆ (rm),ขวด,ขวด,Real Time (automated)
rawmat_แป้งพ่น,แป้งพ่น,แป้งพ่น,,TRUE,FALSE,TRUE,Stockable Product,Make to Stock,Buy,,Standard Price,,น้ำยาต่างๆ (rm),ถุง,ถุง,Real Time (automated)
rawmat_น้ำยาล้างคอนแทค,น้ำยาล้างคอนแทค,น้ำยาล้างคอนแทค,,TRUE,FALSE,TRUE,Stockable Product,Make to Stock,Buy,,Standard Price,,น้ำยาต่างๆ (rm),กระป๋อง,กระป๋อง,Real Time (automated)
rawmat_สเปรย์ชิลิโคน,สเปรย์ชิลิโคน,สเปรย์ชิลิโคน,,TRUE,FALSE,TRUE,Stockable Product,Make to Stock,Buy,,Standard Price,,น้ำยาต่างๆ (rm),กระป๋อง,กระป๋อง,Real Time (automated)
rawmat_ผ้ายาง 41*35,ผ้ายาง 41*35,ผ้ายาง 41*35,,TRUE,FALSE,TRUE,Stockable Product,Make to Stock,Buy,,Standard Price,,น้ำยาต่างๆ (rm),อัน,อัน,Real Time (automated)
rawmat_ผ้ายาง 37_1*33_1,ผ้ายาง 37.1*33.1,ผ้ายาง 37.1*33.1,,TRUE,FALSE,TRUE,Stockable Product,Make to Stock,Buy,,Standard Price,,น้ำยาต่างๆ (rm),อัน,อัน,Real Time (automated)
rawmat_เขียงรองตัด 47*18 55/ก_ก_ คาซุดะ,เขียงรองตัด 47*18 55/ก.ก. คาซุดะ,เขียงรองตัด 47*18 55/ก.ก. คาซุดะ,,TRUE,FALSE,TRUE,Stockable Product,Make to Stock,Buy,,Standard Price,,น้ำยาต่างๆ (rm),อัน,อัน,Real Time (automated)
rawmat_เขียงรองตัด 115 36/ก_ก_ โพลา,เขียงรองตัด 115 36/ก.ก. โพลา,เขียงรองตัด 115 36/ก.ก. โพลา,,TRUE,FALSE,TRUE,Stockable Product,Make to Stock,Buy,,Standard Price,,น้ำยาต่างๆ (rm),อัน,อัน,Real Time (automated)
rawmat_เขียงรองตัด 46*18 120/อัน โคมิตา,เขียงรองตัด 46*18 120/อัน โคมิตา,เขียงรองตัด 46*18 120/อัน โคมิตา,,TRUE,FALSE,TRUE,Stockable Product,Make to Stock,Buy,,Standard Price,,น้ำยาต่างๆ (rm),อัน,อัน,Real Time (automated)
rawmat_กาวลาเท็กซ์   610 150/ก_ป_,กาวลาเท็กซ์   610 150/ก.ป.,กาวลาเท็กซ์   610 150/ก.ป.,,TRUE,FALSE,TRUE,Stockable Product,Make to Stock,Buy,,Standard Price,,น้ำยาต่างๆ (rm),ถัง,ถัง,Real Time (automated)
rawmat_กาวลาเท็กซ์ 620 100/ก_ก_,กาวลาเท็กซ์ 620 100/ก.ก.,กาวลาเท็กซ์ 620 100/ก.ก.,,TRUE,FALSE,TRUE,Stockable Product,Make to Stock,Buy,,Standard Price,,น้ำยาต่างๆ (rm),ถัง,ถัง,Real Time (automated)
rawmat_กาวลาเท็กซ์   พี 100,กาวลาเท็กซ์   พี 100,กาวลาเท็กซ์   พี 100,,TRUE,FALSE,TRUE,Stockable Product,Make to Stock,Buy,,Standard Price,,น้ำยาต่างๆ (rm),ถัง,ถัง,Real Time (automated)
rawmat_คอมเปาว์(2ปอนด์),คอมเปาว์(2ปอนด์),คอมเปาว์(2ปอนด์),,TRUE,FALSE,TRUE,Stockable Product,Make to Stock,Buy,,Standard Price,,น้ำยาต่างๆ (rm),ถัง,ถัง,Real Time (automated)
rawmat_CWF-180-31*43-ขาวเยอรมัน,การ์ดขาวเยอรมัน 180แกรม 31*43 นิ้ว,CWF-180-31*43-ขาวเยอรมัน,125,TRUE,FALSE,TRUE,Stockable Product,Make to Stock,Buy,,Standard Price,,Miscellaneous (rm),รีม,รีม,Real Time (automated)
rawmat_CWF-230-24*35-ขาวเยอรมัน ,การ์ดขาวเยอรมัน 230แกรม 24*35 นิ้ว,CWF-230-24*35-ขาวเยอรมัน ,125,TRUE,FALSE,TRUE,Stockable Product,Make to Stock,Buy,,Standard Price,,Miscellaneous (rm),รีม,รีม,Real Time (automated)
rawmat_GWB-250-31*43-อิตาลี,กล่องแป้งอิตาลีหลังเทา 250แกรม 31*43,GWB-250-31*43-อิตาลี,100,TRUE,FALSE,TRUE,Stockable Product,Make to Stock,Buy,,Standard Price,,Miscellaneous (rm),รีม,รีม,Real Time (automated)
rawmat_GAP-128-31*43-Japan sinardg,อาร์ตมัน 128แกรม 31*43 นิ้ว Japan sinardg,GAP-128-31*43-Japan sinardg,250,TRUE,FALSE,TRUE,Stockable Product,Make to Stock,Buy,,Standard Price,,Miscellaneous (rm),รีม,รีม,Real Time (automated)
rawmat_FPP-120-25*36,ฟลอยเงิน 120แกรม 25*36นิ้ว,FPP-120-25*36,250,TRUE,FALSE,TRUE,Stockable Product,Make to Stock,Buy,,Standard Price,,Miscellaneous (rm),รีม,รีม,Real Time (automated)
