id,product_id/id,product_name,warehouse_id,location_id,product_min_qty,product_max_qty,product_uom
stock_reorder_rawmat_sep11_1,rawmat_WF-50-23_5*33-BU-B,กระดาษปอนด์ 50แกรม(B) 23.5x33 นิ้ว บูรพา,วัตถุดิบ สาทร,วัตถุดิบ สาทร,,,รีม
stock_reorder_rawmat_sep11_2,rawmat_WF-50-25*31-BU-B,กระดาษปอนด์ 50แกรม(B) 25x31 นิ้ว บูรพา,วัตถุดิบ สาทร,วัตถุดิบ สาทร,,,รีม
stock_reorder_rawmat_sep11_3,rawmat_WF-50-28*40-BU-B,กระดาษปอนด์ 50แกรม(B) 28x40 นิ้ว บูรพา,วัตถุดิบ สาทร,วัตถุดิบ สาทร,,,รีม
stock_reorder_rawmat_sep11_4,rawmat_WF-50-26*33-BU-B,กระดาษปอนด์ 50แกรม(B) 26*33 นิ้ว บูรพา,วัตถุดิบ สาทร,วัตถุดิบ สาทร,,,รีม
stock_reorder_rawmat_sep11_5,rawmat_WF-50-31*43-BU-B,กระดาษปอนด์ 50แกรม(B) 31*43 นิ้ว บูรพา,วัตถุดิบ สาทร,วัตถุดิบ สาทร,,,รีม
stock_reorder_rawmat_sep11_6,rawmat_WF-55-25*31-BU-B,กระดาษปอนด์ 55แกรม(B) 25*31 นิ้ว บูรพา,วัตถุดิบ สาทร,วัตถุดิบ สาทร,,,รีม
stock_reorder_rawmat_sep11_7,rawmat_WF-55-26*33-BU-B,กระดาษปอนด์ 55แกรม(B) 26*33 นิ้ว บูรพา,วัตถุดิบ สาทร,วัตถุดิบ สาทร,,,รีม
stock_reorder_rawmat_sep11_8,rawmat_WF-55-30*40-BU-B,กระดาษปอนด์ 55แกรม(B) 30*40 นิ้ว บูรพา,วัตถุดิบ สาทร,วัตถุดิบ สาทร,,,รีม
stock_reorder_rawmat_sep11_9,rawmat_WF-60-24*34-SCG,กระดาษปอนด์ 60แกรม 24x34 นิ้ว SCG,วัตถุดิบ สาทร,วัตถุดิบ สาทร,40,,รีม
stock_reorder_rawmat_sep11_10,rawmat_WF-60-24*35-SCG,กระดาษปอนด์ 60แกรม 24x35 นิ้ว SCG,วัตถุดิบ สาทร,วัตถุดิบ สาทร,40,,รีม
stock_reorder_rawmat_sep11_11,rawmat_WF-60-24*35-AA,กระดาษปอนด์ 60แกรม 24x35 นิ้ว AA,วัตถุดิบ สาทร,วัตถุดิบ สาทร,,,รีม
stock_reorder_rawmat_sep11_12,rawmat_WF-60-26_5*38_5-SCG,กระดาษปอนด์ 60แกรม 26.5x38.5 นิ้ว SCG,วัตถุดิบ สาทร,วัตถุดิบ สาทร,60,,รีม
stock_reorder_rawmat_sep11_13,rawmat_WF-60-27*38_5-SCG,กระดาษปอนด์ 60แกรม 27x38.5 นิ้ว SCG,วัตถุดิบ สาทร,วัตถุดิบ สาทร,60,,รีม
stock_reorder_rawmat_sep11_14,rawmat_WF-60-27*34*SCG,กระดาษปอนด์ 60แกรม 27x34 นิ้ว SCG,วัตถุดิบ สาทร,วัตถุดิบ สาทร,40,,รีม
stock_reorder_rawmat_sep11_15,rawmat_WF-60-28_5*38_5-SCG,กระดาษปอนด์ 60แกรม 28.5x38.5 นิ้ว SCG,วัตถุดิบ สาทร,วัตถุดิบ สาทร,,,รีม
stock_reorder_rawmat_sep11_16,rawmat_WF-60-31*43-SCG,กระดาษปอนด์ 60แกรม 31*43 นิ้ว SCG,วัตถุดิบ สาทร,วัตถุดิบ สาทร,40,,รีม
stock_reorder_rawmat_sep11_17,rawmat_WF-60-31*43-AA,กระดาษปอนด์ 60แกรม 31*43 นิ้ว AA,วัตถุดิบ สาทร,วัตถุดิบ สาทร,30,,รีม
stock_reorder_rawmat_sep11_18,rawmat_WF-70-24*35-AA,กระดาษปอนด์ 70แกรม 24*35 นิ้ว AA,วัตถุดิบ สาทร,วัตถุดิบ สาทร,,,รีม
stock_reorder_rawmat_sep11_19,rawmat_WF-70-24*35-SCG,กระดาษปอนด์ 70แกรม 24*35 นิ้ว SCG,วัตถุดิบ สาทร,วัตถุดิบ สาทร,30,,รีม
stock_reorder_rawmat_sep11_20,rawmat_WF-70-24*34-SCG,กระดาษปอนด์ 70แกรม 24*34 นิ้ว SCG,วัตถุดิบ สาทร,วัตถุดิบ สาทร,,,รีม
stock_reorder_rawmat_sep11_21,rawmat_WF-70-26*33-SCG,กระดาษปอนด์ 70แกรม 26*33 นิ้ว SCG,วัตถุดิบ สาทร,วัตถุดิบ สาทร,,,รีม
stock_reorder_rawmat_sep11_22,rawmat_WF-26_5*38_5-AA,กระดาษปอนด์ 70แกรม 26.5*38.5 นิ้ว AA,วัตถุดิบ สาทร,วัตถุดิบ สาทร,30,,รีม
stock_reorder_rawmat_sep11_23,rawmat_WF-26_5*38_5-SCG,กระดาษปอนด์ 70แกรม 26.5*38.5 นิ้ว SCG,วัตถุดิบ สาทร,วัตถุดิบ สาทร,30,,รีม
stock_reorder_rawmat_sep11_24,rawmat_WF-70-27*34-SCG,กระดาษปอนด์ 70แกรม 27*34 นิ้ว SCG,วัตถุดิบ สาทร,วัตถุดิบ สาทร,,,รีม
stock_reorder_rawmat_sep11_25,rawmat_WF-70-27*34-AA,กระดาษปอนด์ 70แกรม 27*34 นิ้ว AA,วัตถุดิบ สาทร,วัตถุดิบ สาทร,,,รีม
stock_reorder_rawmat_sep11_26,rawmat_WF-70-28*40-SCG,กระดาษปอนด์ 70แกรม 28*40 นิ้ว SCG,วัตถุดิบ สาทร,วัตถุดิบ สาทร,,,รีม
stock_reorder_rawmat_sep11_27,rawmat_WF-70-31*43-SCG,กระดาษปอนด์ 70แกรม 31*43 นิ้ว SCG,วัตถุดิบ สาทร,วัตถุดิบ สาทร,30,,รีม
stock_reorder_rawmat_sep11_28,rawmat_WF-60-24*35-SCG,กระดาษปอนด์ 80แกรม 24*35 นิ้ว SCG,วัตถุดิบ สาทร,วัตถุดิบ สาทร,30,,รีม
stock_reorder_rawmat_sep11_29,rawmat_WF-80-27*34-BU,กระดาษปอนด์ 80แกรม 27*34 นิ้ว บูรพา,วัตถุดิบ สาทร,วัตถุดิบ สาทร,,,รีม
stock_reorder_rawmat_sep11_30,rawmat_WF-80-31*43-SCG,กระดาษปอนด์ 80แกรม 31*43 นิ้ว SCG,วัตถุดิบ สาทร,วัตถุดิบ สาทร,30,,รีม
stock_reorder_rawmat_sep11_31,rawmat_WF-100-24*35-AA,กระดาษปอนด์ 100แกรม 24*35 นิ้ว AA,วัตถุดิบ สาทร,วัตถุดิบ สาทร,20,,รีม
stock_reorder_rawmat_sep11_32,rawmat_WF-100-24*35-SCG,กระดาษปอนด์ 100แกรม 24*35 นิ้ว SCG,วัตถุดิบ สาทร,วัตถุดิบ สาทร,20,,รีม
stock_reorder_rawmat_sep11_33,rawmat_WF-100-24_5*39-SCG,กระดาษปอนด์ 100แกรม 24.5*39 นิ้ว SCG,วัตถุดิบ สาทร,วัตถุดิบ สาทร,,,รีม
stock_reorder_rawmat_sep11_34,rawmat_WF-100-26*33-SCG,กระดาษปอนด์ 100แกรม 26*33 นิ้ว SCG,วัตถุดิบ สาทร,วัตถุดิบ สาทร,,,รีม
stock_reorder_rawmat_sep11_35,rawmat_WF-100-27*34-SCG,กระดาษปอนด์ 100แกรม 27*34 นิ้ว SCG,วัตถุดิบ สาทร,วัตถุดิบ สาทร,,,รีม
stock_reorder_rawmat_sep11_36,rawmat_WF-100-28*40-SCG,กระดาษปอนด์ 100แกรม 28*40 นิ้ว SCG,วัตถุดิบ สาทร,วัตถุดิบ สาทร,,,รีม
stock_reorder_rawmat_sep11_37,rawmat_WF-100-28*40-INDO,กระดาษปอนด์ 100แกรม 28*40 นิ้ว INDO,วัตถุดิบ สาทร,วัตถุดิบ สาทร,,,รีม
stock_reorder_rawmat_sep11_38,rawmat_WF-100-31*43-SCG,กระดาษปอนด์ 100แกรม 31*43 นิ้ว SCG,วัตถุดิบ สาทร,วัตถุดิบ สาทร,30,,รีม
stock_reorder_rawmat_sep11_39,rawmat_WF-120-24*35-SCG,กระดาษปอนด์ 120แกรม 24*35 นิ้ว SCG,วัตถุดิบ สาทร,วัตถุดิบ สาทร,,,รีม
stock_reorder_rawmat_sep11_40,rawmat_WF-120-31*43-SCG,กระดาษปอนด์ 120แกรม 31*43 นิ้ว SCG,วัตถุดิบ สาทร,วัตถุดิบ สาทร,,,รีม
stock_reorder_rawmat_sep11_41,rawmat_NPR-70-31*43-SCG,กระดาษโน๊ตโปร 70แกรม 31*43 นิ้ว SCG,วัตถุดิบ สาทร,วัตถุดิบ สาทร,,,รีม
stock_reorder_rawmat_sep11_42,rawmat_NPR-80-20*25-SCG,กระดาษโน๊ตโปร 80แกรม 20*25 นิ้ว SCG,วัตถุดิบ สาทร,วัตถุดิบ สาทร,,,รีม
stock_reorder_rawmat_sep11_43,rawmat_GC-110-31*43-SCG,ดราฟท์เขียว 110แกรม 31*43 นิ้ว SCG,วัตถุดิบ สาทร,วัตถุดิบ สาทร,,,รีม
stock_reorder_rawmat_sep11_44,rawmat_GC-110-19*34-SCG,ดราฟท์เขียว 110แกรม 19*34 นิ้ว SCG,วัตถุดิบ สาทร,วัตถุดิบ สาทร,,,รีม
stock_reorder_rawmat_sep11_45,rawmat_GC-110-34*40_5-SCG,ดราฟท์เขียว 110แกรม 34*40.5 นิ้ว SCG,วัตถุดิบ สาทร,วัตถุดิบ สาทร,,,รีม
stock_reorder_rawmat_sep11_46,rawmat_GR-65-24*35-SCG,กระดาษถนอมสายตา 65แกรม 24*35 นิ้ว SCG,วัตถุดิบ สาทร,วัตถุดิบ สาทร,,,รีม
stock_reorder_rawmat_sep11_47,rawmat_GR-65-31*43-SCG,กระดาษถนอมสายตา 65แกรม 31*43 นิ้ว SCG,วัตถุดิบ สาทร,วัตถุดิบ สาทร,,,รีม
stock_reorder_rawmat_sep11_48,rawmat_GR-75-24*35-SCG,กระดาษถนอมสายตา 75แกรม 24*35 นิ้ว SCG,วัตถุดิบ สาทร,วัตถุดิบ สาทร,,,รีม
stock_reorder_rawmat_sep11_49,rawmat_GR-75-31*43-SCG,กระดาษถนอมสายตา 75แกรม 31*43 นิ้ว SCG,วัตถุดิบ สาทร,วัตถุดิบ สาทร,,,รีม
stock_reorder_rawmat_sep11_50,rawmat_GB-8A-27*31-RT,กระดาษแข็ง เบอร์8 A 27*31 นิ้ว เหรียญไทย,วัตถุดิบ สาทร,วัตถุดิบ สาทร,0,,รีม
stock_reorder_rawmat_sep11_51,rawmat_GB-10A-27*31-RT,กระดาษแข็ง เบอร์10 A 27*31 นิ้ว เหรียญไทย,วัตถุดิบ สาทร,วัตถุดิบ สาทร,0,,รีม
stock_reorder_rawmat_sep11_52,rawmat_GB-12A-41*20_5-BU,กระดาษแข็ง เบอร์12 A 41*20.5 นิ้ว บูรพา,วัตถุดิบ สาทร,วัตถุดิบ สาทร,0,,รีม
stock_reorder_rawmat_sep11_53,rawmat_GB-12A-33_5*46_5-BU,กระดาษแข็ง เบอร์12 A 33.5*46.5 นิ้ว บูรพา,วัตถุดิบ สาทร,วัตถุดิบ สาทร,0,,รีม
stock_reorder_rawmat_sep11_54,rawmat_GB-12A-27*31-RT,กระดาษแข็ง เบอร์12 A 27*31 นิ้ว เหรียญไทย,วัตถุดิบ สาทร,วัตถุดิบ สาทร,10,,รีม
stock_reorder_rawmat_sep11_55,rawmat_GB-16A-25*34-BU,กระดาษแข็ง เบอร์16 A 25*34 นิ้ว บูรพา,วัตถุดิบ สาทร,วัตถุดิบ สาทร,0,,รีม
stock_reorder_rawmat_sep11_56,rawmat_GB-16A-27*31-RT,กระดาษแข็ง เบอร์16 A 27*31 นิ้ว เหรียญไทย,วัตถุดิบ สาทร,วัตถุดิบ สาทร,20,,รีม
stock_reorder_rawmat_sep11_57,rawmat_GB-20A-27*31-RT,กระดาษแข็ง เบอร์20 A 27*31 นิ้ว เหรียญไทย,วัตถุดิบ สาทร,วัตถุดิบ สาทร,20,,รีม
stock_reorder_rawmat_sep11_58,rawmat_GB-20A-25-34-BU,กระดาษแข็ง เบอร์20 A 25*34 นิ้ว บูรพา,วัตถุดิบ สาทร,วัตถุดิบ สาทร,0,,รีม
stock_reorder_rawmat_sep11_59,rawmat_GB-24A-27*31-RT,กระดาษแข็ง เบอร์24 A 27*31 นิ้ว เหรียญไทย,วัตถุดิบ สาทร,วัตถุดิบ สาทร,20,,รีม
stock_reorder_rawmat_sep11_60,rawmat_GB-28A-27*31-RT,กระดาษแข็ง เบอร์28 A 27*31 นิ้ว เหรียญไทย,วัตถุดิบ สาทร,วัตถุดิบ สาทร,0,,รีม
stock_reorder_rawmat_sep11_61,rawmat_GB-32A-27*31-RT,กระดาษแข็ง เบอร์32 A 27*31 นิ้ว เหรียญไทย,วัตถุดิบ สาทร,วัตถุดิบ สาทร,20,,รีม
stock_reorder_rawmat_sep11_62,rawmat_GB-8B-27*31-KPB,กระดาษแข็ง เบอร์8 B 27*31 นิ้ว กิจไพบูลย์,วัตถุดิบ สาทร,วัตถุดิบ สาทร,10,,รีม
stock_reorder_rawmat_sep11_63,rawmat_GB-8B-31*43-KPB,กระดาษแข็ง เบอร์8 B 31*43 นิ้ว กิจไพบูลย์,วัตถุดิบ สาทร,วัตถุดิบ สาทร,0,,รีม
stock_reorder_rawmat_sep11_64,rawmat_GB-10B-27*31-KPB,กระดาษแข็ง เบอร์10 B 27*31 นิ้ว กิจไพบูลย์,วัตถุดิบ สาทร,วัตถุดิบ สาทร,10,,รีม
stock_reorder_rawmat_sep11_65,rawmat_GB-12B-24*34-KPB,กระดาษแข็ง เบอร์12 B 24*34 นิ้ว กิจไพบูลย์,วัตถุดิบ สาทร,วัตถุดิบ สาทร,0,,รีม
stock_reorder_rawmat_sep11_66,rawmat_GB-12B-27*31-KPB,กระดาษแข็ง เบอร์12 B 27*31 นิ้ว กิจไพบูลย์,วัตถุดิบ สาทร,วัตถุดิบ สาทร,10,,รีม
stock_reorder_rawmat_sep11_67,rawmat_GB-16B-21*31-KPB,กระดาษแข็ง เบอร์16 B 21*31 นิ้ว กิจไพบูลย์,วัตถุดิบ สาทร,วัตถุดิบ สาทร,0,,รีม
stock_reorder_rawmat_sep11_68,rawmat_GB-16B-22_5*31-KPB,กระดาษแข็ง เบอร์16 B 22.5*31 นิ้ว กิจไพบูลย์,วัตถุดิบ สาทร,วัตถุดิบ สาทร,0,,รีม
stock_reorder_rawmat_sep11_69,rawmat_GB-16B-27*31-KPB,กระดาษแข็ง เบอร์16 B 27*31 นิ้ว กิจไพบูลย์,วัตถุดิบ สาทร,วัตถุดิบ สาทร,10,,รีม
stock_reorder_rawmat_sep11_70,rawmat_GB-16B-24*34-KPB,กระดาษแข็ง เบอร์16 B 24*34 นิ้ว กิจไพบูลย์,วัตถุดิบ สาทร,วัตถุดิบ สาทร,0,,รีม
stock_reorder_rawmat_sep11_71,rawmat_GB-16B-24*35-KPB,กระดาษแข็ง เบอร์16 B 24*35 นิ้ว กิจไพบูลย์,วัตถุดิบ สาทร,วัตถุดิบ สาทร,0,,รีม
stock_reorder_rawmat_sep11_72,rawmat_GB-16B-26_5*32_5-KPB,กระดาษแข็ง เบอร์16 B 26.5*32.5 นิ้ว กิจไพบูลย์,วัตถุดิบ สาทร,วัตถุดิบ สาทร,15,,รีม
stock_reorder_rawmat_sep11_73,rawmat_GB-16B-31_5*34-KPB,กระดาษแข็ง เบอร์16 B 31.5*34 นิ้ว กิจไพบูลย์,วัตถุดิบ สาทร,วัตถุดิบ สาทร,0,,รีม
stock_reorder_rawmat_sep11_74,rawmat_GB-16B-31*43-KPB,กระดาษแข็ง เบอร์16 B 31*43 นิ้ว กิจไพบูลย์,วัตถุดิบ สาทร,วัตถุดิบ สาทร,0,,รีม
stock_reorder_rawmat_sep11_75,rawmat_GB-20B-27*31-KPB,กระดาษแข็ง เบอร์20 B 27*31 นิ้ว กิจไพบูลย์,วัตถุดิบ สาทร,วัตถุดิบ สาทร,10,,รีม
stock_reorder_rawmat_sep11_76,rawmat_GB-20B-26_5*32_5-KPB,กระดาษแข็ง เบอร์20 B 26.5*32.5 นิ้ว กิจไพบูลย์,วัตถุดิบ สาทร,วัตถุดิบ สาทร,15,,รีม
stock_reorder_rawmat_sep11_77,rawmat_GB-20B-30*32-KPB,กระดาษแข็ง เบอร์20 B 30*32 นิ้ว กิจไพบูลย์,วัตถุดิบ สาทร,วัตถุดิบ สาทร,0,,รีม
stock_reorder_rawmat_sep11_78,rawmat_NP-49-24*25-SHIN,กระดาษปรุ๊ฟขาว 49แกรม 24*35 นิ้ว ชินโฮ,วัตถุดิบ สาทร,วัตถุดิบ สาทร,0,,รีม
stock_reorder_rawmat_sep11_79,rawmat_NP-50-31*43-PM,กระดาษปรุ๊ฟขาว 50แกรม 31*43 นิ้ว พรีเมียม,วัตถุดิบ สาทร,วัตถุดิบ สาทร,10,,รีม
stock_reorder_rawmat_sep11_80,rawmat_CR-110-35*47-KT,กระดาษน้ำตาล 110แกรม 35*47นิ้ว กรุงไทย,วัตถุดิบ สาทร,วัตถุดิบ สาทร,5,,รีม
stock_reorder_rawmat_sep11_81,rawmat_ST-106*70-C_A_S_,สติกเกอร์ขาวเงา 106*70 ซม. C.A.S.,วัตถุดิบ สาทร,วัตถุดิบ สาทร,,,แผ่น
stock_reorder_rawmat_sep11_82,rawmat_DP-80-31*43-SS,กระดาษวาดเขียน 80แกรม 31*43 นิ้ว ศิริศักดิ์ ,วัตถุดิบ สาทร,วัตถุดิบ สาทร,10,,รีม
stock_reorder_rawmat_sep11_83,rawmat_DP-90-25_5*42-SS,กระดาษวาดเขียน 90แกรม 25.5*42 นิ้ว ศิริศักดิ์ ,วัตถุดิบ สาทร,วัตถุดิบ สาทร,0,,รีม
stock_reorder_rawmat_sep11_84,rawmat_DP-90-31*43-SS,กระดาษวาดเขียน 90แกรม 31*43 นิ้ว ศิริศักดิ์ ,วัตถุดิบ สาทร,วัตถุดิบ สาทร,50,,รีม
stock_reorder_rawmat_sep11_85,rawmat_DP-120-31*43-SS,กระดาษวาดเขียน 120แกรม 31*43 นิ้ว ศิริศักดิ์ ,วัตถุดิบ สาทร,วัตถุดิบ สาทร,50,,รีม
stock_reorder_rawmat_sep11_86,rawmat_DP-150-31*43-SS,กระดาษวาดเขียน 150แกรม 31*43 นิ้ว ศิริศักดิ์ ,วัตถุดิบ สาทร,วัตถุดิบ สาทร,10,,รีม
stock_reorder_rawmat_sep11_87,rawmat_GW-230-31*43-TP,กระดาษกล่องเทาขาว 230แกรม 31*43 นิ้ว เทพพัฒนา,วัตถุดิบ สาทร,วัตถุดิบ สาทร,2,,รีม
stock_reorder_rawmat_sep11_88,rawmat_GW-250-31*43-TP,กระดาษกล่องเทาขาว 250แกรม 31*43 นิ้ว เทพพัฒนา,วัตถุดิบ สาทร,วัตถุดิบ สาทร,2,,รีม
stock_reorder_rawmat_sep11_89,rawmat_GW-270-31*43-TP,กระดาษกล่องเทาขาว 270แกรม 31*43 นิ้ว เทพพัฒนา,วัตถุดิบ สาทร,วัตถุดิบ สาทร,3,,รีม
stock_reorder_rawmat_sep11_90,rawmat_GW-310-31*43-TP,กระดาษกล่องเทาขาว 310แกรม 31*43 นิ้ว เทพพัฒนา,วัตถุดิบ สาทร,วัตถุดิบ สาทร,2,,รีม
stock_reorder_rawmat_sep11_91,rawmat_GW-350-31*43-TP,กระดาษกล่องเทาขาว 350แกรม 31*43 นิ้ว เทพพัฒนา,วัตถุดิบ สาทร,วัตถุดิบ สาทร,3,,รีม
stock_reorder_rawmat_sep11_92,rawmat_GW-400-31*43-TP,กระดาษกล่องเทาขาว 400แกรม 31*43 นิ้ว เทพพัฒนา,วัตถุดิบ สาทร,วัตถุดิบ สาทร,2,,รีม
stock_reorder_rawmat_sep11_93,rawmat_GW-450-31*43-TP,กระดาษกล่องเทาขาว 450แกรม 31*43 นิ้ว เทพพัฒนา,วัตถุดิบ สาทร,วัตถุดิบ สาทร,2,,รีม
stock_reorder_rawmat_sep11_94,rawmat_GW-500-31*43-TP,กระดาษกล่องเทาขาว 500แกรม 31*43 นิ้ว เทพพัฒนา,วัตถุดิบ สาทร,วัตถุดิบ สาทร,2,,รีม
stock_reorder_rawmat_sep11_95,rawmat_GBW-250-31*43-TP,กล่องแป้งหลังเทา 250แกรม 31*43 นิ้ว เทพพัฒนา,วัตถุดิบ สาทร,วัตถุดิบ สาทร,0,,รีม
stock_reorder_rawmat_sep11_96,rawmat_GBW-270-37*36-TP,กล่องแป้งหลังเทา 270แกรม 37*36 นิ้ว เทพพัฒนา,วัตถุดิบ สาทร,วัตถุดิบ สาทร,0,,รีม
stock_reorder_rawmat_sep11_97,rawmat_GBW-270-31*43-RT,กล่องแป้งหลังเทา 270แกรม 31*43 นิ้ว เหรียญไทย,วัตถุดิบ สาทร,วัตถุดิบ สาทร,0,,รีม
stock_reorder_rawmat_sep11_98,rawmat_GBW-310-31*43-C_A_S_,กล่องแป้งหลังเทา 310 แกรม 31*43 นิ้ว C.A.S.,วัตถุดิบ สาทร,วัตถุดิบ สาทร,0,,รีม
stock_reorder_rawmat_sep11_99,rawmat_GBW-350-31*43-C_A_S_,กล่องแป้งหลังเทา 350แกรม 31*43 นิ้ว C.A.S.,วัตถุดิบ สาทร,วัตถุดิบ สาทร,0,,รีม
stock_reorder_rawmat_sep11_100,rawmat_GBW-450-31*43-TCB,กล่องแป้งหลังเทา 450แกรม 31*43 นิ้ว TCB,วัตถุดิบ สาทร,วัตถุดิบ สาทร,0,,รีม
stock_reorder_rawmat_sep11_101,rawmat_GBW-500-31*43-C_A_S_,กล่องแป้งหลังเทา 500แกรม 31*43 นิ้ว C.A.S.,วัตถุดิบ สาทร,วัตถุดิบ สาทร,0,,รีม
stock_reorder_rawmat_sep11_102,rawmat_WB-210-27_5*39-INDO,กล่องแป้งหลังขาว 210แกรม 27.5*39 นิ้ว INDO,วัตถุดิบ สาทร,วัตถุดิบ สาทร,1,,รีม
stock_reorder_rawmat_sep11_103,rawmat_WB-310-27_5*39-INDO,กล่องแป้งหลังขาว 310แกรม 27.5*39 นิ้ว INDO,วัตถุดิบ สาทร,วัตถุดิบ สาทร,0,,รีม
stock_reorder_rawmat_sep11_104,rawmat_WB-500-31*43-C_A_S_,กล่องแป้งหลังขาว 500แกรม 31*43 นิ้ว C.A.S.,วัตถุดิบ สาทร,วัตถุดิบ สาทร,0,,รีม
stock_reorder_rawmat_sep11_105,rawmat_1SAC-210-31*31_5-C_A_S_,อาร์ตการ์ด 1 หน้า 210แกรม 31*31.5 นิ้ว C.A.S.,วัตถุดิบ สาทร,วัตถุดิบ สาทร,0,,รีม
stock_reorder_rawmat_sep11_106,rawmat_1SAC-210-31*43-C_A_S_,อาร์ตการ์ด 1 หน้า 210แกรม 31*43 นิ้ว C.A.S.,วัตถุดิบ สาทร,วัตถุดิบ สาทร,0,,รีม
stock_reorder_rawmat_sep11_107,rawmat_1SAC-230-25*36-C_A_S_,อาร์ตการ์ด 1 หน้า 230แกรม 25*36 นิ้ว C.A.S.,วัตถุดิบ สาทร,วัตถุดิบ สาทร,0,,รีม
stock_reorder_rawmat_sep11_108,rawmat_1SAC-350-31*43-C_A_S_,อาร์ตการ์ด 1 หน้า 230แกรม 31*43 นิ้ว C.A.S.,วัตถุดิบ สาทร,วัตถุดิบ สาทร,0,,รีม
stock_reorder_rawmat_sep11_109,rawmat_1SAC-350-31*43-NB,อาร์ตการ์ด 1 หน้า 350แกรม 31*43 นิ้ว NB,วัตถุดิบ สาทร,วัตถุดิบ สาทร,0,,รีม
stock_reorder_rawmat_sep11_110,rawmat_1SAC-400-25*36-BL,อาร์ตการ์ด 1 หน้า 400แกรม 25*36 นิ้ว BL,วัตถุดิบ สาทร,วัตถุดิบ สาทร,0,,รีม
stock_reorder_rawmat_sep11_111,rawmat_GAP-90-31*43-SCG,อาร์ตมัน 90แกรม 31*43 นิ้ว SCG,วัตถุดิบ สาทร,วัตถุดิบ สาทร,0,,รีม
stock_reorder_rawmat_sep11_112,rawmat_GAP-128-31*35-C_A_S_,อาร์ตมัน 128แกรม 31*35 นิ้ว C.A.S.,วัตถุดิบ สาทร,วัตถุดิบ สาทร,0,,รีม
stock_reorder_rawmat_sep11_113,rawmat_GAP-128-31*43-C_A_S_,อาร์ตมัน 128แกรม 31*43 นิ้ว C.A.S.,วัตถุดิบ สาทร,วัตถุดิบ สาทร,0,,รีม
stock_reorder_rawmat_sep11_114,rawmat_GAP-130-25*36-SCG,อาร์ตมัน 130แกรม 25*36 นิ้ว SCG,วัตถุดิบ สาทร,วัตถุดิบ สาทร,3,,รีม
stock_reorder_rawmat_sep11_115,rawmat_GAP-130-31*43-SCG,อาร์ตมัน 130แกรม 31*43 นิ้ว SCG,วัตถุดิบ สาทร,วัตถุดิบ สาทร,5,,รีม
stock_reorder_rawmat_sep11_116,rawmat_GAP-160-25*36-SCG,อาร์ตมัน 160แกรม 25*36 นิ้ว SCG,วัตถุดิบ สาทร,วัตถุดิบ สาทร,3,,รีม
stock_reorder_rawmat_sep11_117,rawmat_GAP-160-31*43-C_A_S_,อาร์ตมัน 160แกรม 31*43 นิ้ว C.A.S.,วัตถุดิบ สาทร,วัตถุดิบ สาทร,3,,รีม
stock_reorder_rawmat_sep11_118,rawmat_2SAC-190-25*36-SCG,อาร์ตการ์ด 2 หน้า 190แกรม 25*36 นิ้ว SCG,วัตถุดิบ สาทร,วัตถุดิบ สาทร,0,,รีม
stock_reorder_rawmat_sep11_119,rawmat_2SAC-210-25*36-SCG,อาร์ตการ์ด 2 หน้า 210แกรม 25*36 นิ้ว SCG,วัตถุดิบ สาทร,วัตถุดิบ สาทร,2,,รีม
stock_reorder_rawmat_sep11_120,rawmat_2SAC-210-31*43-SCG,อาร์ตการ์ด 2 หน้า 210แกรม 31*43 นิ้ว SCG,วัตถุดิบ สาทร,วัตถุดิบ สาทร,2,,รีม
stock_reorder_rawmat_sep11_121,rawmat_2SAC-260-25*36-SCG,อาร์ตการ์ด 2 หน้า 260แกรม 25*36 นิ้ว SCG,วัตถุดิบ สาทร,วัตถุดิบ สาทร,0,,รีม
stock_reorder_rawmat_sep11_122,rawmat_2SAC-260-31*43-C_A_S_,อาร์ตการ์ด 2 หน้า 260แกรม 31*43 นิ้ว C.A.S.,วัตถุดิบ สาทร,วัตถุดิบ สาทร,0,,รีม
stock_reorder_rawmat_sep11_123,rawmat_2SAC-310-25*36-C_A_S,อาร์ตการ์ด 2 หน้า 310แกรม 25*36 นิ้ว C.A.S.,วัตถุดิบ สาทร,วัตถุดิบ สาทร,0,,รีม
stock_reorder_rawmat_sep11_124,rawmat_2SAC-310-31*43-MU,อาร์ตการ์ด 2 หน้า 310แกรม 31*43 นิ้ว มูริม,วัตถุดิบ สาทร,วัตถุดิบ สาทร,0,,รีม
stock_reorder_rawmat_sep11_125,rawmat_2SAC-350-25*36-C_A_S_,อาร์ตการ์ด 2 หน้า 350แกรม 25*36 นิ้ว C.A.S.,วัตถุดิบ สาทร,วัตถุดิบ สาทร,0,,รีม
stock_reorder_rawmat_sep11_126,rawmat_MAC-300-31*43-PPL,อาร์ตการ์ดด้าน 2 หน้า 300แกรม 31*43 นิ้ว เปเปอร์แลนด์,วัตถุดิบ สาทร,วัตถุดิบ สาทร,0,,รีม
stock_reorder_rawmat_sep11_127,rawmat_CWF-110-27_5*39-ฟ้า-INDO,กระดาษการ์ดสี 110แกรม 27.5*39 นิ้ว สีฟ้า INDO,วัตถุดิบ สาทร,วัตถุดิบ สาทร,2,,รีม
stock_reorder_rawmat_sep11_128,rawmat_CWF-110-27_5*39-เขียว-INDO,กระดาษการ์ดสี 110แกรม 27.5*39 นิ้ว สีเขียว INDO,วัตถุดิบ สาทร,วัตถุดิบ สาทร,2,,รีม
stock_reorder_rawmat_sep11_129,rawmat_CWF-110-27_5*39-ชมพู-INDO,กระดาษการ์ดสี 110แกรม 27.5*39 นิ้ว สีชมพู INDO,วัตถุดิบ สาทร,วัตถุดิบ สาทร,2,,รีม
stock_reorder_rawmat_sep11_130,rawmat_CWF-110-27_5*39-เหลือง-INDO,กระดาษการ์ดสี 110แกรม 27.5*39 นิ้ว สีเหลือง INDO,วัตถุดิบ สาทร,วัตถุดิบ สาทร,2,,รีม
stock_reorder_rawmat_sep11_131,rawmat_CWF-110-31*43-ชมพู-INDO,กระดาษการ์ดสี 110แกรม 31*43 นิ้ว สีชมพู INDO,วัตถุดิบ สาทร,วัตถุดิบ สาทร,3,,รีม
stock_reorder_rawmat_sep11_132,rawmat_CWF-110-31*43-เขียว-INDO,กระดาษการ์ดสี 110แกรม 31*43 นิ้ว สีเขียว INDO,วัตถุดิบ สาทร,วัตถุดิบ สาทร,3,,รีม
stock_reorder_rawmat_sep11_133,rawmat_CWF-110-31*43-ฟ้า-INDO,กระดาษการ์ดสี 110แกรม 31*43 นิ้ว สีฟ้า INDO,วัตถุดิบ สาทร,วัตถุดิบ สาทร,3,,รีม
stock_reorder_rawmat_sep11_134,rawmat_CWF-110-31*43-เหลือง-INDO,กระดาษการ์ดสี 110แกรม 31*43 นิ้ว สีเหลือง INDO,วัตถุดิบ สาทร,วัตถุดิบ สาทร,3,,รีม
stock_reorder_rawmat_sep11_135,rawmat_CWF-110-31*43-ฟ้า-SCG,กระดาษการ์ดสี 110แกรม 31*43 นิ้ว สีฟ้า SCG,วัตถุดิบ สาทร,วัตถุดิบ สาทร,0,,รีม
stock_reorder_rawmat_sep11_136,rawmat_CWF-110-31*43-ครีม-SCG,กระดาษการ์ดสี 110แกรม 31*43 นิ้ว สีครีม SCG,วัตถุดิบ สาทร,วัตถุดิบ สาทร,0,,รีม
stock_reorder_rawmat_sep11_137,rawmat_CWF-110-31*43-ม่วง-SCG,กระดาษการ์ดสี 110แกรม 31*43 นิ้ว สีม่วง SCG,วัตถุดิบ สาทร,วัตถุดิบ สาทร,0,,รีม
stock_reorder_rawmat_sep11_138,rawmat_CWF-110-31*43-ส้ม-SCG,กระดาษการ์ดสี 110แกรม 31*43 นิ้ว สีส้ม SCG,วัตถุดิบ สาทร,วัตถุดิบ สาทร,0,,รีม
stock_reorder_rawmat_sep11_139,rawmat_CWF-120-25_5*35_5-ขาว-INDO,กระดาษการ์ดสี 120แกรม 25.5*35.5 นิ้ว สีขาว INDO,วัตถุดิบ สาทร,วัตถุดิบ สาทร,5,,รีม
stock_reorder_rawmat_sep11_140,rawmat_CWF-120-31*43-ขาว-SCG,กระดาษการ์ดสี 120แกรม 31*43 นิ้ว สีขาว SCG,วัตถุดิบ สาทร,วัตถุดิบ สาทร,0,,รีม
stock_reorder_rawmat_sep11_141,rawmat_CWF-120-31*43-ชมพู-SCG,กระดาษการ์ดสี 120แกรม 31*43 นิ้ว สีชมพู SCG,วัตถุดิบ สาทร,วัตถุดิบ สาทร,0,,รีม
stock_reorder_rawmat_sep11_142,rawmat_CWF-150-31*43-ฟ้า-SCG,กระดาษการ์ดสี 150แกรม 31*43 นิ้ว สีฟ้า SCG,วัตถุดิบ สาทร,วัตถุดิบ สาทร,1,,รีม
stock_reorder_rawmat_sep11_143,rawmat_CWF-150-31*43-ชมพู-SCG,กระดาษการ์ดสี 150แกรม 31*43 นิ้ว สีชมพู SCG,วัตถุดิบ สาทร,วัตถุดิบ สาทร,1,,รีม
stock_reorder_rawmat_sep11_144,rawmat_CWF-150-31*43-เหลือง-SCG,กระดาษการ์ดสี 150แกรม 31*43 นิ้ว สีเหลือง SCG,วัตถุดิบ สาทร,วัตถุดิบ สาทร,1,,รีม
stock_reorder_rawmat_sep11_145,rawmat_CWF-150-31*43-ฟ้า-SCG,กระดาษการ์ดสี 150แกรม 31*43 นิ้ว สีเขียว SCG,วัตถุดิบ สาทร,วัตถุดิบ สาทร,1,,รีม
stock_reorder_rawmat_sep11_146,rawmat_CWF-150-25*35_5-ขาว-SCG,กระดาษการ์ดสี 150แกรม 25*35.5 นิ้ว สีขาว SCG,วัตถุดิบ สาทร,วัตถุดิบ สาทร,5,,รีม
stock_reorder_rawmat_sep11_147,rawmat_CWF-180-31*43-ฟ้า-SCG,กระดาษการ์ดสี 180แกรม 31*43 นิ้ว สีฟ้า SCG,วัตถุดิบ สาทร,วัตถุดิบ สาทร,1,,รีม
stock_reorder_rawmat_sep11_148,rawmat_CWF-180-31*43-ชมพู-SCG,กระดาษการ์ดสี 180แกรม 31*43 นิ้ว สีชมพู SCG,วัตถุดิบ สาทร,วัตถุดิบ สาทร,1,,รีม
stock_reorder_rawmat_sep11_149,rawmat_CWF-180-31*43-เขียว-SCG,กระดาษการ์ดสี 180แกรม 31*43 นิ้ว สีเขียว SCG,วัตถุดิบ สาทร,วัตถุดิบ สาทร,1,,รีม
stock_reorder_rawmat_sep11_150,rawmat_CWF-180-31*43-เหลือง-SCG,กระดาษการ์ดสี 180แกรม 31*43 นิ้ว สีเหลือง SCG,วัตถุดิบ สาทร,วัตถุดิบ สาทร,1,,รีม
stock_reorder_rawmat_sep11_151,rawmat_CWF-180-25*35_5-ชมพู-SCG,กระดาษการ์ดสี 180แกรม 25*35.5 นิ้ว สีชมพู SCG,วัตถุดิบ สาทร,วัตถุดิบ สาทร,0,,รีม
stock_reorder_rawmat_sep11_152,rawmat_CWF-180-25*35_5-เหลือง-SCG,กระดาษการ์ดสี 180แกรม 25*35.5 นิ้ว สีเหลือง SCG,วัตถุดิบ สาทร,วัตถุดิบ สาทร,0,,รีม
stock_reorder_rawmat_sep11_153,rawmat_CWF-180-25*35_5-ฟ้า-SCG,กระดาษการ์ดสี 180แกรม 25*35.5 นิ้ว สีฟ้า SCG,วัตถุดิบ สาทร,วัตถุดิบ สาทร,0,,รีม
stock_reorder_rawmat_sep11_154,rawmat_CWF-180-25*35_5-ขาว-SCG,กระดาษการ์ดสี 180แกรม 25*35.5 นิ้ว สีขาว SCG,วัตถุดิบ สาทร,วัตถุดิบ สาทร,5,,รีม
stock_reorder_rawmat_sep11_155,rawmat_CWF-180-25*35_5-เขียว-SCG,กระดาษการ์ดสี 180แกรม 25*35.5 นิ้ว สีเขียว SCG,วัตถุดิบ สาทร,วัตถุดิบ สาทร,0,,รีม
stock_reorder_rawmat_sep11_156,rawmat_CWF-210-31*43-ฟ้า-SCG,กระดาษการ์ดสี 210แกรม 31*43 นิ้ว สีฟ้า SCG,วัตถุดิบ สาทร,วัตถุดิบ สาทร,1,,รีม
stock_reorder_rawmat_sep11_157,rawmat_CWF-210-31*43-ชมพู-SCG,กระดาษการ์ดสี 210แกรม 31*43 นิ้ว สีชมพู SCG,วัตถุดิบ สาทร,วัตถุดิบ สาทร,1,,รีม
stock_reorder_rawmat_sep11_158,rawmat_CWF-210-31*43-เหลือง-SCG,กระดาษการ์ดสี 210แกรม 31*43 นิ้ว สีเหลือง SCG,วัตถุดิบ สาทร,วัตถุดิบ สาทร,1,,รีม
stock_reorder_rawmat_sep11_159,rawmat_CWF-210-31*43-เขียว-SCG,กระดาษการ์ดสี 210แกรม 31*43 นิ้ว สีเขียว SCG,วัตถุดิบ สาทร,วัตถุดิบ สาทร,1,,รีม
stock_reorder_rawmat_sep11_160,rawmat_CWF-210-31*43-ขาว-SCG,กระดาษการ์ดสี 210แกรม 31*43 นิ้ว สีขาว SCG,วัตถุดิบ สาทร,วัตถุดิบ สาทร,1,,รีม
stock_reorder_rawmat_sep11_161,rawmat_CWF-210-31*43-ส้ม-KT,กระดาษการ์ดสี 210แกรม 31*43 นิ้ว สีส้ม กรุงไทย,วัตถุดิบ สาทร,วัตถุดิบ สาทร,0,,รีม
stock_reorder_rawmat_sep11_162,rawmat_CWF-230-31*43-ชมพู-KT,กระดาษการ์ดสี 230แกรม 31*43 นิ้ว สีชมพู กรุงไทย,วัตถุดิบ สาทร,วัตถุดิบ สาทร,0,,รีม
stock_reorder_rawmat_sep11_163,rawmat_CWF-230-31*43-ฟ้า-KT,กระดาษการ์ดสี 230แกรม 31*43 นิ้ว สีฟ้า กรุงไทย,วัตถุดิบ สาทร,วัตถุดิบ สาทร,0,,รีม
stock_reorder_rawmat_sep11_164,rawmat_CWF-240-31*43-ฟ้า-SCG,กระดาษการ์ดสี 240แกรม 31*43 นิ้ว สีฟ้า SCG,วัตถุดิบ สาทร,วัตถุดิบ สาทร,0,,รีม
stock_reorder_rawmat_sep11_165,rawmat_CWF-240-31*43-ชมพู-SCG,กระดาษการ์ดสี 240แกรม 31*43 นิ้ว สีชมพู SCG,วัตถุดิบ สาทร,วัตถุดิบ สาทร,0,,รีม
stock_reorder_rawmat_sep11_166,rawmat_CWF-240-31*43-เหลือง-SCG,กระดาษการ์ดสี 240แกรม 31*43 นิ้ว สีเหลือง SCG,วัตถุดิบ สาทร,วัตถุดิบ สาทร,0,,รีม
stock_reorder_rawmat_sep11_167,rawmat_CWF-240-31*43-ขาว-SCG,กระดาษการ์ดสี 240แกรม 31*43 นิ้ว สีขาว SCG,วัตถุดิบ สาทร,วัตถุดิบ สาทร,0,,รีม
stock_reorder_rawmat_sep11_168,rawmat_CWF-240-31*43-เขียว-SCG,กระดาษการ์ดสี 240แกรม 31*43 นิ้ว สีเขียว SCG,วัตถุดิบ สาทร,วัตถุดิบ สาทร,0,,รีม
stock_reorder_rawmat_sep11_169,rawmat_CWF-350-31*43-ส้ม-KT,กระดาษการ์ดสี 350แกรม 31*43 นิ้ว สีส้ม กรุงไทย,วัตถุดิบ สาทร,วัตถุดิบ สาทร,0,,รีม
stock_reorder_rawmat_sep11_170,rawmat_CWF-350-31*43-เหลือง-KT,กระดาษการ์ดสี 350แกรม 31*43 นิ้ว สีเหลือง กรุงไทย,วัตถุดิบ สาทร,วัตถุดิบ สาทร,0,,รีม
stock_reorder_rawmat_sep11_171,rawmat_CWF-350-31*43-ฟ้า-KT,กระดาษการ์ดสี 350แกรม 31*43 นิ้ว สีฟ้า กรุงไทย,วัตถุดิบ สาทร,วัตถุดิบ สาทร,0,,รีม
stock_reorder_rawmat_sep11_172,rawmat_CWF-350-31*43-เขียว-KT,กระดาษการ์ดสี 350แกรม 31*43 นิ้ว สีเขียว กรุงไทย,วัตถุดิบ สาทร,วัตถุดิบ สาทร,0,,รีม
stock_reorder_rawmat_sep11_173,rawmat_CWF-350-31*43-ชมพู-KT,กระดาษการ์ดสี 350แกรม 31*43 นิ้ว สีชมพู กรุงไทย,วัตถุดิบ สาทร,วัตถุดิบ สาทร,0,,รีม
stock_reorder_rawmat_sep11_174,rawmat_BP-55-17_75*36_5-ชมพู,กระดาษแบงค์สี 55แกรม 17.75*36.5 นิ้ว สีชมพู,วัตถุดิบ สาทร,วัตถุดิบ สาทร,,,รีม
stock_reorder_rawmat_sep11_175,rawmat_PP-DC-0_2-660*920-MIZ,พลาสติก PP ใสขุ่น 0.2 มม. 660*920 มม. มิซูยา,วัตถุดิบ สาทร,วัตถุดิบ สาทร,,,กก.
stock_reorder_rawmat_sep11_176,rawmat_PP-MW-0_2-560*770-MIZ,พลาสติก PP ขาวนม 0.2 มม. 560*770 มม. มิซูยา,วัตถุดิบ สาทร,วัตถุดิบ สาทร,,,กก.
stock_reorder_rawmat_sep11_177,rawmat_PP-MW-0_2-520*750-MIZ,พลาสติก PP ขาวนม 0.2 มม. 520*750 มม. มิซูยา,วัตถุดิบ สาทร,วัตถุดิบ สาทร,,,กก.
stock_reorder_rawmat_sep11_178,rawmat_PP-DC-0_6-530*750-NR,พลาสติก PP ใสขุ่น 0.6 มม. 530*750 มม. นำรุ่ง,วัตถุดิบ สาทร,วัตถุดิบ สาทร,,,กก.
stock_reorder_rawmat_sep11_179,rawmat_PP-MW-0_18-400*800-MIZ,พลาสติก PP ขาวนม 0.18 มม. 400*800 มม. มิซูยา,วัตถุดิบ สาทร,วัตถุดิบ สาทร,,,กก.
stock_reorder_rawmat_sep11_180,rawmat_PP-MW-0_18-540*710-MIZ,พลาสติก PP ขาวนม 0.18 มม. 540*710 มม. มิซูยา,วัตถุดิบ สาทร,วัตถุดิบ สาทร,,,กก.
stock_reorder_rawmat_sep11_181,rawmat_PP-MW-0_18-690*790-MIZ,พลาสติก PP ขาวนม 0.18 มม. 690*790 มม. มิซูยา,วัตถุดิบ สาทร,วัตถุดิบ สาทร,,,กก.
stock_reorder_rawmat_sep11_182,rawmat_PP-MW-0_18-550*790-MIZ,พลาสติก PP ขาวนม 0.18 มม. 550*790 มม. มิซูยา,วัตถุดิบ สาทร,วัตถุดิบ สาทร,,,กก.
stock_reorder_rawmat_sep11_183,rawmat_PP-WS-0_23-570*740-NR,พลาสติก PP ขาวเรียบลายทราย 0.23 มม. 570*740 นำรุ่ง,วัตถุดิบ สาทร,วัตถุดิบ สาทร,,,กก.
stock_reorder_rawmat_sep11_184,rawmat_PP-WS-0_25-520*750-MIZ,พลาสติก PP ขาวเรียบลายทราย 0.25 มม. 520*750 มิซูยา,วัตถุดิบ สาทร,วัตถุดิบ สาทร,,,กก.
stock_reorder_rawmat_sep11_185,rawmat_PP-DC-0_45-460*640-NR,พลาสติก PP ใส่ขุ่น 0.45 มม. 460*640 มม. นำรุ่ง,วัตถุดิบ สาทร,วัตถุดิบ สาทร,,,กก.
stock_reorder_rawmat_sep11_186,rawmat_PP-OW-0_45-460*640-NR,พลาสติก PP ขาวทึบ 0.45 มม. 460*640 มม. นำรุ่ง,วัตถุดิบ สาทร,วัตถุดิบ สาทร,,,กก.
stock_reorder_rawmat_sep11_187,rawmat_PP-OW-0_45-640*880-NR,พลาสติก PP ขาวทึบ 0.45 มม. 640*880 มม. นำรุ่ง,วัตถุดิบ สาทร,วัตถุดิบ สาทร,,,กก.
stock_reorder_rawmat_sep11_188,rawmat_PP-OW-0_45-640*770-NR,พลาสติก PP ขาวทึบ 0.45 มม. 640*770 มม. นำรุ่ง,วัตถุดิบ สาทร,วัตถุดิบ สาทร,,,กก.
stock_reorder_rawmat_sep11_189,rawmat_PP-OW-0_45-560*770-NR,พลาสติก PP ขาวทึบ 0.45 มม. 560*770 มม. นำรุ่ง,วัตถุดิบ สาทร,วัตถุดิบ สาทร,,,กก.
stock_reorder_rawmat_sep11_190,rawmat_PP-BLK-0_45-460*640-MIZ,พลาสติก PP สีดำ 0.45 มม. 460*640 มม. มิซูยา,วัตถุดิบ สาทร,วัตถุดิบ สาทร,,,กก.
stock_reorder_rawmat_sep11_191,rawmat_PP-BLK-0_45-560*770-MIZ,พลาสติก PP สีดำ 0.45 มม. 560*770 มม. มิซูยา,วัตถุดิบ สาทร,วัตถุดิบ สาทร,,,กก.
stock_reorder_rawmat_sep11_192,rawmat_PP-B-0_45-460*770-NR,พลาสติก PP สีฟ้า 0.45 มม. 560*770 มม. นำรุ่ง,วัตถุดิบ สาทร,วัตถุดิบ สาทร,,,กก.
stock_reorder_rawmat_sep11_193,rawmat_PP-GR-0_45-460*770-NR,พลาสติก PP สีเขียว 0.45 มม. 560*770 มม. นำรุ่ง,วัตถุดิบ สาทร,วัตถุดิบ สาทร,,,กก.
stock_reorder_rawmat_sep11_194,rawmat_PP-P-0_45-460*770-NR,พลาสติก PP สีชมพู 0.45 มม. 560*770 มม. นำรุ่ง,วัตถุดิบ สาทร,วัตถุดิบ สาทร,,,กก.
stock_reorder_rawmat_sep11_195,rawmat_PP-SP-0_55-560*770-MIZ,พลาสติก PP สีชมพูลายเส้น 0.55 มม. 560*770 มม. มิซูยา,วัตถุดิบ สาทร,วัตถุดิบ สาทร,,,กก.
stock_reorder_rawmat_sep11_196,rawmat_PP-SB-0_55-560*770-MIZ,พลาสติก PP สีฟ้าลายเส้น 0.55 มม. 560*770 มม. มิซูยา,วัตถุดิบ สาทร,วัตถุดิบ สาทร,,,กก.
stock_reorder_rawmat_sep11_197,rawmat_HOLO-KP42-15_5*2000,โฮโลแกรม ลายจุด 15.5 นิ้ว 390*2000 เมตร,วัตถุดิบ สาทร,วัตถุดิบ สาทร,,,ม้วน
stock_reorder_rawmat_sep11_198,rawmat_HOLO-KP42-25*2000,โฮโลแกรม ลายจุด 25 นิ้ว 630*2000 เมตร,วัตถุดิบ สาทร,วัตถุดิบ สาทร,,,ม้วน
stock_reorder_rawmat_sep11_199,rawmat_HOLO-KP07-25*2130,โฮโลแกรม ลายเส้น 25 นิ้ว 635*2130 เมตร,วัตถุดิบ สาทร,วัตถุดิบ สาทร,,,ม้วน
stock_reorder_rawmat_sep11_200,rawmat_HOLO-KP42-31*2000,โฮโลแกรม ลายจุด 31 นิ้ว 785*2000 เมตร,วัตถุดิบ สาทร,วัตถุดิบ สาทร,,,ม้วน
stock_reorder_rawmat_sep11_201,rawmat_EP-120-34*41-ครีม,กระดาษอัดลาย 120แกรม 34*41 นิ้ว  สีครีม สุขสวัสดิ์,วัตถุดิบ สาทร,วัตถุดิบ สาทร,,,รีม
stock_reorder_rawmat_sep11_202,rawmat_EP-120-34*41-ชมพู,กระดาษอัดลาย 120แกรม 34*41 นิ้ว  สีชมพู สุขสวัสดิ์,วัตถุดิบ สาทร,วัตถุดิบ สาทร,,,รีม
stock_reorder_rawmat_sep11_203,rawmat_EP-120-34*41-เทา,กระดาษอัดลาย 120แกรม 34*41 นิ้ว  สีเทา สุขสวัสดิ์,วัตถุดิบ สาทร,วัตถุดิบ สาทร,,,รีม
stock_reorder_rawmat_sep11_204,rawmat_GAC-135-27_5*39-ขาวมุก-HK,กล่องแก้ว/ขาวมุก 135แกรม 27.5*39 นิ้ว ฮั่วกี่เปเปอร์,วัตถุดิบ สาทร,วัตถุดิบ สาทร,,,รีม
stock_reorder_rawmat_sep11_205,rawmat_GAC-250-17_7*25_1-เทาอ่อน-HK,กล่องแก้ว/เทาอ่อน 250แกรม 17.7*25.1 นิ้ว ฮั่วกี่เปเปอร์,วัตถุดิบ สาทร,วัตถุดิบ สาทร,,,รีม
stock_reorder_rawmat_sep11_206,rawmat_GAC-250-19_6*27_5-เทา-HK,กล่องแก้ว/เทา 250แกรม 19.6*27.5 นิ้ว ฮั่วกี่เปเปอร์,วัตถุดิบ สาทร,วัตถุดิบ สาทร,,,รีม
stock_reorder_rawmat_sep11_207,rawmat_GAC-250-24_8*34_64-ขาว2หน้า-HK,กล่องแก้ว/ขาว2หน้า 250แกรม 24.8*34.64 นิ้ว ฮั่วกี่เปเปอร์,วัตถุดิบ สาทร,วัตถุดิบ สาทร,,,รีม
stock_reorder_rawmat_sep11_208,rawmat_GAC-250-27_5*39-น้ำเงินเข้ม-HK,กล่องแก้ว/น้ำเงินเข้ม 250แกรม 27.5*39.3 นิ้ว ฮั่วกี่เปเปอร์,วัตถุดิบ สาทร,วัตถุดิบ สาทร,,,รีม
stock_reorder_rawmat_sep11_209,rawmat_GAC-250-27_5*39-ขาว2หน้า-HK,กล่องแก้ว/ขาว2หน้า 250แกรม 27.5*39.3 นิ้ว ฮั่วกี่เปเปอร์,วัตถุดิบ สาทร,วัตถุดิบ สาทร,,,รีม
stock_reorder_rawmat_sep11_210,rawmat_GAC-250-27_5*39_3-น้ำตาลเข้ม-HK,กล่องแก้ว/น้ำตาลเข้ม 250แกรม 27.5*39.3 นิ้ว ฮั่วกี่เปเปอร์,วัตถุดิบ สาทร,วัตถุดิบ สาทร,,,รีม
stock_reorder_rawmat_sep11_211,rawmat_GAC-250-34_6*24_8-เทาเข้ม-HK,กล่องแก้ว/เทาเข้ม 250แกรม 34.6*24.8 นิ้ว ฮั่วกี่เปเปอร์,วัตถุดิบ สาทร,วัตถุดิบ สาทร,,,รีม
stock_reorder_rawmat_sep11_212,rawmat_GAC-300-23_4*39_3-ขาวมุก-HK,กล่องแก้ว/ขาวมุก 300แกรม 23.4*39.3 นิ้ว ฮั่วกี่เปเปอร์,วัตถุดิบ สาทร,วัตถุดิบ สาทร,,,รีม
stock_reorder_rawmat_sep11_213,rawmat_GAC-300-29_5*44_8-ขาวมุก-HK,กล่องแก้ว/ขาวมุก 300แกรม 29.5*44.8 นิ้ว ฮั่วกี่เปเปอร์,วัตถุดิบ สาทร,วัตถุดิบ สาทร,,,รีม
stock_reorder_rawmat_sep11_214,rawmat_DW-NO_8-ดำ-C_A_S_,ห่วงกระดูกงู สีดำ เบอร์8 (1/2) C.A.S.,วัตถุดิบ สาทร,วัตถุดิบ สาทร,,,กล่อง
stock_reorder_rawmat_sep11_215,rawmat_DW-NO_8-ขาว-C_A_S_,ห่วงกระดูกงู สีขาว เบอร์8 (1/2) C.A.S.,วัตถุดิบ สาทร,วัตถุดิบ สาทร,,,กล่อง
stock_reorder_rawmat_sep11_216,rawmat_DW-NO_12-ดำ-C_A_S_,ห่วงกระดูกงู สีดำ เบอร์12 (3/4) C.A.S.,วัตถุดิบ สาทร,วัตถุดิบ สาทร,,,กล่อง
stock_reorder_rawmat_sep11_217,rawmat_DW-NO_12-ขาว-C_A_S_,ห่วงกระดูกงู สีขาว เบอร์12 (3/4) C.A.S.,วัตถุดิบ สาทร,วัตถุดิบ สาทร,,,กล่อง
stock_reorder_rawmat_sep11_218,rawmat_DW-NO_6-ขาว-SX,ห่วงกระดูกงู สีขาว เบอร์6 (3/8) ซันซิน,วัตถุดิบ สาทร,วัตถุดิบ สาทร,,,กล่อง
stock_reorder_rawmat_sep11_219,rawmat_DW-NO_6-ดำ-SX,ห่วงกระดูกงู สีดำ เบอร์6 (3/8) ซันซิน,วัตถุดิบ สาทร,วัตถุดิบ สาทร,,,กล่อง
stock_reorder_rawmat_sep11_220,rawmat_DW-NO_6-ดำ-C_A_S_,ห่วงกระดูกงู สีดำ เบอร์6 (3/8) C.A.S.,วัตถุดิบ สาทร,วัตถุดิบ สาทร,,,กล่อง
stock_reorder_rawmat_sep11_221,rawmat_DW-NO_6-ขาว-C_A_S_,ห่วงกระดูกงู สีขาว เบอร์6 (3/8) C.A.S.,วัตถุดิบ สาทร,วัตถุดิบ สาทร,,,กล่อง
stock_reorder_rawmat_sep11_222,rawmat_DW-NO_10-เงิน-C_A_S_,ห่วงกระดูกงู สีเงิน เบอร์10 (5/8) C.A.S.,วัตถุดิบ สาทร,วัตถุดิบ สาทร,,,กล่อง
stock_reorder_rawmat_sep11_223,rawmat_DW-NO_10-ดำ-C_A_S_,ห่วงกระดูกงู สีดำ เบอร์10 (5/8) C.A.S.,วัตถุดิบ สาทร,วัตถุดิบ สาทร,,,กล่อง
stock_reorder_rawmat_sep11_224,rawmat_DW-NO_10-ขาว-C_A_S_,ห่วงกระดูกงู สีขาว เบอร์10 (5/8) C.A.S.,วัตถุดิบ สาทร,วัตถุดิบ สาทร,,,กล่อง
stock_reorder_rawmat_sep11_225,rawmat_DW-NO_5-ขาว-_C_A_S_,ห่วงกระดูกงู สีขาว เบอร์5 (5/16) C.A.S.,วัตถุดิบ สาทร,วัตถุดิบ สาทร,,,กล่อง
stock_reorder_rawmat_sep11_226,rawmat_DW-NO_5-ขาว-SX,ห่วงกระดูกงู สีขาว เบอร์5 (5/16) ซันซิน,วัตถุดิบ สาทร,วัตถุดิบ สาทร,,,กล่อง
stock_reorder_rawmat_sep11_227,rawmat_DW-NO_1-ขาว-C_A_S_,ห่วงกระดูกงู สีขาว เบอร์1 (7/8) C.A.S.,วัตถุดิบ สาทร,วัตถุดิบ สาทร,,,กล่อง
stock_reorder_rawmat_sep11_228,rawmat_DW-NO_1-ดำ-C_A_S_,ห่วงกระดูกงู สีดำ เบอร์1 (7/8) C.A.S.,วัตถุดิบ สาทร,วัตถุดิบ สาทร,,,กล่อง
stock_reorder_rawmat_sep11_229,rawmat_DW-NO_7-เงิน-C_A_S_,ห่วงกระดูกงู สีเงิน เบอร์7 (7/16) C.A.S.,วัตถุดิบ สาทร,วัตถุดิบ สาทร,,,กล่อง
stock_reorder_rawmat_sep11_230,rawmat_DW-NO_7-ขาวC_A_S_,ห่วงกระดูกงู สีขาว เบอร์7 (7/16) C.A.S.,วัตถุดิบ สาทร,วัตถุดิบ สาทร,,,กล่อง
stock_reorder_rawmat_sep11_231,rawmat_DW-NO_7-น้ำเงินC_A_S_,ห่วงกระดูกงู สีน้ำเงิน เบอร์7 (7/16) C.A.S.,วัตถุดิบ สาทร,วัตถุดิบ สาทร,,,กล่อง
stock_reorder_rawmat_sep11_232,rawmat_DW-NO_7-ขาว-SX,ห่วงกระดูกงู สีขาว เบอร์7 (7/16) ซันซิน,วัตถุดิบ สาทร,วัตถุดิบ สาทร,,,กล่อง
stock_reorder_rawmat_sep11_233,rawmat_DW-NO_7-ดำ-SX,ห่วงกระดูกงู สีดำ เบอร์7 (7/16) ซันซิน,วัตถุดิบ สาทร,วัตถุดิบ สาทร,,,กล่อง
stock_reorder_rawmat_sep11_234,rawmat_DW-NO_9-ดำ-C_A_S_,ห่วงกระดูกงู สีดำ เบอร์9 (9/16) C.A.S.,วัตถุดิบ สาทร,วัตถุดิบ สาทร,,,กล่อง
stock_reorder_rawmat_sep11_235,rawmat_DW-NO_9-ขาว-C_A_S_,ห่วงกระดูกงู สีขาว เบอร์9 (9/16) C.A.S.,วัตถุดิบ สาทร,วัตถุดิบ สาทร,,,กล่อง
stock_reorder_rawmat_sep11_236,rawmat_DW-NO_9-ขาว-SX,ห่วงกระดูกงู สีขาว เบอร์9 (9/16) ซันซิน,วัตถุดิบ สาทร,วัตถุดิบ สาทร,,,กล่อง
stock_reorder_rawmat_sep11_237,rawmat_DW-NO_9-เงินเงา-C_A_S_,ห่วงกระดูกงู สีเงินเงา เบอร์9 (9/16) C.A.S.,วัตถุดิบ สาทร,วัตถุดิบ สาทร,,,กล่อง
stock_reorder_rawmat_sep11_238,rawmat_DW-NO_9-ดำ-SX,ห่วงกระดูกงู สีดำ เบอร์9 (9/16) ซันซิน,วัตถุดิบ สาทร,วัตถุดิบ สาทร,,,กล่อง
stock_reorder_rawmat_sep11_239,rawmat_DW-NO_14-ดำ-C_A_S_,ห่วงกระดูกงู สีดำ เบอร์14 (7/8) C.A.S.,วัตถุดิบ สาทร,วัตถุดิบ สาทร,,,กล่อง
stock_reorder_rawmat_sep11_240,rawmat_I-ดำเงา-TRS,หมึกชุด สีดำเงา-A ตั้งรังสรรค์,วัตถุดิบ สาทร,วัตถุดิบ สาทร,,,กระป๋อง
stock_reorder_rawmat_sep11_241,rawmat_I-ฟ้าเงา-TRS,หมึกชุด สีฟ้าเงา-A ตั้งรังสรรค์,วัตถุดิบ สาทร,วัตถุดิบ สาทร,,,กระป๋อง
stock_reorder_rawmat_sep11_242,rawmat_I-เหลืองเงา-TRS,หมึกชุด สีเหลืองเงา-A ตั้งรังสรรค์,วัตถุดิบ สาทร,วัตถุดิบ สาทร,,,กระป๋อง
stock_reorder_rawmat_sep11_243,rawmat_I-ดำเงา-PANO,หมึกชุด สีดำเงา-A พาโนรามา,วัตถุดิบ สาทร,วัตถุดิบ สาทร,,,กระป๋อง
stock_reorder_rawmat_sep11_244,rawmat_I-แดง-TOYO,หมึกชุด สีแดง โดโยอิงค์,วัตถุดิบ สาทร,วัตถุดิบ สาทร,,,กระป๋อง
stock_reorder_rawmat_sep11_245,rawmat_I-ฟ้า-TOYO,หมึกชุด สีฟ้า โตโยอิงค์,วัตถุดิบ สาทร,วัตถุดิบ สาทร,,,กระป๋อง
stock_reorder_rawmat_sep11_246,rawmat_I-ดำ-TOYO,หมึกชุด สีดำ โตโยอิงค์,วัตถุดิบ สาทร,วัตถุดิบ สาทร,,,กระป๋อง
stock_reorder_rawmat_sep11_247,rawmat_I-ขาวเงา-SCREEN,หมึกชุด สีขาวเงา สกรีนซัพพลาย,วัตถุดิบ สาทร,วัตถุดิบ สาทร,,,กระป๋อง
stock_reorder_rawmat_sep11_248,rawmat_I-น้ำเงิน-SCREEN,หมึกชุด สีน้ำเงิน สกรีนซัพพลาย,วัตถุดิบ สาทร,วัตถุดิบ สาทร,,,กระป๋อง
stock_reorder_rawmat_sep11_249,rawmat_I-เขียว-SCREEN,หมึกชุด สีเขียว สกรีนซัพพลาย,วัตถุดิบ สาทร,วัตถุดิบ สาทร,,,กระป๋อง
stock_reorder_rawmat_sep11_250,rawmat_I-แดงทอง-SCREEN,หมึกชุด สีแดงทอง สกรีนซัพพลาย,วัตถุดิบ สาทร,วัตถุดิบ สาทร,,,กระป๋อง
stock_reorder_rawmat_sep11_251,rawmat_I-มีเดียม-SCREEN,มีเดียม สกรีนซัพพลาย,วัตถุดิบ สาทร,วัตถุดิบ สาทร,,,กระป๋อง
stock_reorder_rawmat_sep11_252,rawmat_น้ำมันผสมหมึก สกรีนซัพพลาย,น้ำมันผสมหมึก สกรีนซัพพลาย,วัตถุดิบ สาทร,วัตถุดิบ สาทร,,,กระป๋อง
stock_reorder_rawmat_sep11_253,rawmat_น้ำยาฟาวแท่น สกรีนซัพพลาย,น้ำยาฟาวแท่น สกรีนซัพพลาย,วัตถุดิบ สาทร,วัตถุดิบ สาทร,,,กระป๋อง
stock_reorder_rawmat_sep11_254,rawmat_น้ำยาล้างเพลท สกรีนซัพพลาย,น้ำยาล้างเพลท สกรีนซัพพลาย,วัตถุดิบ สาทร,วัตถุดิบ สาทร,,,กระป๋อง
stock_reorder_rawmat_sep11_255,rawmat_น้ำยาเช็ดเพลท สกรีนซัพพลาย,น้ำยาเช็ดเพลท สกรีนซัพพลาย,วัตถุดิบ สาทร,วัตถุดิบ สาทร,,,กระป๋อง
stock_reorder_rawmat_sep11_256,rawmat_น้ำยาเช็ดผ้ายาง สกรีนซัพพลาย,น้ำยาเช็ดผ้ายาง สกรีนซัพพลาย,วัตถุดิบ สาทร,วัตถุดิบ สาทร,,,กระป๋อง
stock_reorder_rawmat_sep11_257,rawmat_น้ำยาไดเออร์,น้ำยาไดเออร์,วัตถุดิบ สาทร,วัตถุดิบ สาทร,,,ขวด
stock_reorder_rawmat_sep11_258,rawmat_วิคตอเรีย,วิคตอเรีย,วัตถุดิบ สาทร,วัตถุดิบ สาทร,,,ขวด
stock_reorder_rawmat_sep11_259,rawmat_แป้งพ่น,แป้งพ่น,วัตถุดิบ สาทร,วัตถุดิบ สาทร,,,ถุง
stock_reorder_rawmat_sep11_260,rawmat_น้ำยาล้างคอนแทค,น้ำยาล้างคอนแทค,วัตถุดิบ สาทร,วัตถุดิบ สาทร,,,กระป๋อง
stock_reorder_rawmat_sep11_261,rawmat_สเปรย์ชิลิโคน,สเปรย์ชิลิโคน,วัตถุดิบ สาทร,วัตถุดิบ สาทร,,,กระป๋อง
stock_reorder_rawmat_sep11_262,rawmat_ผ้ายาง 41*35,ผ้ายาง 41*35,วัตถุดิบ สาทร,วัตถุดิบ สาทร,,,อัน
stock_reorder_rawmat_sep11_263,rawmat_ผ้ายาง 37_1*33_1,ผ้ายาง 37.1*33.1,วัตถุดิบ สาทร,วัตถุดิบ สาทร,,,อัน
stock_reorder_rawmat_sep11_264,rawmat_เขียงรองตัด 47*18 55/ก_ก_ คาซุดะ,เขียงรองตัด 47*18 55/ก.ก. คาซุดะ,วัตถุดิบ สาทร,วัตถุดิบ สาทร,,,อัน
stock_reorder_rawmat_sep11_265,rawmat_เขียงรองตัด 115 36/ก_ก_ โพลา,เขียงรองตัด 115 36/ก.ก. โพลา,วัตถุดิบ สาทร,วัตถุดิบ สาทร,,,อัน
stock_reorder_rawmat_sep11_266,rawmat_เขียงรองตัด 46*18 120/อัน โคมิตา,เขียงรองตัด 46*18 120/อัน โคมิตา,วัตถุดิบ สาทร,วัตถุดิบ สาทร,,,อัน
stock_reorder_rawmat_sep11_267,rawmat_กาวลาเท็กซ์   610 150/ก_ป_,กาวลาเท็กซ์   610 150/ก.ป.,วัตถุดิบ สาทร,วัตถุดิบ สาทร,,,ถัง
stock_reorder_rawmat_sep11_268,rawmat_กาวลาเท็กซ์ 620 100/ก_ก_,กาวลาเท็กซ์ 620 100/ก.ก.,วัตถุดิบ สาทร,วัตถุดิบ สาทร,,,ถัง
stock_reorder_rawmat_sep11_269,rawmat_กาวลาเท็กซ์   พี 100,กาวลาเท็กซ์   พี 100,วัตถุดิบ สาทร,วัตถุดิบ สาทร,,,ถัง
stock_reorder_rawmat_sep11_270,rawmat_คอมเปาว์(2ปอนด์),คอมเปาว์(2ปอนด์),วัตถุดิบ สาทร,วัตถุดิบ สาทร,,,ถัง
stock_reorder_rawmat_sep11_271,rawmat_CWF-180-31*43-ขาวเยอรมัน,การ์ดขาวเยอรมัน 180แกรม 31*43 นิ้ว,วัตถุดิบ สาทร,วัตถุดิบ สาทร,,,รีม
stock_reorder_rawmat_sep11_272,rawmat_CWF-230-24*35-ขาวเยอรมัน ,การ์ดขาวเยอรมัน 230แกรม 24*35 นิ้ว,วัตถุดิบ สาทร,วัตถุดิบ สาทร,,,รีม
stock_reorder_rawmat_sep11_273,rawmat_GWB-250-31*43-อิตาลี,กล่องแป้งอิตาลีหลังเทา 250แกรม 31*43,วัตถุดิบ สาทร,วัตถุดิบ สาทร,,,รีม
stock_reorder_rawmat_sep11_274,rawmat_GAP-128-31*43-Japan sinardg,อาร์ตมัน 128แกรม 31*43 นิ้ว Japan sinardg,วัตถุดิบ สาทร,วัตถุดิบ สาทร,,,รีม
stock_reorder_rawmat_sep11_275,rawmat_FPP-120-25*36,ฟลอยเงิน 120แกรม 25*36นิ้ว,วัตถุดิบ สาทร,วัตถุดิบ สาทร,,,รีม
